NA|PP755583.1|A/cattle/Texas/24-008749-002/2024(H5N1)	1	2195
NA|PP755583.1|A/cattle/Texas/24-008749-002/2024(H5N1)	2	2196
NA|PP755583.1|A/cattle/Texas/24-008749-002/2024(H5N1)	3	2202
NA|PP755583.1|A/cattle/Texas/24-008749-002/2024(H5N1)	4	2205
NA|PP755583.1|A/cattle/Texas/24-008749-002/2024(H5N1)	5	2243
NA|PP755583.1|A/cattle/Texas/24-008749-002/2024(H5N1)	6	2246
NA|PP755583.1|A/cattle/Texas/24-008749-002/2024(H5N1)	7	2257
NA|PP755583.1|A/cattle/Texas/24-008749-002/2024(H5N1)	8	2259
NA|PP755583.1|A/cattle/Texas/24-008749-002/2024(H5N1)	9	2261
NA|PP755583.1|A/cattle/Texas/24-008749-002/2024(H5N1)	10	2313
NA|PP755583.1|A/cattle/Texas/24-008749-002/2024(H5N1)	11	2318
NA|PP755583.1|A/cattle/Texas/24-008749-002/2024(H5N1)	12	2323
NA|PP755583.1|A/cattle/Texas/24-008749-002/2024(H5N1)	13	2325
NA|PP755583.1|A/cattle/Texas/24-008749-002/2024(H5N1)	14	2345
NA|PP755583.1|A/cattle/Texas/24-008749-002/2024(H5N1)	15	2388
NA|PP755583.1|A/cattle/Texas/24-008749-002/2024(H5N1)	16	2401
NA|PP755583.1|A/cattle/Texas/24-008749-002/2024(H5N1)	17	2414
NA|PP755583.1|A/cattle/Texas/24-008749-002/2024(H5N1)	18	2551
NA|PP755583.1|A/cattle/Texas/24-008749-002/2024(H5N1)	19	2620
NA|PP755583.1|A/cattle/Texas/24-008749-002/2024(H5N1)	20	2623
NA|PP755583.1|A/cattle/Texas/24-008749-002/2024(H5N1)	21	2644
NA|PP755583.1|A/cattle/Texas/24-008749-002/2024(H5N1)	22	2652
NA|PP755583.1|A/cattle/Texas/24-008749-002/2024(H5N1)	23	2701
NA|PP755583.1|A/cattle/Texas/24-008749-002/2024(H5N1)	24	2707
NA|PP755583.1|A/cattle/Texas/24-008749-002/2024(H5N1)	25	2725
NA|PP755583.1|A/cattle/Texas/24-008749-002/2024(H5N1)	26	2991
NA|PP755583.1|A/cattle/Texas/24-008749-002/2024(H5N1)	27	3003
NA|PP755583.1|A/cattle/Texas/24-008749-002/2024(H5N1)	28	3003
NA|PP755583.1|A/cattle/Texas/24-008749-002/2024(H5N1)	29	3069
NA|PP755583.1|A/cattle/Texas/24-008749-002/2024(H5N1)	30	3090
NA|PP755583.1|A/cattle/Texas/24-008749-002/2024(H5N1)	31	3261
NA|PP755583.1|A/cattle/Texas/24-008749-002/2024(H5N1)	32	3264
NA|PP755583.1|A/cattle/Texas/24-008749-002/2024(H5N1)	33	3269
NA|PP755583.1|A/cattle/Texas/24-008749-002/2024(H5N1)	34	3280
NA|PP755583.1|A/cattle/Texas/24-008749-002/2024(H5N1)	35	3313
NA|PP755583.1|A/cattle/Texas/24-008749-002/2024(H5N1)	36	3391
NA|PP755583.1|A/cattle/Texas/24-008749-002/2024(H5N1)	37	3415
NA|PP755583.1|A/cattle/Texas/24-008749-002/2024(H5N1)	38	3444
NA|PP755583.1|A/cattle/Texas/24-008749-002/2024(H5N1)	39	3531
NA|PP755583.1|A/cattle/Texas/24-008749-002/2024(H5N1)	40	3587
NA|PP755583.1|A/cattle/Texas/24-008749-002/2024(H5N1)	41	3913
NA|PP755583.1|A/cattle/Texas/24-008749-002/2024(H5N1)	42	3914
NA|PP755583.1|A/cattle/Texas/24-008749-002/2024(H5N1)	43	3919
NA|PP755583.1|A/cattle/Texas/24-008749-002/2024(H5N1)	44	3950
NA|PP755583.1|A/cattle/Texas/24-008749-002/2024(H5N1)	45	3953
NA|PP755583.1|A/cattle/Texas/24-008749-002/2024(H5N1)	46	4108
NA|PP755583.1|A/cattle/Texas/24-008749-002/2024(H5N1)	47	4109
NA|PP755583.1|A/cattle/Texas/24-008749-002/2024(H5N1)	48	4165
NA|PP755583.1|A/cattle/Texas/24-008749-002/2024(H5N1)	49	4165
NA|PP755583.1|A/cattle/Texas/24-008749-002/2024(H5N1)	50	4206
NA|PP755583.1|A/cattle/Texas/24-008749-002/2024(H5N1)	51	4215
NA|PP755583.1|A/cattle/Texas/24-008749-002/2024(H5N1)	52	4346
NA|PP755583.1|A/cattle/Texas/24-008749-002/2024(H5N1)	53	4353
NA|PP755583.1|A/cattle/Texas/24-008749-002/2024(H5N1)	54	4355
NA|PP755583.1|A/cattle/Texas/24-008749-002/2024(H5N1)	55	4388
NA|PP755583.1|A/cattle/Texas/24-008749-002/2024(H5N1)	56	4406
NA|PP755583.1|A/cattle/Texas/24-008749-002/2024(H5N1)	57	4481
NA|PP755583.1|A/cattle/Texas/24-008749-002/2024(H5N1)	58	4494
NA|PP755583.1|A/cattle/Texas/24-008749-002/2024(H5N1)	59	4512
NA|PP755583.1|A/cattle/Texas/24-008749-002/2024(H5N1)	60	4525
NA|PP755583.1|A/cattle/Texas/24-008749-002/2024(H5N1)	61	4514
NA|PP755583.1|A/cattle/Texas/24-008749-002/2024(H5N1)	62	4667
NA|PP755583.1|A/cattle/Texas/24-008749-002/2024(H5N1)	63	4743
NA|PP755583.1|A/cattle/Texas/24-008749-002/2024(H5N1)	64	4743
NA|PP755583.1|A/cattle/Texas/24-008749-002/2024(H5N1)	65	4769
NA|PP755583.1|A/cattle/Texas/24-008749-002/2024(H5N1)	66	4751
NA|PP755583.1|A/cattle/Texas/24-008749-002/2024(H5N1)	67	4772
NA|PP755583.1|A/cattle/Texas/24-008749-002/2024(H5N1)	68	4774
NA|PP755583.1|A/cattle/Texas/24-008749-002/2024(H5N1)	69	4785
NA|PP755583.1|A/cattle/Texas/24-008749-002/2024(H5N1)	70	4830
NA|PP755583.1|A/cattle/Texas/24-008749-002/2024(H5N1)	71	4814
NA|PP755583.1|A/cattle/Texas/24-008749-002/2024(H5N1)	72	4823
NA|PP755583.1|A/cattle/Texas/24-008749-002/2024(H5N1)	73	4837
NA|PP755583.1|A/cattle/Texas/24-008749-002/2024(H5N1)	74	4838
NA|PP755583.1|A/cattle/Texas/24-008749-002/2024(H5N1)	75	4839
NA|PP755583.1|A/cattle/Texas/24-008749-002/2024(H5N1)	76	4847
NA|PP755583.1|A/cattle/Texas/24-008749-002/2024(H5N1)	77	4854
NA|PP755583.1|A/cattle/Texas/24-008749-002/2024(H5N1)	78	4856
NA|PP755583.1|A/cattle/Texas/24-008749-002/2024(H5N1)	79	4860
NA|PP755583.1|A/cattle/Texas/24-008749-002/2024(H5N1)	80	4867
NA|PP755583.1|A/cattle/Texas/24-008749-002/2024(H5N1)	81	4874
NA|PP755583.1|A/cattle/Texas/24-008749-002/2024(H5N1)	82	4880
NA|PP755583.1|A/cattle/Texas/24-008749-002/2024(H5N1)	83	4888
NA|PP755583.1|A/cattle/Texas/24-008749-002/2024(H5N1)	84	4949
NA|PP755583.1|A/cattle/Texas/24-008749-002/2024(H5N1)	85	4945
NA|PP755583.1|A/cattle/Texas/24-008749-002/2024(H5N1)	86	4947
NA|PP755583.1|A/cattle/Texas/24-008749-002/2024(H5N1)	87	4989
NA|PP755583.1|A/cattle/Texas/24-008749-002/2024(H5N1)	88	5021
NA|PP755583.1|A/cattle/Texas/24-008749-002/2024(H5N1)	89	5063
NA|PP755583.1|A/cattle/Texas/24-008749-002/2024(H5N1)	90	5070
NA|PP755583.1|A/cattle/Texas/24-008749-002/2024(H5N1)	91	5070
NA|PP755583.1|A/cattle/Texas/24-008749-002/2024(H5N1)	92	5485
NA|PP755583.1|A/cattle/Texas/24-008749-002/2024(H5N1)	93	5469
NA|PP755583.1|A/cattle/Texas/24-008749-002/2024(H5N1)	94	5574
NA|PP755583.1|A/cattle/Texas/24-008749-002/2024(H5N1)	95	5576
NA|PP755583.1|A/cattle/Texas/24-008749-002/2024(H5N1)	96	5578
NA|PP755583.1|A/cattle/Texas/24-008749-002/2024(H5N1)	97	5572
NA|PP755583.1|A/cattle/Texas/24-008749-002/2024(H5N1)	98	5772
NA|PP755583.1|A/cattle/Texas/24-008749-002/2024(H5N1)	99	5798
NA|PP755583.1|A/cattle/Texas/24-008749-002/2024(H5N1)	100	5798
NA|PP755583.1|A/cattle/Texas/24-008749-002/2024(H5N1)	101	5743
NA|PP755583.1|A/cattle/Texas/24-008749-002/2024(H5N1)	102	5750
NA|PP755583.1|A/cattle/Texas/24-008749-002/2024(H5N1)	103	5743
NA|PP755583.1|A/cattle/Texas/24-008749-002/2024(H5N1)	104	5751
NA|PP755583.1|A/cattle/Texas/24-008749-002/2024(H5N1)	105	5770
NA|PP755583.1|A/cattle/Texas/24-008749-002/2024(H5N1)	106	5773
NA|PP755583.1|A/cattle/Texas/24-008749-002/2024(H5N1)	107	5724
NA|PP755583.1|A/cattle/Texas/24-008749-002/2024(H5N1)	108	5734
NA|PP755583.1|A/cattle/Texas/24-008749-002/2024(H5N1)	109	5765
NA|PP755583.1|A/cattle/Texas/24-008749-002/2024(H5N1)	110	5768
NA|PP755583.1|A/cattle/Texas/24-008749-002/2024(H5N1)	111	5799
NA|PP755583.1|A/cattle/Texas/24-008749-002/2024(H5N1)	112	5830
NA|PP755583.1|A/cattle/Texas/24-008749-002/2024(H5N1)	113	5826
NA|PP755583.1|A/cattle/Texas/24-008749-002/2024(H5N1)	114	5828
NA|PP755583.1|A/cattle/Texas/24-008749-002/2024(H5N1)	115	5829
NA|PP755583.1|A/cattle/Texas/24-008749-002/2024(H5N1)	116	5828
NA|PP755583.1|A/cattle/Texas/24-008749-002/2024(H5N1)	117	5827
NA|PP755583.1|A/cattle/Texas/24-008749-002/2024(H5N1)	118	5832
NA|PP755583.1|A/cattle/Texas/24-008749-002/2024(H5N1)	119	5857
NA|PP755583.1|A/cattle/Texas/24-008749-002/2024(H5N1)	120	5849
NA|PP755583.1|A/cattle/Texas/24-008749-002/2024(H5N1)	121	5863
NA|PP755583.1|A/cattle/Texas/24-008749-002/2024(H5N1)	122	5991
NA|PP755583.1|A/cattle/Texas/24-008749-002/2024(H5N1)	123	6001
NA|PP755583.1|A/cattle/Texas/24-008749-002/2024(H5N1)	124	6016
NA|PP755583.1|A/cattle/Texas/24-008749-002/2024(H5N1)	125	6176
NA|PP755583.1|A/cattle/Texas/24-008749-002/2024(H5N1)	126	6181
NA|PP755583.1|A/cattle/Texas/24-008749-002/2024(H5N1)	127	6189
NA|PP755583.1|A/cattle/Texas/24-008749-002/2024(H5N1)	128	6209
NA|PP755583.1|A/cattle/Texas/24-008749-002/2024(H5N1)	129	6340
NA|PP755583.1|A/cattle/Texas/24-008749-002/2024(H5N1)	130	6323
NA|PP755583.1|A/cattle/Texas/24-008749-002/2024(H5N1)	131	5571
NA|PP755583.1|A/cattle/Texas/24-008749-002/2024(H5N1)	132	5191
NA|PP755583.1|A/cattle/Texas/24-008749-002/2024(H5N1)	133	5175
NA|PP755583.1|A/cattle/Texas/24-008749-002/2024(H5N1)	134	5889
NA|PP755583.1|A/cattle/Texas/24-008749-002/2024(H5N1)	135	5975
NA|PP755583.1|A/cattle/Texas/24-008749-002/2024(H5N1)	136	6035
NA|PP755583.1|A/cattle/Texas/24-008749-002/2024(H5N1)	137	6017
NA|PP755583.1|A/cattle/Texas/24-008749-002/2024(H5N1)	138	6321
NA|PP755583.1|A/cattle/Texas/24-008749-002/2024(H5N1)	139	6381
NA|PP755583.1|A/cattle/Texas/24-008749-002/2024(H5N1)	140	6382
NA|PP755583.1|A/cattle/Texas/24-008749-002/2024(H5N1)	141	6385
NA|PP755583.1|A/cattle/Texas/24-008749-002/2024(H5N1)	142	6418
NA|PP755583.1|A/cattle/Texas/24-008749-002/2024(H5N1)	143	6133
NA|PP755583.1|A/cattle/Texas/24-008749-002/2024(H5N1)	144	6108
NA|PP755583.1|A/cattle/Texas/24-008749-002/2024(H5N1)	145	5969
NA|PP755583.1|A/cattle/Texas/24-008749-002/2024(H5N1)	146	5966
NA|PP755583.1|A/cattle/Texas/24-008749-002/2024(H5N1)	147	5977
NA|PP755583.1|A/cattle/Texas/24-008749-002/2024(H5N1)	148	6062
NA|PP755583.1|A/cattle/Texas/24-008749-002/2024(H5N1)	149	6106
NA|PP755583.1|A/cattle/Texas/24-008749-002/2024(H5N1)	150	6315
NA|PP755583.1|A/cattle/Texas/24-008749-002/2024(H5N1)	151	6294
NA|PP755583.1|A/cattle/Texas/24-008749-002/2024(H5N1)	152	6296
NA|PP755583.1|A/cattle/Texas/24-008749-002/2024(H5N1)	153	6554
NA|PP755583.1|A/cattle/Texas/24-008749-002/2024(H5N1)	154	6550
NA|PP755583.1|A/cattle/Texas/24-008749-002/2024(H5N1)	155	6565
NA|PP755583.1|A/cattle/Texas/24-008749-002/2024(H5N1)	156	6617
NA|PP755583.1|A/cattle/Texas/24-008749-002/2024(H5N1)	157	6689
NA|PP755583.1|A/cattle/Texas/24-008749-002/2024(H5N1)	158	6790
NA|PP755583.1|A/cattle/Texas/24-008749-002/2024(H5N1)	159	6814
NA|PP755583.1|A/cattle/Texas/24-008749-002/2024(H5N1)	160	6825
NA|PP755583.1|A/cattle/Texas/24-008749-002/2024(H5N1)	161	6839
NA|PP755583.1|A/cattle/Texas/24-008749-002/2024(H5N1)	162	6848
NA|PP755583.1|A/cattle/Texas/24-008749-002/2024(H5N1)	163	6896
NA|PP755583.1|A/cattle/Texas/24-008749-002/2024(H5N1)	164	7012
NA|PP755583.1|A/cattle/Texas/24-008749-002/2024(H5N1)	165	6973
NA|PP755583.1|A/cattle/Texas/24-008749-002/2024(H5N1)	166	6956
NA|PP755583.1|A/cattle/Texas/24-008749-002/2024(H5N1)	167	6948
NA|PP755583.1|A/cattle/Texas/24-008749-002/2024(H5N1)	168	6937
NA|PP755583.1|A/cattle/Texas/24-008749-002/2024(H5N1)	169	6850
NA|PP755583.1|A/cattle/Texas/24-008749-002/2024(H5N1)	170	6776
NA|PP755583.1|A/cattle/Texas/24-008749-002/2024(H5N1)	171	6970
NA|PP755583.1|A/cattle/Texas/24-008749-002/2024(H5N1)	172	7194
NA|PP755583.1|A/cattle/Texas/24-008749-002/2024(H5N1)	173	7187
NA|PP755583.1|A/cattle/Texas/24-008749-002/2024(H5N1)	174	7176
NA|PP755583.1|A/cattle/Texas/24-008749-002/2024(H5N1)	175	7167
NA|PP755583.1|A/cattle/Texas/24-008749-002/2024(H5N1)	176	7183
NA|PP755583.1|A/cattle/Texas/24-008749-002/2024(H5N1)	177	7043
NA|PP755583.1|A/cattle/Texas/24-008749-002/2024(H5N1)	178	7082
NA|PP755583.1|A/cattle/Texas/24-008749-002/2024(H5N1)	179	7104
NA|PP755583.1|A/cattle/Texas/24-008749-002/2024(H5N1)	180	6852
NA|PP755583.1|A/cattle/Texas/24-008749-002/2024(H5N1)	181	6824
NA|PP755583.1|A/cattle/Texas/24-008749-002/2024(H5N1)	182	6969
NA|PP755583.1|A/cattle/Texas/24-008749-002/2024(H5N1)	183	6968
NA|PP755583.1|A/cattle/Texas/24-008749-002/2024(H5N1)	184	6970
NA|PP755583.1|A/cattle/Texas/24-008749-002/2024(H5N1)	185	7218
NA|PP755583.1|A/cattle/Texas/24-008749-002/2024(H5N1)	186	7158
NA|PP755583.1|A/cattle/Texas/24-008749-002/2024(H5N1)	187	7219
NA|PP755583.1|A/cattle/Texas/24-008749-002/2024(H5N1)	188	7210
NA|PP755583.1|A/cattle/Texas/24-008749-002/2024(H5N1)	189	7187
NA|PP755583.1|A/cattle/Texas/24-008749-002/2024(H5N1)	190	7121
NA|PP755583.1|A/cattle/Texas/24-008749-002/2024(H5N1)	191	7049
NA|PP755583.1|A/cattle/Texas/24-008749-002/2024(H5N1)	192	6869
NA|PP755583.1|A/cattle/Texas/24-008749-002/2024(H5N1)	193	6969
NA|PP755583.1|A/cattle/Texas/24-008749-002/2024(H5N1)	194	6976
NA|PP755583.1|A/cattle/Texas/24-008749-002/2024(H5N1)	195	6980
NA|PP755583.1|A/cattle/Texas/24-008749-002/2024(H5N1)	196	6966
NA|PP755583.1|A/cattle/Texas/24-008749-002/2024(H5N1)	197	6920
NA|PP755583.1|A/cattle/Texas/24-008749-002/2024(H5N1)	198	6944
NA|PP755583.1|A/cattle/Texas/24-008749-002/2024(H5N1)	199	6924
NA|PP755583.1|A/cattle/Texas/24-008749-002/2024(H5N1)	200	6942
NA|PP755583.1|A/cattle/Texas/24-008749-002/2024(H5N1)	201	6884
NA|PP755583.1|A/cattle/Texas/24-008749-002/2024(H5N1)	202	6889
NA|PP755583.1|A/cattle/Texas/24-008749-002/2024(H5N1)	203	6873
NA|PP755583.1|A/cattle/Texas/24-008749-002/2024(H5N1)	204	6926
NA|PP755583.1|A/cattle/Texas/24-008749-002/2024(H5N1)	205	6905
NA|PP755583.1|A/cattle/Texas/24-008749-002/2024(H5N1)	206	6884
NA|PP755583.1|A/cattle/Texas/24-008749-002/2024(H5N1)	207	6826
NA|PP755583.1|A/cattle/Texas/24-008749-002/2024(H5N1)	208	6806
NA|PP755583.1|A/cattle/Texas/24-008749-002/2024(H5N1)	209	6802
NA|PP755583.1|A/cattle/Texas/24-008749-002/2024(H5N1)	210	6853
NA|PP755583.1|A/cattle/Texas/24-008749-002/2024(H5N1)	211	6808
NA|PP755583.1|A/cattle/Texas/24-008749-002/2024(H5N1)	212	6845
NA|PP755583.1|A/cattle/Texas/24-008749-002/2024(H5N1)	213	6718
NA|PP755583.1|A/cattle/Texas/24-008749-002/2024(H5N1)	214	6725
NA|PP755583.1|A/cattle/Texas/24-008749-002/2024(H5N1)	215	6730
NA|PP755583.1|A/cattle/Texas/24-008749-002/2024(H5N1)	216	6831
NA|PP755583.1|A/cattle/Texas/24-008749-002/2024(H5N1)	217	6833
NA|PP755583.1|A/cattle/Texas/24-008749-002/2024(H5N1)	218	6847
NA|PP755583.1|A/cattle/Texas/24-008749-002/2024(H5N1)	219	6868
NA|PP755583.1|A/cattle/Texas/24-008749-002/2024(H5N1)	220	6860
NA|PP755583.1|A/cattle/Texas/24-008749-002/2024(H5N1)	221	6834
NA|PP755583.1|A/cattle/Texas/24-008749-002/2024(H5N1)	222	6855
NA|PP755583.1|A/cattle/Texas/24-008749-002/2024(H5N1)	223	6857
NA|PP755583.1|A/cattle/Texas/24-008749-002/2024(H5N1)	224	6864
NA|PP755583.1|A/cattle/Texas/24-008749-002/2024(H5N1)	225	6865
NA|PP755583.1|A/cattle/Texas/24-008749-002/2024(H5N1)	226	6871
NA|PP755583.1|A/cattle/Texas/24-008749-002/2024(H5N1)	227	6868
NA|PP755583.1|A/cattle/Texas/24-008749-002/2024(H5N1)	228	6880
NA|PP755583.1|A/cattle/Texas/24-008749-002/2024(H5N1)	229	6961
NA|PP755583.1|A/cattle/Texas/24-008749-002/2024(H5N1)	230	6969
NA|PP755583.1|A/cattle/Texas/24-008749-002/2024(H5N1)	231	6969
NA|PP755583.1|A/cattle/Texas/24-008749-002/2024(H5N1)	232	6970
NA|PP755583.1|A/cattle/Texas/24-008749-002/2024(H5N1)	233	6968
NA|PP755583.1|A/cattle/Texas/24-008749-002/2024(H5N1)	234	7144
NA|PP755583.1|A/cattle/Texas/24-008749-002/2024(H5N1)	235	7182
NA|PP755583.1|A/cattle/Texas/24-008749-002/2024(H5N1)	236	7260
NA|PP755583.1|A/cattle/Texas/24-008749-002/2024(H5N1)	237	7288
NA|PP755583.1|A/cattle/Texas/24-008749-002/2024(H5N1)	238	7247
NA|PP755583.1|A/cattle/Texas/24-008749-002/2024(H5N1)	239	7223
NA|PP755583.1|A/cattle/Texas/24-008749-002/2024(H5N1)	240	7231
NA|PP755583.1|A/cattle/Texas/24-008749-002/2024(H5N1)	241	7224
NA|PP755583.1|A/cattle/Texas/24-008749-002/2024(H5N1)	242	7004
NA|PP755583.1|A/cattle/Texas/24-008749-002/2024(H5N1)	243	6822
NA|PP755583.1|A/cattle/Texas/24-008749-002/2024(H5N1)	244	6838
NA|PP755583.1|A/cattle/Texas/24-008749-002/2024(H5N1)	245	6721
NA|PP755583.1|A/cattle/Texas/24-008749-002/2024(H5N1)	246	6739
NA|PP755583.1|A/cattle/Texas/24-008749-002/2024(H5N1)	247	6736
NA|PP755583.1|A/cattle/Texas/24-008749-002/2024(H5N1)	248	6735
NA|PP755583.1|A/cattle/Texas/24-008749-002/2024(H5N1)	249	6563
NA|PP755583.1|A/cattle/Texas/24-008749-002/2024(H5N1)	250	6631
NA|PP755583.1|A/cattle/Texas/24-008749-002/2024(H5N1)	251	6670
NA|PP755583.1|A/cattle/Texas/24-008749-002/2024(H5N1)	252	6672
NA|PP755583.1|A/cattle/Texas/24-008749-002/2024(H5N1)	253	6675
NA|PP755583.1|A/cattle/Texas/24-008749-002/2024(H5N1)	254	6660
NA|PP755583.1|A/cattle/Texas/24-008749-002/2024(H5N1)	255	6635
NA|PP755583.1|A/cattle/Texas/24-008749-002/2024(H5N1)	256	6635
NA|PP755583.1|A/cattle/Texas/24-008749-002/2024(H5N1)	257	6639
NA|PP755583.1|A/cattle/Texas/24-008749-002/2024(H5N1)	258	6659
NA|PP755583.1|A/cattle/Texas/24-008749-002/2024(H5N1)	259	6649
NA|PP755583.1|A/cattle/Texas/24-008749-002/2024(H5N1)	260	6607
NA|PP755583.1|A/cattle/Texas/24-008749-002/2024(H5N1)	261	6713
NA|PP755583.1|A/cattle/Texas/24-008749-002/2024(H5N1)	262	6724
NA|PP755583.1|A/cattle/Texas/24-008749-002/2024(H5N1)	263	6863
NA|PP755583.1|A/cattle/Texas/24-008749-002/2024(H5N1)	264	6865
NA|PP755583.1|A/cattle/Texas/24-008749-002/2024(H5N1)	265	6901
NA|PP755583.1|A/cattle/Texas/24-008749-002/2024(H5N1)	266	6895
NA|PP755583.1|A/cattle/Texas/24-008749-002/2024(H5N1)	267	6877
NA|PP755583.1|A/cattle/Texas/24-008749-002/2024(H5N1)	268	6941
NA|PP755583.1|A/cattle/Texas/24-008749-002/2024(H5N1)	269	6924
NA|PP755583.1|A/cattle/Texas/24-008749-002/2024(H5N1)	270	6983
NA|PP755583.1|A/cattle/Texas/24-008749-002/2024(H5N1)	271	6976
NA|PP755583.1|A/cattle/Texas/24-008749-002/2024(H5N1)	272	6816
NA|PP755583.1|A/cattle/Texas/24-008749-002/2024(H5N1)	273	6886
NA|PP755583.1|A/cattle/Texas/24-008749-002/2024(H5N1)	274	6876
NA|PP755583.1|A/cattle/Texas/24-008749-002/2024(H5N1)	275	6870
NA|PP755583.1|A/cattle/Texas/24-008749-002/2024(H5N1)	276	6865
NA|PP755583.1|A/cattle/Texas/24-008749-002/2024(H5N1)	277	6859
NA|PP755583.1|A/cattle/Texas/24-008749-002/2024(H5N1)	278	6823
NA|PP755583.1|A/cattle/Texas/24-008749-002/2024(H5N1)	279	6789
NA|PP755583.1|A/cattle/Texas/24-008749-002/2024(H5N1)	280	7214
NA|PP755583.1|A/cattle/Texas/24-008749-002/2024(H5N1)	281	7215
NA|PP755583.1|A/cattle/Texas/24-008749-002/2024(H5N1)	282	7225
NA|PP755583.1|A/cattle/Texas/24-008749-002/2024(H5N1)	283	7226
NA|PP755583.1|A/cattle/Texas/24-008749-002/2024(H5N1)	284	7225
NA|PP755583.1|A/cattle/Texas/24-008749-002/2024(H5N1)	285	6422
NA|PP755583.1|A/cattle/Texas/24-008749-002/2024(H5N1)	286	6339
NA|PP755583.1|A/cattle/Texas/24-008749-002/2024(H5N1)	287	6271
NA|PP755583.1|A/cattle/Texas/24-008749-002/2024(H5N1)	288	6282
NA|PP755583.1|A/cattle/Texas/24-008749-002/2024(H5N1)	289	5910
NA|PP755583.1|A/cattle/Texas/24-008749-002/2024(H5N1)	290	5942
NA|PP755583.1|A/cattle/Texas/24-008749-002/2024(H5N1)	291	6051
NA|PP755583.1|A/cattle/Texas/24-008749-002/2024(H5N1)	292	6251
NA|PP755583.1|A/cattle/Texas/24-008749-002/2024(H5N1)	293	6237
NA|PP755583.1|A/cattle/Texas/24-008749-002/2024(H5N1)	294	6223
NA|PP755583.1|A/cattle/Texas/24-008749-002/2024(H5N1)	295	6436
NA|PP755583.1|A/cattle/Texas/24-008749-002/2024(H5N1)	296	6425
NA|PP755583.1|A/cattle/Texas/24-008749-002/2024(H5N1)	297	6480
NA|PP755583.1|A/cattle/Texas/24-008749-002/2024(H5N1)	298	6494
NA|PP755583.1|A/cattle/Texas/24-008749-002/2024(H5N1)	299	6381
NA|PP755583.1|A/cattle/Texas/24-008749-002/2024(H5N1)	300	6412
NA|PP755583.1|A/cattle/Texas/24-008749-002/2024(H5N1)	301	6133
NA|PP755583.1|A/cattle/Texas/24-008749-002/2024(H5N1)	302	6151
NA|PP755583.1|A/cattle/Texas/24-008749-002/2024(H5N1)	303	6734
NA|PP755583.1|A/cattle/Texas/24-008749-002/2024(H5N1)	304	6460
NA|PP755583.1|A/cattle/Texas/24-008749-002/2024(H5N1)	305	6456
NA|PP755583.1|A/cattle/Texas/24-008749-002/2024(H5N1)	306	6508
NA|PP755583.1|A/cattle/Texas/24-008749-002/2024(H5N1)	307	6491
NA|PP755583.1|A/cattle/Texas/24-008749-002/2024(H5N1)	308	6562
NA|PP755583.1|A/cattle/Texas/24-008749-002/2024(H5N1)	309	6450
NA|PP755583.1|A/cattle/Texas/24-008749-002/2024(H5N1)	310	6464
NA|PP755583.1|A/cattle/Texas/24-008749-002/2024(H5N1)	311	6467
NA|PP755583.1|A/cattle/Texas/24-008749-002/2024(H5N1)	312	6508
NA|PP755583.1|A/cattle/Texas/24-008749-002/2024(H5N1)	313	6498
NA|PP755583.1|A/cattle/Texas/24-008749-002/2024(H5N1)	314	6627
NA|PP755583.1|A/cattle/Texas/24-008749-002/2024(H5N1)	315	6496
NA|PP755583.1|A/cattle/Texas/24-008749-002/2024(H5N1)	316	6497
NA|PP755583.1|A/cattle/Texas/24-008749-002/2024(H5N1)	317	6578
NA|PP755583.1|A/cattle/Texas/24-008749-002/2024(H5N1)	318	6568
NA|PP755583.1|A/cattle/Texas/24-008749-002/2024(H5N1)	319	6568
NA|PP755583.1|A/cattle/Texas/24-008749-002/2024(H5N1)	320	6602
NA|PP755583.1|A/cattle/Texas/24-008749-002/2024(H5N1)	321	6589
NA|PP755583.1|A/cattle/Texas/24-008749-002/2024(H5N1)	322	6426
NA|PP755583.1|A/cattle/Texas/24-008749-002/2024(H5N1)	323	6236
NA|PP755583.1|A/cattle/Texas/24-008749-002/2024(H5N1)	324	6223
NA|PP755583.1|A/cattle/Texas/24-008749-002/2024(H5N1)	325	6219
NA|PP755583.1|A/cattle/Texas/24-008749-002/2024(H5N1)	326	6304
NA|PP755583.1|A/cattle/Texas/24-008749-002/2024(H5N1)	327	6393
NA|PP755583.1|A/cattle/Texas/24-008749-002/2024(H5N1)	328	6380
NA|PP755583.1|A/cattle/Texas/24-008749-002/2024(H5N1)	329	6326
NA|PP755583.1|A/cattle/Texas/24-008749-002/2024(H5N1)	330	6358
NA|PP755583.1|A/cattle/Texas/24-008749-002/2024(H5N1)	331	6368
NA|PP755583.1|A/cattle/Texas/24-008749-002/2024(H5N1)	332	6383
NA|PP755583.1|A/cattle/Texas/24-008749-002/2024(H5N1)	333	6282
NA|PP755583.1|A/cattle/Texas/24-008749-002/2024(H5N1)	334	6325
NA|PP755583.1|A/cattle/Texas/24-008749-002/2024(H5N1)	335	6207
NA|PP755583.1|A/cattle/Texas/24-008749-002/2024(H5N1)	336	6107
NA|PP755583.1|A/cattle/Texas/24-008749-002/2024(H5N1)	337	6105
NA|PP755583.1|A/cattle/Texas/24-008749-002/2024(H5N1)	338	6124
NA|PP755583.1|A/cattle/Texas/24-008749-002/2024(H5N1)	339	6112
NA|PP755583.1|A/cattle/Texas/24-008749-002/2024(H5N1)	340	6144
NA|PP755583.1|A/cattle/Texas/24-008749-002/2024(H5N1)	341	6181
NA|PP755583.1|A/cattle/Texas/24-008749-002/2024(H5N1)	342	6191
NA|PP755583.1|A/cattle/Texas/24-008749-002/2024(H5N1)	343	6098
NA|PP755583.1|A/cattle/Texas/24-008749-002/2024(H5N1)	344	6073
NA|PP755583.1|A/cattle/Texas/24-008749-002/2024(H5N1)	345	6076
NA|PP755583.1|A/cattle/Texas/24-008749-002/2024(H5N1)	346	6118
NA|PP755583.1|A/cattle/Texas/24-008749-002/2024(H5N1)	347	6142
NA|PP755583.1|A/cattle/Texas/24-008749-002/2024(H5N1)	348	6127
NA|PP755583.1|A/cattle/Texas/24-008749-002/2024(H5N1)	349	6121
NA|PP755583.1|A/cattle/Texas/24-008749-002/2024(H5N1)	350	6129
NA|PP755583.1|A/cattle/Texas/24-008749-002/2024(H5N1)	351	6107
NA|PP755583.1|A/cattle/Texas/24-008749-002/2024(H5N1)	352	6100
NA|PP755583.1|A/cattle/Texas/24-008749-002/2024(H5N1)	353	6100
NA|PP755583.1|A/cattle/Texas/24-008749-002/2024(H5N1)	354	6084
NA|PP755583.1|A/cattle/Texas/24-008749-002/2024(H5N1)	355	6092
NA|PP755583.1|A/cattle/Texas/24-008749-002/2024(H5N1)	356	6169
NA|PP755583.1|A/cattle/Texas/24-008749-002/2024(H5N1)	357	6179
NA|PP755583.1|A/cattle/Texas/24-008749-002/2024(H5N1)	358	6281
NA|PP755583.1|A/cattle/Texas/24-008749-002/2024(H5N1)	359	6213
NA|PP755583.1|A/cattle/Texas/24-008749-002/2024(H5N1)	360	6731
NA|PP755583.1|A/cattle/Texas/24-008749-002/2024(H5N1)	361	6728
NA|PP755583.1|A/cattle/Texas/24-008749-002/2024(H5N1)	362	6723
NA|PP755583.1|A/cattle/Texas/24-008749-002/2024(H5N1)	363	6718
NA|PP755583.1|A/cattle/Texas/24-008749-002/2024(H5N1)	364	6698
NA|PP755583.1|A/cattle/Texas/24-008749-002/2024(H5N1)	365	6720
NA|PP755583.1|A/cattle/Texas/24-008749-002/2024(H5N1)	366	6726
NA|PP755583.1|A/cattle/Texas/24-008749-002/2024(H5N1)	367	6576
NA|PP755583.1|A/cattle/Texas/24-008749-002/2024(H5N1)	368	6577
NA|PP755583.1|A/cattle/Texas/24-008749-002/2024(H5N1)	369	6553
NA|PP755583.1|A/cattle/Texas/24-008749-002/2024(H5N1)	370	6564
NA|PP755583.1|A/cattle/Texas/24-008749-002/2024(H5N1)	371	6564
NA|PP755583.1|A/cattle/Texas/24-008749-002/2024(H5N1)	372	6553
NA|PP755583.1|A/cattle/Texas/24-008749-002/2024(H5N1)	373	6529
NA|PP755583.1|A/cattle/Texas/24-008749-002/2024(H5N1)	374	6534
NA|PP755583.1|A/cattle/Texas/24-008749-002/2024(H5N1)	375	6539
NA|PP755583.1|A/cattle/Texas/24-008749-002/2024(H5N1)	376	6627
NA|PP755583.1|A/cattle/Texas/24-008749-002/2024(H5N1)	377	6642
NA|PP755583.1|A/cattle/Texas/24-008749-002/2024(H5N1)	378	6592
NA|PP755583.1|A/cattle/Texas/24-008749-002/2024(H5N1)	379	6567
NA|PP755583.1|A/cattle/Texas/24-008749-002/2024(H5N1)	380	6561
NA|PP755583.1|A/cattle/Texas/24-008749-002/2024(H5N1)	381	6556
NA|PP755583.1|A/cattle/Texas/24-008749-002/2024(H5N1)	382	6560
NA|PP755583.1|A/cattle/Texas/24-008749-002/2024(H5N1)	383	6558
NA|PP755583.1|A/cattle/Texas/24-008749-002/2024(H5N1)	384	6596
NA|PP755583.1|A/cattle/Texas/24-008749-002/2024(H5N1)	385	6380
NA|PP755583.1|A/cattle/Texas/24-008749-002/2024(H5N1)	386	6386
NA|PP755583.1|A/cattle/Texas/24-008749-002/2024(H5N1)	387	6279
NA|PP755583.1|A/cattle/Texas/24-008749-002/2024(H5N1)	388	6250
NA|PP755583.1|A/cattle/Texas/24-008749-002/2024(H5N1)	389	6244
NA|PP755583.1|A/cattle/Texas/24-008749-002/2024(H5N1)	390	6274
NA|PP755583.1|A/cattle/Texas/24-008749-002/2024(H5N1)	391	6297
NA|PP755583.1|A/cattle/Texas/24-008749-002/2024(H5N1)	392	6351
NA|PP755583.1|A/cattle/Texas/24-008749-002/2024(H5N1)	393	6320
NA|PP755583.1|A/cattle/Texas/24-008749-002/2024(H5N1)	394	6310
NA|PP755583.1|A/cattle/Texas/24-008749-002/2024(H5N1)	395	6368
NA|PP755583.1|A/cattle/Texas/24-008749-002/2024(H5N1)	396	6358
NA|PP755583.1|A/cattle/Texas/24-008749-002/2024(H5N1)	397	6434
NA|PP755583.1|A/cattle/Texas/24-008749-002/2024(H5N1)	398	6496
NA|PP755583.1|A/cattle/Texas/24-008749-002/2024(H5N1)	399	6513
NA|PP755583.1|A/cattle/Texas/24-008749-002/2024(H5N1)	400	6452
NA|PP755583.1|A/cattle/Texas/24-008749-002/2024(H5N1)	401	6378
NA|PP755583.1|A/cattle/Texas/24-008749-002/2024(H5N1)	402	6454
NA|PP755583.1|A/cattle/Texas/24-008749-002/2024(H5N1)	403	6544
NA|PP755583.1|A/cattle/Texas/24-008749-002/2024(H5N1)	404	6590
NA|PP755583.1|A/cattle/Texas/24-008749-002/2024(H5N1)	405	6602
NA|PP755583.1|A/cattle/Texas/24-008749-002/2024(H5N1)	406	6574
NA|PP755583.1|A/cattle/Texas/24-008749-002/2024(H5N1)	407	6610
NA|PP755583.1|A/cattle/Texas/24-008749-002/2024(H5N1)	408	6614
NA|PP755583.1|A/cattle/Texas/24-008749-002/2024(H5N1)	409	6646
NA|PP755583.1|A/cattle/Texas/24-008749-002/2024(H5N1)	410	6730
NA|PP755583.1|A/cattle/Texas/24-008749-002/2024(H5N1)	411	6616
NA|PP755583.1|A/cattle/Texas/24-008749-002/2024(H5N1)	412	6663
NA|PP755583.1|A/cattle/Texas/24-008749-002/2024(H5N1)	413	6531
NA|PP755583.1|A/cattle/Texas/24-008749-002/2024(H5N1)	414	6498
NA|PP755583.1|A/cattle/Texas/24-008749-002/2024(H5N1)	415	6578
NA|PP755583.1|A/cattle/Texas/24-008749-002/2024(H5N1)	416	6524
NA|PP755583.1|A/cattle/Texas/24-008749-002/2024(H5N1)	417	6557
NA|PP755583.1|A/cattle/Texas/24-008749-002/2024(H5N1)	418	6602
NA|PP755583.1|A/cattle/Texas/24-008749-002/2024(H5N1)	419	6532
NA|PP755583.1|A/cattle/Texas/24-008749-002/2024(H5N1)	420	6541
NA|PP755583.1|A/cattle/Texas/24-008749-002/2024(H5N1)	421	6471
NA|PP755583.1|A/cattle/Texas/24-008749-002/2024(H5N1)	422	6496
NA|PP755583.1|A/cattle/Texas/24-008749-002/2024(H5N1)	423	6503
NA|PP755583.1|A/cattle/Texas/24-008749-002/2024(H5N1)	424	6411
NA|PP755583.1|A/cattle/Texas/24-008749-002/2024(H5N1)	425	6454
NA|PP755583.1|A/cattle/Texas/24-008749-002/2024(H5N1)	426	6325
NA|PP755583.1|A/cattle/Texas/24-008749-002/2024(H5N1)	427	6328
NA|PP755583.1|A/cattle/Texas/24-008749-002/2024(H5N1)	428	6358
NA|PP755583.1|A/cattle/Texas/24-008749-002/2024(H5N1)	429	6286
NA|PP755583.1|A/cattle/Texas/24-008749-002/2024(H5N1)	430	5992
NA|PP755583.1|A/cattle/Texas/24-008749-002/2024(H5N1)	431	5972
NA|PP755583.1|A/cattle/Texas/24-008749-002/2024(H5N1)	432	6006
NA|PP755583.1|A/cattle/Texas/24-008749-002/2024(H5N1)	433	6001
NA|PP755583.1|A/cattle/Texas/24-008749-002/2024(H5N1)	434	6005
NA|PP755583.1|A/cattle/Texas/24-008749-002/2024(H5N1)	435	6008
NA|PP755583.1|A/cattle/Texas/24-008749-002/2024(H5N1)	436	6009
NA|PP755583.1|A/cattle/Texas/24-008749-002/2024(H5N1)	437	6075
NA|PP755583.1|A/cattle/Texas/24-008749-002/2024(H5N1)	438	6054
NA|PP755583.1|A/cattle/Texas/24-008749-002/2024(H5N1)	439	5990
NA|PP755583.1|A/cattle/Texas/24-008749-002/2024(H5N1)	440	6006
NA|PP755583.1|A/cattle/Texas/24-008749-002/2024(H5N1)	441	5910
NA|PP755583.1|A/cattle/Texas/24-008749-002/2024(H5N1)	442	5847
NA|PP755583.1|A/cattle/Texas/24-008749-002/2024(H5N1)	443	5697
NA|PP755583.1|A/cattle/Texas/24-008749-002/2024(H5N1)	444	5664
NA|PP755583.1|A/cattle/Texas/24-008749-002/2024(H5N1)	445	6226
NA|PP755583.1|A/cattle/Texas/24-008749-002/2024(H5N1)	446	6059
NA|PP755583.1|A/cattle/Texas/24-008749-002/2024(H5N1)	447	6150
NA|PP755583.1|A/cattle/Texas/24-008749-002/2024(H5N1)	448	6103
NA|PP755583.1|A/cattle/Texas/24-008749-002/2024(H5N1)	449	6071
NA|PP755583.1|A/cattle/Texas/24-008749-002/2024(H5N1)	450	6237
NA|PP755583.1|A/cattle/Texas/24-008749-002/2024(H5N1)	451	6194
NA|PP755583.1|A/cattle/Texas/24-008749-002/2024(H5N1)	452	6287
NA|PP755583.1|A/cattle/Texas/24-008749-002/2024(H5N1)	453	6283
NA|PP755583.1|A/cattle/Texas/24-008749-002/2024(H5N1)	454	5628
NA|PP755583.1|A/cattle/Texas/24-008749-002/2024(H5N1)	455	5612
NA|PP755583.1|A/cattle/Texas/24-008749-002/2024(H5N1)	456	5760
NA|PP755583.1|A/cattle/Texas/24-008749-002/2024(H5N1)	457	5675
NA|PP755583.1|A/cattle/Texas/24-008749-002/2024(H5N1)	458	5673
NA|PP755583.1|A/cattle/Texas/24-008749-002/2024(H5N1)	459	5698
NA|PP755583.1|A/cattle/Texas/24-008749-002/2024(H5N1)	460	5708
NA|PP755583.1|A/cattle/Texas/24-008749-002/2024(H5N1)	461	5678
NA|PP755583.1|A/cattle/Texas/24-008749-002/2024(H5N1)	462	5717
NA|PP755583.1|A/cattle/Texas/24-008749-002/2024(H5N1)	463	5725
NA|PP755583.1|A/cattle/Texas/24-008749-002/2024(H5N1)	464	5727
NA|PP755583.1|A/cattle/Texas/24-008749-002/2024(H5N1)	465	5593
NA|PP755583.1|A/cattle/Texas/24-008749-002/2024(H5N1)	466	5592
NA|PP755583.1|A/cattle/Texas/24-008749-002/2024(H5N1)	467	5596
NA|PP755583.1|A/cattle/Texas/24-008749-002/2024(H5N1)	468	5506
NA|PP755583.1|A/cattle/Texas/24-008749-002/2024(H5N1)	469	5543
NA|PP755583.1|A/cattle/Texas/24-008749-002/2024(H5N1)	470	5495
NA|PP755583.1|A/cattle/Texas/24-008749-002/2024(H5N1)	471	5615
NA|PP755583.1|A/cattle/Texas/24-008749-002/2024(H5N1)	472	5664
NA|PP755583.1|A/cattle/Texas/24-008749-002/2024(H5N1)	473	5661
NA|PP755583.1|A/cattle/Texas/24-008749-002/2024(H5N1)	474	5666
NA|PP755583.1|A/cattle/Texas/24-008749-002/2024(H5N1)	475	5708
NA|PP755583.1|A/cattle/Texas/24-008749-002/2024(H5N1)	476	5742
NA|PP755583.1|A/cattle/Texas/24-008749-002/2024(H5N1)	477	5723
NA|PP755583.1|A/cattle/Texas/24-008749-002/2024(H5N1)	478	5598
NA|PP755583.1|A/cattle/Texas/24-008749-002/2024(H5N1)	479	5708
NA|PP755583.1|A/cattle/Texas/24-008749-002/2024(H5N1)	480	5787
NA|PP755583.1|A/cattle/Texas/24-008749-002/2024(H5N1)	481	5738
NA|PP755583.1|A/cattle/Texas/24-008749-002/2024(H5N1)	482	5767
NA|PP755583.1|A/cattle/Texas/24-008749-002/2024(H5N1)	483	5784
NA|PP755583.1|A/cattle/Texas/24-008749-002/2024(H5N1)	484	5750
NA|PP755583.1|A/cattle/Texas/24-008749-002/2024(H5N1)	485	5773
NA|PP755583.1|A/cattle/Texas/24-008749-002/2024(H5N1)	486	5701
NA|PP755583.1|A/cattle/Texas/24-008749-002/2024(H5N1)	487	5707
NA|PP755583.1|A/cattle/Texas/24-008749-002/2024(H5N1)	488	5669
NA|PP755583.1|A/cattle/Texas/24-008749-002/2024(H5N1)	489	5740
NA|PP755583.1|A/cattle/Texas/24-008749-002/2024(H5N1)	490	5788
NA|PP755583.1|A/cattle/Texas/24-008749-002/2024(H5N1)	491	5776
NA|PP755583.1|A/cattle/Texas/24-008749-002/2024(H5N1)	492	5737
NA|PP755583.1|A/cattle/Texas/24-008749-002/2024(H5N1)	493	5709
NA|PP755583.1|A/cattle/Texas/24-008749-002/2024(H5N1)	494	5696
NA|PP755583.1|A/cattle/Texas/24-008749-002/2024(H5N1)	495	5775
NA|PP755583.1|A/cattle/Texas/24-008749-002/2024(H5N1)	496	5803
NA|PP755583.1|A/cattle/Texas/24-008749-002/2024(H5N1)	497	5827
NA|PP755583.1|A/cattle/Texas/24-008749-002/2024(H5N1)	498	5777
NA|PP755583.1|A/cattle/Texas/24-008749-002/2024(H5N1)	499	5789
NA|PP755583.1|A/cattle/Texas/24-008749-002/2024(H5N1)	500	5725
NA|PP755583.1|A/cattle/Texas/24-008749-002/2024(H5N1)	501	5772
NA|PP755583.1|A/cattle/Texas/24-008749-002/2024(H5N1)	502	6310
NA|PP755583.1|A/cattle/Texas/24-008749-002/2024(H5N1)	503	6369
NA|PP755583.1|A/cattle/Texas/24-008749-002/2024(H5N1)	504	6359
NA|PP755583.1|A/cattle/Texas/24-008749-002/2024(H5N1)	505	6316
NA|PP755583.1|A/cattle/Texas/24-008749-002/2024(H5N1)	506	6217
NA|PP755583.1|A/cattle/Texas/24-008749-002/2024(H5N1)	507	6242
NA|PP755583.1|A/cattle/Texas/24-008749-002/2024(H5N1)	508	6241
NA|PP755583.1|A/cattle/Texas/24-008749-002/2024(H5N1)	509	6201
NA|PP755583.1|A/cattle/Texas/24-008749-002/2024(H5N1)	510	6177
NA|PP755583.1|A/cattle/Texas/24-008749-002/2024(H5N1)	511	5653
NA|PP755583.1|A/cattle/Texas/24-008749-002/2024(H5N1)	512	5691
NA|PP755583.1|A/cattle/Texas/24-008749-002/2024(H5N1)	513	5686
NA|PP755583.1|A/cattle/Texas/24-008749-002/2024(H5N1)	514	5664
NA|PP755583.1|A/cattle/Texas/24-008749-002/2024(H5N1)	515	5642
NA|PP755583.1|A/cattle/Texas/24-008749-002/2024(H5N1)	516	5627
NA|PP755583.1|A/cattle/Texas/24-008749-002/2024(H5N1)	517	5640
NA|PP755583.1|A/cattle/Texas/24-008749-002/2024(H5N1)	518	5653
NA|PP755583.1|A/cattle/Texas/24-008749-002/2024(H5N1)	519	5686
NA|PP755583.1|A/cattle/Texas/24-008749-002/2024(H5N1)	520	5688
NA|PP755583.1|A/cattle/Texas/24-008749-002/2024(H5N1)	521	5643
NA|PP755583.1|A/cattle/Texas/24-008749-002/2024(H5N1)	522	5647
NA|PP755583.1|A/cattle/Texas/24-008749-002/2024(H5N1)	523	5634
NA|PP755583.1|A/cattle/Texas/24-008749-002/2024(H5N1)	524	5641
NA|PP755583.1|A/cattle/Texas/24-008749-002/2024(H5N1)	525	5635
NA|PP755583.1|A/cattle/Texas/24-008749-002/2024(H5N1)	526	5637
NA|PP755583.1|A/cattle/Texas/24-008749-002/2024(H5N1)	527	5594
NA|PP755583.1|A/cattle/Texas/24-008749-002/2024(H5N1)	528	5571
NA|PP755583.1|A/cattle/Texas/24-008749-002/2024(H5N1)	529	5602
NA|PP755583.1|A/cattle/Texas/24-008749-002/2024(H5N1)	530	5608
NA|PP755583.1|A/cattle/Texas/24-008749-002/2024(H5N1)	531	5610
NA|PP755583.1|A/cattle/Texas/24-008749-002/2024(H5N1)	532	5605
NA|PP755583.1|A/cattle/Texas/24-008749-002/2024(H5N1)	533	5586
NA|PP755583.1|A/cattle/Texas/24-008749-002/2024(H5N1)	534	5590
NA|PP755583.1|A/cattle/Texas/24-008749-002/2024(H5N1)	535	5599
NA|PP755583.1|A/cattle/Texas/24-008749-002/2024(H5N1)	536	5571
NA|PP755583.1|A/cattle/Texas/24-008749-002/2024(H5N1)	537	5655
NA|PP755583.1|A/cattle/Texas/24-008749-002/2024(H5N1)	538	5634
NA|PP755583.1|A/cattle/Texas/24-008749-002/2024(H5N1)	539	5633
NA|PP755583.1|A/cattle/Texas/24-008749-002/2024(H5N1)	540	5676
NA|PP755583.1|A/cattle/Texas/24-008749-002/2024(H5N1)	541	5701
NA|PP755583.1|A/cattle/Texas/24-008749-002/2024(H5N1)	542	5700
NA|PP755583.1|A/cattle/Texas/24-008749-002/2024(H5N1)	543	5703
NA|PP755583.1|A/cattle/Texas/24-008749-002/2024(H5N1)	544	5703
NA|PP755583.1|A/cattle/Texas/24-008749-002/2024(H5N1)	545	5817
NA|PP755583.1|A/cattle/Texas/24-008749-002/2024(H5N1)	546	5841
NA|PP755583.1|A/cattle/Texas/24-008749-002/2024(H5N1)	547	5840
NA|PP755583.1|A/cattle/Texas/24-008749-002/2024(H5N1)	548	5765
NA|PP755583.1|A/cattle/Texas/24-008749-002/2024(H5N1)	549	5703
NA|PP755583.1|A/cattle/Texas/24-008749-002/2024(H5N1)	550	5748
NA|PP755583.1|A/cattle/Texas/24-008749-002/2024(H5N1)	551	5810
NA|PP755583.1|A/cattle/Texas/24-008749-002/2024(H5N1)	552	5822
NA|PP755583.1|A/cattle/Texas/24-008749-002/2024(H5N1)	553	5744
NA|PP755583.1|A/cattle/Texas/24-008749-002/2024(H5N1)	554	5641
NA|PP755583.1|A/cattle/Texas/24-008749-002/2024(H5N1)	555	5639
NA|PP755583.1|A/cattle/Texas/24-008749-002/2024(H5N1)	556	5628
NA|PP755583.1|A/cattle/Texas/24-008749-002/2024(H5N1)	557	5650
NA|PP755583.1|A/cattle/Texas/24-008749-002/2024(H5N1)	558	5631
NA|PP755583.1|A/cattle/Texas/24-008749-002/2024(H5N1)	559	5671
NA|PP755583.1|A/cattle/Texas/24-008749-002/2024(H5N1)	560	5638
NA|PP755583.1|A/cattle/Texas/24-008749-002/2024(H5N1)	561	5613
NA|PP755583.1|A/cattle/Texas/24-008749-002/2024(H5N1)	562	5609
NA|PP755583.1|A/cattle/Texas/24-008749-002/2024(H5N1)	563	5553
NA|PP755583.1|A/cattle/Texas/24-008749-002/2024(H5N1)	564	5559
NA|PP755583.1|A/cattle/Texas/24-008749-002/2024(H5N1)	565	5553
NA|PP755583.1|A/cattle/Texas/24-008749-002/2024(H5N1)	566	5528
NA|PP755583.1|A/cattle/Texas/24-008749-002/2024(H5N1)	567	5590
NA|PP755583.1|A/cattle/Texas/24-008749-002/2024(H5N1)	568	5490
NA|PP755583.1|A/cattle/Texas/24-008749-002/2024(H5N1)	569	5494
NA|PP755583.1|A/cattle/Texas/24-008749-002/2024(H5N1)	570	5565
NA|PP755583.1|A/cattle/Texas/24-008749-002/2024(H5N1)	571	5599
NA|PP755583.1|A/cattle/Texas/24-008749-002/2024(H5N1)	572	5609
NA|PP755583.1|A/cattle/Texas/24-008749-002/2024(H5N1)	573	5585
NA|PP755583.1|A/cattle/Texas/24-008749-002/2024(H5N1)	574	5596
NA|PP755583.1|A/cattle/Texas/24-008749-002/2024(H5N1)	575	5605
NA|PP755583.1|A/cattle/Texas/24-008749-002/2024(H5N1)	576	5559
NA|PP755583.1|A/cattle/Texas/24-008749-002/2024(H5N1)	577	5583
NA|PP755583.1|A/cattle/Texas/24-008749-002/2024(H5N1)	578	5637
NA|PP755583.1|A/cattle/Texas/24-008749-002/2024(H5N1)	579	5665
NA|PP755583.1|A/cattle/Texas/24-008749-002/2024(H5N1)	580	5668
NA|PP755583.1|A/cattle/Texas/24-008749-002/2024(H5N1)	581	5653
NA|PP755583.1|A/cattle/Texas/24-008749-002/2024(H5N1)	582	5655
NA|PP755583.1|A/cattle/Texas/24-008749-002/2024(H5N1)	583	5630
NA|PP755583.1|A/cattle/Texas/24-008749-002/2024(H5N1)	584	5656
NA|PP755583.1|A/cattle/Texas/24-008749-002/2024(H5N1)	585	5674
NA|PP755583.1|A/cattle/Texas/24-008749-002/2024(H5N1)	586	5892
NA|PP755583.1|A/cattle/Texas/24-008749-002/2024(H5N1)	587	5889
NA|PP755583.1|A/cattle/Texas/24-008749-002/2024(H5N1)	588	5822
NA|PP755583.1|A/cattle/Texas/24-008749-002/2024(H5N1)	589	5917
NA|PP755583.1|A/cattle/Texas/24-008749-002/2024(H5N1)	590	5916
NA|PP755583.1|A/cattle/Texas/24-008749-002/2024(H5N1)	591	5930
NA|PP755583.1|A/cattle/Texas/24-008749-002/2024(H5N1)	592	5950
NA|PP755583.1|A/cattle/Texas/24-008749-002/2024(H5N1)	593	5905
NA|PP755583.1|A/cattle/Texas/24-008749-002/2024(H5N1)	594	5974
NA|PP755583.1|A/cattle/Texas/24-008749-002/2024(H5N1)	595	5985
NA|PP755583.1|A/cattle/Texas/24-008749-002/2024(H5N1)	596	5553
NA|PP755583.1|A/cattle/Texas/24-008749-002/2024(H5N1)	597	5748
NA|PP755583.1|A/cattle/Texas/24-008749-002/2024(H5N1)	598	5853
NA|PP755583.1|A/cattle/Texas/24-008749-002/2024(H5N1)	599	5923
NA|PP755583.1|A/cattle/Texas/24-008749-002/2024(H5N1)	600	5920
NA|PP755583.1|A/cattle/Texas/24-008749-002/2024(H5N1)	601	5766
NA|PP755583.1|A/cattle/Texas/24-008749-002/2024(H5N1)	602	5790
NA|PP755583.1|A/cattle/Texas/24-008749-002/2024(H5N1)	603	5715
NA|PP755583.1|A/cattle/Texas/24-008749-002/2024(H5N1)	604	5724
NA|PP755583.1|A/cattle/Texas/24-008749-002/2024(H5N1)	605	5944
NA|PP755583.1|A/cattle/Texas/24-008749-002/2024(H5N1)	606	5775
NA|PP755583.1|A/cattle/Texas/24-008749-002/2024(H5N1)	607	5790
NA|PP755583.1|A/cattle/Texas/24-008749-002/2024(H5N1)	608	5728
NA|PP755583.1|A/cattle/Texas/24-008749-002/2024(H5N1)	609	5731
NA|PP755583.1|A/cattle/Texas/24-008749-002/2024(H5N1)	610	5693
NA|PP755583.1|A/cattle/Texas/24-008749-002/2024(H5N1)	611	5627
NA|PP755583.1|A/cattle/Texas/24-008749-002/2024(H5N1)	612	5556
NA|PP755583.1|A/cattle/Texas/24-008749-002/2024(H5N1)	613	5746
NA|PP755583.1|A/cattle/Texas/24-008749-002/2024(H5N1)	614	5805
NA|PP755583.1|A/cattle/Texas/24-008749-002/2024(H5N1)	615	5839
NA|PP755583.1|A/cattle/Texas/24-008749-002/2024(H5N1)	616	5878
NA|PP755583.1|A/cattle/Texas/24-008749-002/2024(H5N1)	617	5863
NA|PP755583.1|A/cattle/Texas/24-008749-002/2024(H5N1)	618	5908
NA|PP755583.1|A/cattle/Texas/24-008749-002/2024(H5N1)	619	5914
NA|PP755583.1|A/cattle/Texas/24-008749-002/2024(H5N1)	620	5880
NA|PP755583.1|A/cattle/Texas/24-008749-002/2024(H5N1)	621	5998
NA|PP755583.1|A/cattle/Texas/24-008749-002/2024(H5N1)	622	5836
NA|PP755583.1|A/cattle/Texas/24-008749-002/2024(H5N1)	623	5931
NA|PP755583.1|A/cattle/Texas/24-008749-002/2024(H5N1)	624	5945
NA|PP755583.1|A/cattle/Texas/24-008749-002/2024(H5N1)	625	5903
NA|PP755583.1|A/cattle/Texas/24-008749-002/2024(H5N1)	626	5903
NA|PP755583.1|A/cattle/Texas/24-008749-002/2024(H5N1)	627	5873
NA|PP755583.1|A/cattle/Texas/24-008749-002/2024(H5N1)	628	5838
NA|PP755583.1|A/cattle/Texas/24-008749-002/2024(H5N1)	629	5937
NA|PP755583.1|A/cattle/Texas/24-008749-002/2024(H5N1)	630	5754
NA|PP755583.1|A/cattle/Texas/24-008749-002/2024(H5N1)	631	5755
NA|PP755583.1|A/cattle/Texas/24-008749-002/2024(H5N1)	632	5778
NA|PP755583.1|A/cattle/Texas/24-008749-002/2024(H5N1)	633	5775
NA|PP755583.1|A/cattle/Texas/24-008749-002/2024(H5N1)	634	5774
NA|PP755583.1|A/cattle/Texas/24-008749-002/2024(H5N1)	635	5774
NA|PP755583.1|A/cattle/Texas/24-008749-002/2024(H5N1)	636	5771
NA|PP755583.1|A/cattle/Texas/24-008749-002/2024(H5N1)	637	5766
NA|PP755583.1|A/cattle/Texas/24-008749-002/2024(H5N1)	638	5718
NA|PP755583.1|A/cattle/Texas/24-008749-002/2024(H5N1)	639	5730
NA|PP755583.1|A/cattle/Texas/24-008749-002/2024(H5N1)	640	5679
NA|PP755583.1|A/cattle/Texas/24-008749-002/2024(H5N1)	641	5622
NA|PP755583.1|A/cattle/Texas/24-008749-002/2024(H5N1)	642	5618
NA|PP755583.1|A/cattle/Texas/24-008749-002/2024(H5N1)	643	5643
NA|PP755583.1|A/cattle/Texas/24-008749-002/2024(H5N1)	644	5700
NA|PP755583.1|A/cattle/Texas/24-008749-002/2024(H5N1)	645	5700
NA|PP755583.1|A/cattle/Texas/24-008749-002/2024(H5N1)	646	5794
NA|PP755583.1|A/cattle/Texas/24-008749-002/2024(H5N1)	647	5789
NA|PP755583.1|A/cattle/Texas/24-008749-002/2024(H5N1)	648	5720
NA|PP755583.1|A/cattle/Texas/24-008749-002/2024(H5N1)	649	5710
NA|PP755583.1|A/cattle/Texas/24-008749-002/2024(H5N1)	650	5684
NA|PP755583.1|A/cattle/Texas/24-008749-002/2024(H5N1)	651	5755
NA|PP755583.1|A/cattle/Texas/24-008749-002/2024(H5N1)	652	5699
NA|PP755583.1|A/cattle/Texas/24-008749-002/2024(H5N1)	653	5220
NA|PP755583.1|A/cattle/Texas/24-008749-002/2024(H5N1)	654	5147
NA|PP755583.1|A/cattle/Texas/24-008749-002/2024(H5N1)	655	5072
NA|PP755583.1|A/cattle/Texas/24-008749-002/2024(H5N1)	656	5071
NA|PP755583.1|A/cattle/Texas/24-008749-002/2024(H5N1)	657	5082
NA|PP755583.1|A/cattle/Texas/24-008749-002/2024(H5N1)	658	5147
NA|PP755583.1|A/cattle/Texas/24-008749-002/2024(H5N1)	659	5146
NA|PP755583.1|A/cattle/Texas/24-008749-002/2024(H5N1)	660	5108
NA|PP755583.1|A/cattle/Texas/24-008749-002/2024(H5N1)	661	5101
NA|PP755583.1|A/cattle/Texas/24-008749-002/2024(H5N1)	662	5106
NA|PP755583.1|A/cattle/Texas/24-008749-002/2024(H5N1)	663	5072
NA|PP755583.1|A/cattle/Texas/24-008749-002/2024(H5N1)	664	5074
NA|PP755583.1|A/cattle/Texas/24-008749-002/2024(H5N1)	665	5099
NA|PP755583.1|A/cattle/Texas/24-008749-002/2024(H5N1)	666	5111
NA|PP755583.1|A/cattle/Texas/24-008749-002/2024(H5N1)	667	5108
NA|PP755583.1|A/cattle/Texas/24-008749-002/2024(H5N1)	668	5091
NA|PP755583.1|A/cattle/Texas/24-008749-002/2024(H5N1)	669	5065
NA|PP755583.1|A/cattle/Texas/24-008749-002/2024(H5N1)	670	5145
NA|PP755583.1|A/cattle/Texas/24-008749-002/2024(H5N1)	671	5147
NA|PP755583.1|A/cattle/Texas/24-008749-002/2024(H5N1)	672	5147
NA|PP755583.1|A/cattle/Texas/24-008749-002/2024(H5N1)	673	5163
NA|PP755583.1|A/cattle/Texas/24-008749-002/2024(H5N1)	674	5180
NA|PP755583.1|A/cattle/Texas/24-008749-002/2024(H5N1)	675	5283
NA|PP755583.1|A/cattle/Texas/24-008749-002/2024(H5N1)	676	5287
NA|PP755583.1|A/cattle/Texas/24-008749-002/2024(H5N1)	677	5302
NA|PP755583.1|A/cattle/Texas/24-008749-002/2024(H5N1)	678	5294
NA|PP755583.1|A/cattle/Texas/24-008749-002/2024(H5N1)	679	5277
NA|PP755583.1|A/cattle/Texas/24-008749-002/2024(H5N1)	680	5299
NA|PP755583.1|A/cattle/Texas/24-008749-002/2024(H5N1)	681	5301
NA|PP755583.1|A/cattle/Texas/24-008749-002/2024(H5N1)	682	5315
NA|PP755583.1|A/cattle/Texas/24-008749-002/2024(H5N1)	683	5336
NA|PP755583.1|A/cattle/Texas/24-008749-002/2024(H5N1)	684	5427
NA|PP755583.1|A/cattle/Texas/24-008749-002/2024(H5N1)	685	5415
NA|PP755583.1|A/cattle/Texas/24-008749-002/2024(H5N1)	686	5342
NA|PP755583.1|A/cattle/Texas/24-008749-002/2024(H5N1)	687	5331
NA|PP755583.1|A/cattle/Texas/24-008749-002/2024(H5N1)	688	5399
NA|PP755583.1|A/cattle/Texas/24-008749-002/2024(H5N1)	689	5408
NA|PP755583.1|A/cattle/Texas/24-008749-002/2024(H5N1)	690	5452
NA|PP755583.1|A/cattle/Texas/24-008749-002/2024(H5N1)	691	5395
NA|PP755583.1|A/cattle/Texas/24-008749-002/2024(H5N1)	692	5403
NA|PP755583.1|A/cattle/Texas/24-008749-002/2024(H5N1)	693	5360
NA|PP755583.1|A/cattle/Texas/24-008749-002/2024(H5N1)	694	5358
NA|PP755583.1|A/cattle/Texas/24-008749-002/2024(H5N1)	695	5292
NA|PP755583.1|A/cattle/Texas/24-008749-002/2024(H5N1)	696	5285
NA|PP755583.1|A/cattle/Texas/24-008749-002/2024(H5N1)	697	5247
NA|PP755583.1|A/cattle/Texas/24-008749-002/2024(H5N1)	698	5277
NA|PP755583.1|A/cattle/Texas/24-008749-002/2024(H5N1)	699	5407
NA|PP755583.1|A/cattle/Texas/24-008749-002/2024(H5N1)	700	5418
NA|PP755583.1|A/cattle/Texas/24-008749-002/2024(H5N1)	701	5375
NA|PP755583.1|A/cattle/Texas/24-008749-002/2024(H5N1)	702	5321
NA|PP755583.1|A/cattle/Texas/24-008749-002/2024(H5N1)	703	5463
NA|PP755583.1|A/cattle/Texas/24-008749-002/2024(H5N1)	704	5465
NA|PP755583.1|A/cattle/Texas/24-008749-002/2024(H5N1)	705	5469
NA|PP755583.1|A/cattle/Texas/24-008749-002/2024(H5N1)	706	5427
NA|PP755583.1|A/cattle/Texas/24-008749-002/2024(H5N1)	707	5429
NA|PP755583.1|A/cattle/Texas/24-008749-002/2024(H5N1)	708	5349
NA|PP755583.1|A/cattle/Texas/24-008749-002/2024(H5N1)	709	5344
NA|PP755583.1|A/cattle/Texas/24-008749-002/2024(H5N1)	710	5347
NA|PP755583.1|A/cattle/Texas/24-008749-002/2024(H5N1)	711	5378
NA|PP755583.1|A/cattle/Texas/24-008749-002/2024(H5N1)	712	5368
NA|PP755583.1|A/cattle/Texas/24-008749-002/2024(H5N1)	713	5427
NA|PP755583.1|A/cattle/Texas/24-008749-002/2024(H5N1)	714	5494
NA|PP755583.1|A/cattle/Texas/24-008749-002/2024(H5N1)	715	5499
NA|PP755583.1|A/cattle/Texas/24-008749-002/2024(H5N1)	716	5478
NA|PP755583.1|A/cattle/Texas/24-008749-002/2024(H5N1)	717	5589
NA|PP755583.1|A/cattle/Texas/24-008749-002/2024(H5N1)	718	5603
NA|PP755583.1|A/cattle/Texas/24-008749-002/2024(H5N1)	719	5892
NA|PP755583.1|A/cattle/Texas/24-008749-002/2024(H5N1)	720	5807
NA|PP755583.1|A/cattle/Texas/24-008749-002/2024(H5N1)	721	5831
NA|PP755583.1|A/cattle/Texas/24-008749-002/2024(H5N1)	722	5816
NA|PP755583.1|A/cattle/Texas/24-008749-002/2024(H5N1)	723	5837
NA|PP755583.1|A/cattle/Texas/24-008749-002/2024(H5N1)	724	5839
NA|PP755583.1|A/cattle/Texas/24-008749-002/2024(H5N1)	725	5831
NA|PP755583.1|A/cattle/Texas/24-008749-002/2024(H5N1)	726	5845
NA|PP755583.1|A/cattle/Texas/24-008749-002/2024(H5N1)	727	5903
NA|PP755583.1|A/cattle/Texas/24-008749-002/2024(H5N1)	728	6036
NA|PP755583.1|A/cattle/Texas/24-008749-002/2024(H5N1)	729	5977
NA|PP755583.1|A/cattle/Texas/24-008749-002/2024(H5N1)	730	5951
NA|PP755583.1|A/cattle/Texas/24-008749-002/2024(H5N1)	731	6009
NA|PP755583.1|A/cattle/Texas/24-008749-002/2024(H5N1)	732	6017
NA|PP755583.1|A/cattle/Texas/24-008749-002/2024(H5N1)	733	6073
NA|PP755583.1|A/cattle/Texas/24-008749-002/2024(H5N1)	734	6094
NA|PP755583.1|A/cattle/Texas/24-008749-002/2024(H5N1)	735	6145
NA|PP755583.1|A/cattle/Texas/24-008749-002/2024(H5N1)	736	6138
NA|PP755583.1|A/cattle/Texas/24-008749-002/2024(H5N1)	737	5884
NA|PP755583.1|A/cattle/Texas/24-008749-002/2024(H5N1)	738	5907
NA|PP755583.1|A/cattle/Texas/24-008749-002/2024(H5N1)	739	5909
NA|PP755583.1|A/cattle/Texas/24-008749-002/2024(H5N1)	740	6065
NA|PP755583.1|A/cattle/Texas/24-008749-002/2024(H5N1)	741	6146
NA|PP755583.1|A/cattle/Texas/24-008749-002/2024(H5N1)	742	6083
NA|PP755583.1|A/cattle/Texas/24-008749-002/2024(H5N1)	743	6056
NA|PP755583.1|A/cattle/Texas/24-008749-002/2024(H5N1)	744	5979
NA|PP755583.1|A/cattle/Texas/24-008749-002/2024(H5N1)	745	6083
NA|PP755583.1|A/cattle/Texas/24-008749-002/2024(H5N1)	746	6111
NA|PP755583.1|A/cattle/Texas/24-008749-002/2024(H5N1)	747	6110
NA|PP755583.1|A/cattle/Texas/24-008749-002/2024(H5N1)	748	5935
NA|PP755583.1|A/cattle/Texas/24-008749-002/2024(H5N1)	749	5680
NA|PP755583.1|A/cattle/Texas/24-008749-002/2024(H5N1)	750	5640
NA|PP755583.1|A/cattle/Texas/24-008749-002/2024(H5N1)	751	5835
NA|PP755583.1|A/cattle/Texas/24-008749-002/2024(H5N1)	752	5856
NA|PP755583.1|A/cattle/Texas/24-008749-002/2024(H5N1)	753	5796
NA|PP755583.1|A/cattle/Texas/24-008749-002/2024(H5N1)	754	5553
NA|PP755583.1|A/cattle/Texas/24-008749-002/2024(H5N1)	755	5591
NA|PP755583.1|A/cattle/Texas/24-008749-002/2024(H5N1)	756	5627
NA|PP755583.1|A/cattle/Texas/24-008749-002/2024(H5N1)	757	5647
NA|PP755583.1|A/cattle/Texas/24-008749-002/2024(H5N1)	758	5634
NA|PP755583.1|A/cattle/Texas/24-008749-002/2024(H5N1)	759	5609
NA|PP755583.1|A/cattle/Texas/24-008749-002/2024(H5N1)	760	5604
NA|PP755583.1|A/cattle/Texas/24-008749-002/2024(H5N1)	761	5622
NA|PP755583.1|A/cattle/Texas/24-008749-002/2024(H5N1)	762	5611
NA|PP755583.1|A/cattle/Texas/24-008749-002/2024(H5N1)	763	5655
NA|PP755583.1|A/cattle/Texas/24-008749-002/2024(H5N1)	764	5479
NA|PP755583.1|A/cattle/Texas/24-008749-002/2024(H5N1)	765	5548
NA|PP755583.1|A/cattle/Texas/24-008749-002/2024(H5N1)	766	5549
NA|PP755583.1|A/cattle/Texas/24-008749-002/2024(H5N1)	767	5588
NA|PP755583.1|A/cattle/Texas/24-008749-002/2024(H5N1)	768	5538
NA|PP755583.1|A/cattle/Texas/24-008749-002/2024(H5N1)	769	5532
NA|PP755583.1|A/cattle/Texas/24-008749-002/2024(H5N1)	770	5548
NA|PP755583.1|A/cattle/Texas/24-008749-002/2024(H5N1)	771	5554
NA|PP755583.1|A/cattle/Texas/24-008749-002/2024(H5N1)	772	5431
NA|PP755583.1|A/cattle/Texas/24-008749-002/2024(H5N1)	773	5409
NA|PP755583.1|A/cattle/Texas/24-008749-002/2024(H5N1)	774	5267
NA|PP755583.1|A/cattle/Texas/24-008749-002/2024(H5N1)	775	5275
NA|PP755583.1|A/cattle/Texas/24-008749-002/2024(H5N1)	776	5273
NA|PP755583.1|A/cattle/Texas/24-008749-002/2024(H5N1)	777	5276
NA|PP755583.1|A/cattle/Texas/24-008749-002/2024(H5N1)	778	5266
NA|PP755583.1|A/cattle/Texas/24-008749-002/2024(H5N1)	779	5228
NA|PP755583.1|A/cattle/Texas/24-008749-002/2024(H5N1)	780	5173
NA|PP755583.1|A/cattle/Texas/24-008749-002/2024(H5N1)	781	5171
NA|PP755583.1|A/cattle/Texas/24-008749-002/2024(H5N1)	782	5176
NA|PP755583.1|A/cattle/Texas/24-008749-002/2024(H5N1)	783	5150
NA|PP755583.1|A/cattle/Texas/24-008749-002/2024(H5N1)	784	5115
NA|PP755583.1|A/cattle/Texas/24-008749-002/2024(H5N1)	785	5098
NA|PP755583.1|A/cattle/Texas/24-008749-002/2024(H5N1)	786	5089
NA|PP755583.1|A/cattle/Texas/24-008749-002/2024(H5N1)	787	5081
NA|PP755583.1|A/cattle/Texas/24-008749-002/2024(H5N1)	788	5074
NA|PP755583.1|A/cattle/Texas/24-008749-002/2024(H5N1)	789	5053
NA|PP755583.1|A/cattle/Texas/24-008749-002/2024(H5N1)	790	5037
NA|PP755583.1|A/cattle/Texas/24-008749-002/2024(H5N1)	791	5067
NA|PP755583.1|A/cattle/Texas/24-008749-002/2024(H5N1)	792	5061
NA|PP755583.1|A/cattle/Texas/24-008749-002/2024(H5N1)	793	5095
NA|PP755583.1|A/cattle/Texas/24-008749-002/2024(H5N1)	794	5067
NA|PP755583.1|A/cattle/Texas/24-008749-002/2024(H5N1)	795	4962
NA|PP755583.1|A/cattle/Texas/24-008749-002/2024(H5N1)	796	4933
NA|PP755583.1|A/cattle/Texas/24-008749-002/2024(H5N1)	797	4865
NA|PP755583.1|A/cattle/Texas/24-008749-002/2024(H5N1)	798	4831
NA|PP755583.1|A/cattle/Texas/24-008749-002/2024(H5N1)	799	4904
NA|PP755583.1|A/cattle/Texas/24-008749-002/2024(H5N1)	800	4921
NA|PP755583.1|A/cattle/Texas/24-008749-002/2024(H5N1)	801	5152
NA|PP755583.1|A/cattle/Texas/24-008749-002/2024(H5N1)	802	5096
NA|PP755583.1|A/cattle/Texas/24-008749-002/2024(H5N1)	803	5106
NA|PP755583.1|A/cattle/Texas/24-008749-002/2024(H5N1)	804	5263
NA|PP755583.1|A/cattle/Texas/24-008749-002/2024(H5N1)	805	5270
NA|PP755583.1|A/cattle/Texas/24-008749-002/2024(H5N1)	806	5347
NA|PP755583.1|A/cattle/Texas/24-008749-002/2024(H5N1)	807	5355
NA|PP755583.1|A/cattle/Texas/24-008749-002/2024(H5N1)	808	5258
NA|PP755583.1|A/cattle/Texas/24-008749-002/2024(H5N1)	809	5262
NA|PP755583.1|A/cattle/Texas/24-008749-002/2024(H5N1)	810	5262
NA|PP755583.1|A/cattle/Texas/24-008749-002/2024(H5N1)	811	5256
NA|PP755583.1|A/cattle/Texas/24-008749-002/2024(H5N1)	812	5372
NA|PP755583.1|A/cattle/Texas/24-008749-002/2024(H5N1)	813	5372
NA|PP755583.1|A/cattle/Texas/24-008749-002/2024(H5N1)	814	5410
NA|PP755583.1|A/cattle/Texas/24-008749-002/2024(H5N1)	815	5400
NA|PP755583.1|A/cattle/Texas/24-008749-002/2024(H5N1)	816	5386
NA|PP755583.1|A/cattle/Texas/24-008749-002/2024(H5N1)	817	5501
NA|PP755583.1|A/cattle/Texas/24-008749-002/2024(H5N1)	818	5503
NA|PP755583.1|A/cattle/Texas/24-008749-002/2024(H5N1)	819	5505
NA|PP755583.1|A/cattle/Texas/24-008749-002/2024(H5N1)	820	5499
NA|PP755583.1|A/cattle/Texas/24-008749-002/2024(H5N1)	821	5391
NA|PP755583.1|A/cattle/Texas/24-008749-002/2024(H5N1)	822	5444
NA|PP755583.1|A/cattle/Texas/24-008749-002/2024(H5N1)	823	5418
NA|PP755583.1|A/cattle/Texas/24-008749-002/2024(H5N1)	824	5395
NA|PP755583.1|A/cattle/Texas/24-008749-002/2024(H5N1)	825	5405
NA|PP755583.1|A/cattle/Texas/24-008749-002/2024(H5N1)	826	5307
NA|PP755583.1|A/cattle/Texas/24-008749-002/2024(H5N1)	827	5333
NA|PP755583.1|A/cattle/Texas/24-008749-002/2024(H5N1)	828	5310
NA|PP755583.1|A/cattle/Texas/24-008749-002/2024(H5N1)	829	5337
NA|PP755583.1|A/cattle/Texas/24-008749-002/2024(H5N1)	830	5328
NA|PP755583.1|A/cattle/Texas/24-008749-002/2024(H5N1)	831	5314
NA|PP755583.1|A/cattle/Texas/24-008749-002/2024(H5N1)	832	5335
NA|PP755583.1|A/cattle/Texas/24-008749-002/2024(H5N1)	833	5359
NA|PP755583.1|A/cattle/Texas/24-008749-002/2024(H5N1)	834	5380
NA|PP755583.1|A/cattle/Texas/24-008749-002/2024(H5N1)	835	5308
NA|PP755583.1|A/cattle/Texas/24-008749-002/2024(H5N1)	836	5316
NA|PP755583.1|A/cattle/Texas/24-008749-002/2024(H5N1)	837	5264
NA|PP755583.1|A/cattle/Texas/24-008749-002/2024(H5N1)	838	5252
NA|PP755583.1|A/cattle/Texas/24-008749-002/2024(H5N1)	839	5363
NA|PP755583.1|A/cattle/Texas/24-008749-002/2024(H5N1)	840	5456
NA|PP755583.1|A/cattle/Texas/24-008749-002/2024(H5N1)	841	5402
NA|PP755583.1|A/cattle/Texas/24-008749-002/2024(H5N1)	842	5409
NA|PP755583.1|A/cattle/Texas/24-008749-002/2024(H5N1)	843	5379
NA|PP755583.1|A/cattle/Texas/24-008749-002/2024(H5N1)	844	5380
NA|PP755583.1|A/cattle/Texas/24-008749-002/2024(H5N1)	845	5515
NA|PP755583.1|A/cattle/Texas/24-008749-002/2024(H5N1)	846	5490
NA|PP755583.1|A/cattle/Texas/24-008749-002/2024(H5N1)	847	5467
NA|PP755583.1|A/cattle/Texas/24-008749-002/2024(H5N1)	848	5384
NA|PP755583.1|A/cattle/Texas/24-008749-002/2024(H5N1)	849	5247
NA|PP755583.1|A/cattle/Texas/24-008749-002/2024(H5N1)	850	5256
NA|PP755583.1|A/cattle/Texas/24-008749-002/2024(H5N1)	851	5265
NA|PP755583.1|A/cattle/Texas/24-008749-002/2024(H5N1)	852	5266
NA|PP755583.1|A/cattle/Texas/24-008749-002/2024(H5N1)	853	5265
NA|PP755583.1|A/cattle/Texas/24-008749-002/2024(H5N1)	854	5097
NA|PP755583.1|A/cattle/Texas/24-008749-002/2024(H5N1)	855	5161
NA|PP755583.1|A/cattle/Texas/24-008749-002/2024(H5N1)	856	5261
NA|PP755583.1|A/cattle/Texas/24-008749-002/2024(H5N1)	857	5257
NA|PP755583.1|A/cattle/Texas/24-008749-002/2024(H5N1)	858	5247
NA|PP755583.1|A/cattle/Texas/24-008749-002/2024(H5N1)	859	5451
NA|PP755583.1|A/cattle/Texas/24-008749-002/2024(H5N1)	860	5596
NA|PP755583.1|A/cattle/Texas/24-008749-002/2024(H5N1)	861	5753
NA|PP755583.1|A/cattle/Texas/24-008749-002/2024(H5N1)	862	5718
NA|PP755583.1|A/cattle/Texas/24-008749-002/2024(H5N1)	863	5762
NA|PP755583.1|A/cattle/Texas/24-008749-002/2024(H5N1)	864	5633
NA|PP755583.1|A/cattle/Texas/24-008749-002/2024(H5N1)	865	5864
NA|PP755583.1|A/cattle/Texas/24-008749-002/2024(H5N1)	866	5815
NA|PP755583.1|A/cattle/Texas/24-008749-002/2024(H5N1)	867	5845
NA|PP755583.1|A/cattle/Texas/24-008749-002/2024(H5N1)	868	5716
NA|PP755583.1|A/cattle/Texas/24-008749-002/2024(H5N1)	869	5729
NA|PP755583.1|A/cattle/Texas/24-008749-002/2024(H5N1)	870	5410
NA|PP755583.1|A/cattle/Texas/24-008749-002/2024(H5N1)	871	5420
NA|PP755583.1|A/cattle/Texas/24-008749-002/2024(H5N1)	872	5386
NA|PP755583.1|A/cattle/Texas/24-008749-002/2024(H5N1)	873	5498
NA|PP755583.1|A/cattle/Texas/24-008749-002/2024(H5N1)	874	5545
NA|PP755583.1|A/cattle/Texas/24-008749-002/2024(H5N1)	875	6038
NA|PP755583.1|A/cattle/Texas/24-008749-002/2024(H5N1)	876	6120
NA|PP755583.1|A/cattle/Texas/24-008749-002/2024(H5N1)	877	6053
NA|PP755583.1|A/cattle/Texas/24-008749-002/2024(H5N1)	878	6067
NA|PP755583.1|A/cattle/Texas/24-008749-002/2024(H5N1)	879	6092
NA|PP755583.1|A/cattle/Texas/24-008749-002/2024(H5N1)	880	6134
NA|PP755583.1|A/cattle/Texas/24-008749-002/2024(H5N1)	881	6127
NA|PP755583.1|A/cattle/Texas/24-008749-002/2024(H5N1)	882	6295
NA|PP755583.1|A/cattle/Texas/24-008749-002/2024(H5N1)	883	6312
NA|PP755583.1|A/cattle/Texas/24-008749-002/2024(H5N1)	884	6359
NA|PP755583.1|A/cattle/Texas/24-008749-002/2024(H5N1)	885	6343
NA|PP755583.1|A/cattle/Texas/24-008749-002/2024(H5N1)	886	6282
NA|PP755583.1|A/cattle/Texas/24-008749-002/2024(H5N1)	887	6325
NA|PP755583.1|A/cattle/Texas/24-008749-002/2024(H5N1)	888	6330
NA|PP755583.1|A/cattle/Texas/24-008749-002/2024(H5N1)	889	6297
NA|PP755583.1|A/cattle/Texas/24-008749-002/2024(H5N1)	890	6286
NA|PP755583.1|A/cattle/Texas/24-008749-002/2024(H5N1)	891	6016
NA|PP755583.1|A/cattle/Texas/24-008749-002/2024(H5N1)	892	6399
NA|PP755583.1|A/cattle/Texas/24-008749-002/2024(H5N1)	893	6618
NA|PP755583.1|A/cattle/Texas/24-008749-002/2024(H5N1)	894	6556
NA|PP755583.1|A/cattle/Texas/24-008749-002/2024(H5N1)	895	6556
NA|PP755583.1|A/cattle/Texas/24-008749-002/2024(H5N1)	896	6515
NA|PP755583.1|A/cattle/Texas/24-008749-002/2024(H5N1)	897	6516
NA|PP755583.1|A/cattle/Texas/24-008749-002/2024(H5N1)	898	6580
NA|PP755583.1|A/cattle/Texas/24-008749-002/2024(H5N1)	899	6580
NA|PP755583.1|A/cattle/Texas/24-008749-002/2024(H5N1)	900	6564
NA|PP755583.1|A/cattle/Texas/24-008749-002/2024(H5N1)	901	6372
NA|PP755583.1|A/cattle/Texas/24-008749-002/2024(H5N1)	902	6402
NA|PP755583.1|A/cattle/Texas/24-008749-002/2024(H5N1)	903	6474
NA|PP755583.1|A/cattle/Texas/24-008749-002/2024(H5N1)	904	6473
NA|PP755583.1|A/cattle/Texas/24-008749-002/2024(H5N1)	905	6435
NA|PP755583.1|A/cattle/Texas/24-008749-002/2024(H5N1)	906	6452
NA|PP755583.1|A/cattle/Texas/24-008749-002/2024(H5N1)	907	6443
NA|PP755583.1|A/cattle/Texas/24-008749-002/2024(H5N1)	908	6495
NA|PP755583.1|A/cattle/Texas/24-008749-002/2024(H5N1)	909	6544
NA|PP755583.1|A/cattle/Texas/24-008749-002/2024(H5N1)	910	6560
NA|PP755583.1|A/cattle/Texas/24-008749-002/2024(H5N1)	911	6534
NA|PP755583.1|A/cattle/Texas/24-008749-002/2024(H5N1)	912	6494
NA|PP755583.1|A/cattle/Texas/24-008749-002/2024(H5N1)	913	6498
NA|PP755583.1|A/cattle/Texas/24-008749-002/2024(H5N1)	914	6393
NA|PP755583.1|A/cattle/Texas/24-008749-002/2024(H5N1)	915	6379
NA|PP755583.1|A/cattle/Texas/24-008749-002/2024(H5N1)	916	6369
NA|PP755583.1|A/cattle/Texas/24-008749-002/2024(H5N1)	917	6446
NA|PP755583.1|A/cattle/Texas/24-008749-002/2024(H5N1)	918	6402
NA|PP755583.1|A/cattle/Texas/24-008749-002/2024(H5N1)	919	6676
NA|PP755583.1|A/cattle/Texas/24-008749-002/2024(H5N1)	920	6687
NA|PP755583.1|A/cattle/Texas/24-008749-002/2024(H5N1)	921	6664
NA|PP755583.1|A/cattle/Texas/24-008749-002/2024(H5N1)	922	6654
NA|PP755583.1|A/cattle/Texas/24-008749-002/2024(H5N1)	923	6634
NA|PP755583.1|A/cattle/Texas/24-008749-002/2024(H5N1)	924	6637
NA|PP755583.1|A/cattle/Texas/24-008749-002/2024(H5N1)	925	6709
NA|PP755583.1|A/cattle/Texas/24-008749-002/2024(H5N1)	926	6778
NA|PP755583.1|A/cattle/Texas/24-008749-002/2024(H5N1)	927	6782
NA|PP755583.1|A/cattle/Texas/24-008749-002/2024(H5N1)	928	6765
NA|PP755583.1|A/cattle/Texas/24-008749-002/2024(H5N1)	929	6757
NA|PP755583.1|A/cattle/Texas/24-008749-002/2024(H5N1)	930	6765
NA|PP755583.1|A/cattle/Texas/24-008749-002/2024(H5N1)	931	6771
NA|PP755583.1|A/cattle/Texas/24-008749-002/2024(H5N1)	932	6764
NA|PP755583.1|A/cattle/Texas/24-008749-002/2024(H5N1)	933	6923
NA|PP755583.1|A/cattle/Texas/24-008749-002/2024(H5N1)	934	6932
NA|PP755583.1|A/cattle/Texas/24-008749-002/2024(H5N1)	935	7026
NA|PP755583.1|A/cattle/Texas/24-008749-002/2024(H5N1)	936	7026
NA|PP755583.1|A/cattle/Texas/24-008749-002/2024(H5N1)	937	7053
NA|PP755583.1|A/cattle/Texas/24-008749-002/2024(H5N1)	938	7084
NA|PP755583.1|A/cattle/Texas/24-008749-002/2024(H5N1)	939	7091
NA|PP755583.1|A/cattle/Texas/24-008749-002/2024(H5N1)	940	7082
NA|PP755583.1|A/cattle/Texas/24-008749-002/2024(H5N1)	941	7095
NA|PP755583.1|A/cattle/Texas/24-008749-002/2024(H5N1)	942	7043
NA|PP755583.1|A/cattle/Texas/24-008749-002/2024(H5N1)	943	7550
NA|PP755583.1|A/cattle/Texas/24-008749-002/2024(H5N1)	944	7562
NA|PP755583.1|A/cattle/Texas/24-008749-002/2024(H5N1)	945	7606
NA|PP755583.1|A/cattle/Texas/24-008749-002/2024(H5N1)	946	7957
NA|PP755583.1|A/cattle/Texas/24-008749-002/2024(H5N1)	947	8013
NA|PP755583.1|A/cattle/Texas/24-008749-002/2024(H5N1)	948	8206
NA|PP755583.1|A/cattle/Texas/24-008749-002/2024(H5N1)	949	8236
NA|PP755583.1|A/cattle/Texas/24-008749-002/2024(H5N1)	950	8182
NA|PP755583.1|A/cattle/Texas/24-008749-002/2024(H5N1)	951	8187
NA|PP755583.1|A/cattle/Texas/24-008749-002/2024(H5N1)	952	7903
NA|PP755583.1|A/cattle/Texas/24-008749-002/2024(H5N1)	953	7881
NA|PP755583.1|A/cattle/Texas/24-008749-002/2024(H5N1)	954	7877
NA|PP755583.1|A/cattle/Texas/24-008749-002/2024(H5N1)	955	7672
NA|PP755583.1|A/cattle/Texas/24-008749-002/2024(H5N1)	956	7680
NA|PP755583.1|A/cattle/Texas/24-008749-002/2024(H5N1)	957	7737
NA|PP755583.1|A/cattle/Texas/24-008749-002/2024(H5N1)	958	7735
NA|PP755583.1|A/cattle/Texas/24-008749-002/2024(H5N1)	959	7737
NA|PP755583.1|A/cattle/Texas/24-008749-002/2024(H5N1)	960	7723
NA|PP755583.1|A/cattle/Texas/24-008749-002/2024(H5N1)	961	7723
NA|PP755583.1|A/cattle/Texas/24-008749-002/2024(H5N1)	962	7722
NA|PP755583.1|A/cattle/Texas/24-008749-002/2024(H5N1)	963	7627
NA|PP755583.1|A/cattle/Texas/24-008749-002/2024(H5N1)	964	7674
NA|PP755583.1|A/cattle/Texas/24-008749-002/2024(H5N1)	965	7636
NA|PP755583.1|A/cattle/Texas/24-008749-002/2024(H5N1)	966	7625
NA|PP755583.1|A/cattle/Texas/24-008749-002/2024(H5N1)	967	7616
NA|PP755583.1|A/cattle/Texas/24-008749-002/2024(H5N1)	968	7637
NA|PP755583.1|A/cattle/Texas/24-008749-002/2024(H5N1)	969	7677
NA|PP755583.1|A/cattle/Texas/24-008749-002/2024(H5N1)	970	7745
NA|PP755583.1|A/cattle/Texas/24-008749-002/2024(H5N1)	971	7745
NA|PP755583.1|A/cattle/Texas/24-008749-002/2024(H5N1)	972	7738
NA|PP755583.1|A/cattle/Texas/24-008749-002/2024(H5N1)	973	7700
NA|PP755583.1|A/cattle/Texas/24-008749-002/2024(H5N1)	974	7842
NA|PP755583.1|A/cattle/Texas/24-008749-002/2024(H5N1)	975	7875
NA|PP755583.1|A/cattle/Texas/24-008749-002/2024(H5N1)	976	7853
NA|PP755583.1|A/cattle/Texas/24-008749-002/2024(H5N1)	977	7935
NA|PP755583.1|A/cattle/Texas/24-008749-002/2024(H5N1)	978	7901
NA|PP755583.1|A/cattle/Texas/24-008749-002/2024(H5N1)	979	7897
NA|PP755583.1|A/cattle/Texas/24-008749-002/2024(H5N1)	980	7908
NA|PP755583.1|A/cattle/Texas/24-008749-002/2024(H5N1)	981	7994
NA|PP755583.1|A/cattle/Texas/24-008749-002/2024(H5N1)	982	7974
NA|PP755583.1|A/cattle/Texas/24-008749-002/2024(H5N1)	983	7922
NA|PP755583.1|A/cattle/Texas/24-008749-002/2024(H5N1)	984	7900
NA|PP755583.1|A/cattle/Texas/24-008749-002/2024(H5N1)	985	7910
NA|PP755583.1|A/cattle/Texas/24-008749-002/2024(H5N1)	986	7938
NA|PP755583.1|A/cattle/Texas/24-008749-002/2024(H5N1)	987	8020
NA|PP755583.1|A/cattle/Texas/24-008749-002/2024(H5N1)	988	7999
NA|PP755583.1|A/cattle/Texas/24-008749-002/2024(H5N1)	989	8005
NA|PP755583.1|A/cattle/Texas/24-008749-002/2024(H5N1)	990	7897
NA|PP755583.1|A/cattle/Texas/24-008749-002/2024(H5N1)	991	7828
NA|PP755583.1|A/cattle/Texas/24-008749-002/2024(H5N1)	992	7897
NA|PP755583.1|A/cattle/Texas/24-008749-002/2024(H5N1)	993	8039
NA|PP755583.1|A/cattle/Texas/24-008749-002/2024(H5N1)	994	8037
NA|PP755583.1|A/cattle/Texas/24-008749-002/2024(H5N1)	995	7919
NA|PP755583.1|A/cattle/Texas/24-008749-002/2024(H5N1)	996	7860
NA|PP755583.1|A/cattle/Texas/24-008749-002/2024(H5N1)	997	8041
NA|PP755583.1|A/cattle/Texas/24-008749-002/2024(H5N1)	998	8215
NA|PP755583.1|A/cattle/Texas/24-008749-002/2024(H5N1)	999	8337
NA|PP755583.1|A/cattle/Texas/24-008749-002/2024(H5N1)	1000	8305
NA|PP755583.1|A/cattle/Texas/24-008749-002/2024(H5N1)	1001	8409
NA|PP755583.1|A/cattle/Texas/24-008749-002/2024(H5N1)	1002	8605
NA|PP755583.1|A/cattle/Texas/24-008749-002/2024(H5N1)	1003	8602
NA|PP755583.1|A/cattle/Texas/24-008749-002/2024(H5N1)	1004	8606
NA|PP755583.1|A/cattle/Texas/24-008749-002/2024(H5N1)	1005	8546
NA|PP755583.1|A/cattle/Texas/24-008749-002/2024(H5N1)	1006	8445
NA|PP755583.1|A/cattle/Texas/24-008749-002/2024(H5N1)	1007	8836
NA|PP755583.1|A/cattle/Texas/24-008749-002/2024(H5N1)	1008	8961
NA|PP755583.1|A/cattle/Texas/24-008749-002/2024(H5N1)	1009	8842
NA|PP755583.1|A/cattle/Texas/24-008749-002/2024(H5N1)	1010	8738
NA|PP755583.1|A/cattle/Texas/24-008749-002/2024(H5N1)	1011	8697
NA|PP755583.1|A/cattle/Texas/24-008749-002/2024(H5N1)	1012	8560
NA|PP755583.1|A/cattle/Texas/24-008749-002/2024(H5N1)	1013	8624
NA|PP755583.1|A/cattle/Texas/24-008749-002/2024(H5N1)	1014	8690
NA|PP755583.1|A/cattle/Texas/24-008749-002/2024(H5N1)	1015	8716
NA|PP755583.1|A/cattle/Texas/24-008749-002/2024(H5N1)	1016	8482
NA|PP755583.1|A/cattle/Texas/24-008749-002/2024(H5N1)	1017	8427
NA|PP755583.1|A/cattle/Texas/24-008749-002/2024(H5N1)	1018	8416
NA|PP755583.1|A/cattle/Texas/24-008749-002/2024(H5N1)	1019	8709
NA|PP755583.1|A/cattle/Texas/24-008749-002/2024(H5N1)	1020	8712
NA|PP755583.1|A/cattle/Texas/24-008749-002/2024(H5N1)	1021	8756
NA|PP755583.1|A/cattle/Texas/24-008749-002/2024(H5N1)	1022	8748
NA|PP755583.1|A/cattle/Texas/24-008749-002/2024(H5N1)	1023	8681
NA|PP755583.1|A/cattle/Texas/24-008749-002/2024(H5N1)	1024	8592
NA|PP755583.1|A/cattle/Texas/24-008749-002/2024(H5N1)	1025	8653
NA|PP755583.1|A/cattle/Texas/24-008749-002/2024(H5N1)	1026	8623
NA|PP755583.1|A/cattle/Texas/24-008749-002/2024(H5N1)	1027	8869
NA|PP755583.1|A/cattle/Texas/24-008749-002/2024(H5N1)	1028	8657
NA|PP755583.1|A/cattle/Texas/24-008749-002/2024(H5N1)	1029	8693
NA|PP755583.1|A/cattle/Texas/24-008749-002/2024(H5N1)	1030	8666
NA|PP755583.1|A/cattle/Texas/24-008749-002/2024(H5N1)	1031	8661
NA|PP755583.1|A/cattle/Texas/24-008749-002/2024(H5N1)	1032	8665
NA|PP755583.1|A/cattle/Texas/24-008749-002/2024(H5N1)	1033	8489
NA|PP755583.1|A/cattle/Texas/24-008749-002/2024(H5N1)	1034	8803
NA|PP755583.1|A/cattle/Texas/24-008749-002/2024(H5N1)	1035	8765
NA|PP755583.1|A/cattle/Texas/24-008749-002/2024(H5N1)	1036	8862
NA|PP755583.1|A/cattle/Texas/24-008749-002/2024(H5N1)	1037	8899
NA|PP755583.1|A/cattle/Texas/24-008749-002/2024(H5N1)	1038	8836
NA|PP755583.1|A/cattle/Texas/24-008749-002/2024(H5N1)	1039	8835
NA|PP755583.1|A/cattle/Texas/24-008749-002/2024(H5N1)	1040	8879
NA|PP755583.1|A/cattle/Texas/24-008749-002/2024(H5N1)	1041	8881
NA|PP755583.1|A/cattle/Texas/24-008749-002/2024(H5N1)	1042	8895
NA|PP755583.1|A/cattle/Texas/24-008749-002/2024(H5N1)	1043	8437
NA|PP755583.1|A/cattle/Texas/24-008749-002/2024(H5N1)	1044	8373
NA|PP755583.1|A/cattle/Texas/24-008749-002/2024(H5N1)	1045	8331
NA|PP755583.1|A/cattle/Texas/24-008749-002/2024(H5N1)	1046	8331
NA|PP755583.1|A/cattle/Texas/24-008749-002/2024(H5N1)	1047	8339
NA|PP755583.1|A/cattle/Texas/24-008749-002/2024(H5N1)	1048	8342
NA|PP755583.1|A/cattle/Texas/24-008749-002/2024(H5N1)	1049	8339
NA|PP755583.1|A/cattle/Texas/24-008749-002/2024(H5N1)	1050	8342
NA|PP755583.1|A/cattle/Texas/24-008749-002/2024(H5N1)	1051	8363
NA|PP755583.1|A/cattle/Texas/24-008749-002/2024(H5N1)	1052	8359
NA|PP755583.1|A/cattle/Texas/24-008749-002/2024(H5N1)	1053	8309
NA|PP755583.1|A/cattle/Texas/24-008749-002/2024(H5N1)	1054	8793
NA|PP755583.1|A/cattle/Texas/24-008749-002/2024(H5N1)	1055	8794
NA|PP755583.1|A/cattle/Texas/24-008749-002/2024(H5N1)	1056	8844
NA|PP755583.1|A/cattle/Texas/24-008749-002/2024(H5N1)	1057	8838
NA|PP755583.1|A/cattle/Texas/24-008749-002/2024(H5N1)	1058	8972
NA|PP755583.1|A/cattle/Texas/24-008749-002/2024(H5N1)	1059	9556
NA|PP755583.1|A/cattle/Texas/24-008749-002/2024(H5N1)	1060	9550
NA|PP755583.1|A/cattle/Texas/24-008749-002/2024(H5N1)	1061	10182
NA|PP755583.1|A/cattle/Texas/24-008749-002/2024(H5N1)	1062	10189
NA|PP755583.1|A/cattle/Texas/24-008749-002/2024(H5N1)	1063	10185
NA|PP755583.1|A/cattle/Texas/24-008749-002/2024(H5N1)	1064	10211
NA|PP755583.1|A/cattle/Texas/24-008749-002/2024(H5N1)	1065	10147
NA|PP755583.1|A/cattle/Texas/24-008749-002/2024(H5N1)	1066	10157
NA|PP755583.1|A/cattle/Texas/24-008749-002/2024(H5N1)	1067	10191
NA|PP755583.1|A/cattle/Texas/24-008749-002/2024(H5N1)	1068	10224
NA|PP755583.1|A/cattle/Texas/24-008749-002/2024(H5N1)	1069	10236
NA|PP755583.1|A/cattle/Texas/24-008749-002/2024(H5N1)	1070	9884
NA|PP755583.1|A/cattle/Texas/24-008749-002/2024(H5N1)	1071	9881
NA|PP755583.1|A/cattle/Texas/24-008749-002/2024(H5N1)	1072	9936
NA|PP755583.1|A/cattle/Texas/24-008749-002/2024(H5N1)	1073	9936
NA|PP755583.1|A/cattle/Texas/24-008749-002/2024(H5N1)	1074	9971
NA|PP755583.1|A/cattle/Texas/24-008749-002/2024(H5N1)	1075	9976
NA|PP755583.1|A/cattle/Texas/24-008749-002/2024(H5N1)	1076	9901
NA|PP755583.1|A/cattle/Texas/24-008749-002/2024(H5N1)	1077	9803
NA|PP755583.1|A/cattle/Texas/24-008749-002/2024(H5N1)	1078	9795
NA|PP755583.1|A/cattle/Texas/24-008749-002/2024(H5N1)	1079	9860
NA|PP755583.1|A/cattle/Texas/24-008749-002/2024(H5N1)	1080	9882
NA|PP755583.1|A/cattle/Texas/24-008749-002/2024(H5N1)	1081	9876
NA|PP755583.1|A/cattle/Texas/24-008749-002/2024(H5N1)	1082	9901
NA|PP755583.1|A/cattle/Texas/24-008749-002/2024(H5N1)	1083	9892
NA|PP755583.1|A/cattle/Texas/24-008749-002/2024(H5N1)	1084	10044
NA|PP755583.1|A/cattle/Texas/24-008749-002/2024(H5N1)	1085	9976
NA|PP755583.1|A/cattle/Texas/24-008749-002/2024(H5N1)	1086	9977
NA|PP755583.1|A/cattle/Texas/24-008749-002/2024(H5N1)	1087	9990
NA|PP755583.1|A/cattle/Texas/24-008749-002/2024(H5N1)	1088	9931
NA|PP755583.1|A/cattle/Texas/24-008749-002/2024(H5N1)	1089	9960
NA|PP755583.1|A/cattle/Texas/24-008749-002/2024(H5N1)	1090	9952
NA|PP755583.1|A/cattle/Texas/24-008749-002/2024(H5N1)	1091	10005
NA|PP755583.1|A/cattle/Texas/24-008749-002/2024(H5N1)	1092	10018
NA|PP755583.1|A/cattle/Texas/24-008749-002/2024(H5N1)	1093	10003
NA|PP755583.1|A/cattle/Texas/24-008749-002/2024(H5N1)	1094	9551
NA|PP755583.1|A/cattle/Texas/24-008749-002/2024(H5N1)	1095	9540
NA|PP755583.1|A/cattle/Texas/24-008749-002/2024(H5N1)	1096	9667
NA|PP755583.1|A/cattle/Texas/24-008749-002/2024(H5N1)	1097	9365
NA|PP755583.1|A/cattle/Texas/24-008749-002/2024(H5N1)	1098	9967
NA|PP755583.1|A/cattle/Texas/24-008749-002/2024(H5N1)	1099	9814
NA|PP755583.1|A/cattle/Texas/24-008749-002/2024(H5N1)	1100	9779
NA|PP755583.1|A/cattle/Texas/24-008749-002/2024(H5N1)	1101	9734
NA|PP755583.1|A/cattle/Texas/24-008749-002/2024(H5N1)	1102	9734
NA|PP755583.1|A/cattle/Texas/24-008749-002/2024(H5N1)	1103	9745
NA|PP755583.1|A/cattle/Texas/24-008749-002/2024(H5N1)	1104	9822
NA|PP755583.1|A/cattle/Texas/24-008749-002/2024(H5N1)	1105	9701
NA|PP755583.1|A/cattle/Texas/24-008749-002/2024(H5N1)	1106	9700
NA|PP755583.1|A/cattle/Texas/24-008749-002/2024(H5N1)	1107	9595
NA|PP755583.1|A/cattle/Texas/24-008749-002/2024(H5N1)	1108	9593
NA|PP755583.1|A/cattle/Texas/24-008749-002/2024(H5N1)	1109	9906
NA|PP755583.1|A/cattle/Texas/24-008749-002/2024(H5N1)	1110	9927
NA|PP755583.1|A/cattle/Texas/24-008749-002/2024(H5N1)	1111	9927
NA|PP755583.1|A/cattle/Texas/24-008749-002/2024(H5N1)	1112	9928
NA|PP755583.1|A/cattle/Texas/24-008749-002/2024(H5N1)	1113	9926
NA|PP755583.1|A/cattle/Texas/24-008749-002/2024(H5N1)	1114	9945
NA|PP755583.1|A/cattle/Texas/24-008749-002/2024(H5N1)	1115	9947
NA|PP755583.1|A/cattle/Texas/24-008749-002/2024(H5N1)	1116	9959
NA|PP755583.1|A/cattle/Texas/24-008749-002/2024(H5N1)	1117	10013
NA|PP755583.1|A/cattle/Texas/24-008749-002/2024(H5N1)	1118	9881
NA|PP755583.1|A/cattle/Texas/24-008749-002/2024(H5N1)	1119	10034
NA|PP755583.1|A/cattle/Texas/24-008749-002/2024(H5N1)	1120	10094
NA|PP755583.1|A/cattle/Texas/24-008749-002/2024(H5N1)	1121	10311
NA|PP755583.1|A/cattle/Texas/24-008749-002/2024(H5N1)	1122	10313
NA|PP755583.1|A/cattle/Texas/24-008749-002/2024(H5N1)	1123	10291
NA|PP755583.1|A/cattle/Texas/24-008749-002/2024(H5N1)	1124	10292
NA|PP755583.1|A/cattle/Texas/24-008749-002/2024(H5N1)	1125	10183
NA|PP755583.1|A/cattle/Texas/24-008749-002/2024(H5N1)	1126	10159
NA|PP755583.1|A/cattle/Texas/24-008749-002/2024(H5N1)	1127	10200
NA|PP755583.1|A/cattle/Texas/24-008749-002/2024(H5N1)	1128	10088
NA|PP755583.1|A/cattle/Texas/24-008749-002/2024(H5N1)	1129	10140
NA|PP755583.1|A/cattle/Texas/24-008749-002/2024(H5N1)	1130	10082
NA|PP755583.1|A/cattle/Texas/24-008749-002/2024(H5N1)	1131	10092
NA|PP755583.1|A/cattle/Texas/24-008749-002/2024(H5N1)	1132	10154
NA|PP755583.1|A/cattle/Texas/24-008749-002/2024(H5N1)	1133	10199
NA|PP755583.1|A/cattle/Texas/24-008749-002/2024(H5N1)	1134	10299
NA|PP755583.1|A/cattle/Texas/24-008749-002/2024(H5N1)	1135	10298
NA|PP755583.1|A/cattle/Texas/24-008749-002/2024(H5N1)	1136	10405
NA|PP755583.1|A/cattle/Texas/24-008749-002/2024(H5N1)	1137	10638
NA|PP755583.1|A/cattle/Texas/24-008749-002/2024(H5N1)	1138	10653
NA|PP755583.1|A/cattle/Texas/24-008749-002/2024(H5N1)	1139	10765
NA|PP755583.1|A/cattle/Texas/24-008749-002/2024(H5N1)	1140	10879
NA|PP755583.1|A/cattle/Texas/24-008749-002/2024(H5N1)	1141	10887
NA|PP755583.1|A/cattle/Texas/24-008749-002/2024(H5N1)	1142	10804
NA|PP755583.1|A/cattle/Texas/24-008749-002/2024(H5N1)	1143	10632
NA|PP755583.1|A/cattle/Texas/24-008749-002/2024(H5N1)	1144	10742
NA|PP755583.1|A/cattle/Texas/24-008749-002/2024(H5N1)	1145	10649
NA|PP755583.1|A/cattle/Texas/24-008749-002/2024(H5N1)	1146	10661
NA|PP755583.1|A/cattle/Texas/24-008749-002/2024(H5N1)	1147	10825
NA|PP755583.1|A/cattle/Texas/24-008749-002/2024(H5N1)	1148	10561
NA|PP755583.1|A/cattle/Texas/24-008749-002/2024(H5N1)	1149	10627
NA|PP755583.1|A/cattle/Texas/24-008749-002/2024(H5N1)	1150	10727
NA|PP755583.1|A/cattle/Texas/24-008749-002/2024(H5N1)	1151	10716
NA|PP755583.1|A/cattle/Texas/24-008749-002/2024(H5N1)	1152	10569
NA|PP755583.1|A/cattle/Texas/24-008749-002/2024(H5N1)	1153	10426
NA|PP755583.1|A/cattle/Texas/24-008749-002/2024(H5N1)	1154	10552
NA|PP755583.1|A/cattle/Texas/24-008749-002/2024(H5N1)	1155	10616
NA|PP755583.1|A/cattle/Texas/24-008749-002/2024(H5N1)	1156	10612
NA|PP755583.1|A/cattle/Texas/24-008749-002/2024(H5N1)	1157	10647
NA|PP755583.1|A/cattle/Texas/24-008749-002/2024(H5N1)	1158	10170
NA|PP755583.1|A/cattle/Texas/24-008749-002/2024(H5N1)	1159	10169
NA|PP755583.1|A/cattle/Texas/24-008749-002/2024(H5N1)	1160	10114
NA|PP755583.1|A/cattle/Texas/24-008749-002/2024(H5N1)	1161	10063
NA|PP755583.1|A/cattle/Texas/24-008749-002/2024(H5N1)	1162	10050
NA|PP755583.1|A/cattle/Texas/24-008749-002/2024(H5N1)	1163	10085
NA|PP755583.1|A/cattle/Texas/24-008749-002/2024(H5N1)	1164	9962
NA|PP755583.1|A/cattle/Texas/24-008749-002/2024(H5N1)	1165	9885
NA|PP755583.1|A/cattle/Texas/24-008749-002/2024(H5N1)	1166	9860
NA|PP755583.1|A/cattle/Texas/24-008749-002/2024(H5N1)	1167	9854
NA|PP755583.1|A/cattle/Texas/24-008749-002/2024(H5N1)	1168	9877
NA|PP755583.1|A/cattle/Texas/24-008749-002/2024(H5N1)	1169	9878
NA|PP755583.1|A/cattle/Texas/24-008749-002/2024(H5N1)	1170	9563
NA|PP755583.1|A/cattle/Texas/24-008749-002/2024(H5N1)	1171	9543
NA|PP755583.1|A/cattle/Texas/24-008749-002/2024(H5N1)	1172	9502
NA|PP755583.1|A/cattle/Texas/24-008749-002/2024(H5N1)	1173	9520
NA|PP755583.1|A/cattle/Texas/24-008749-002/2024(H5N1)	1174	9511
NA|PP755583.1|A/cattle/Texas/24-008749-002/2024(H5N1)	1175	9656
NA|PP755583.1|A/cattle/Texas/24-008749-002/2024(H5N1)	1176	9437
NA|PP755583.1|A/cattle/Texas/24-008749-002/2024(H5N1)	1177	9160
NA|PP755583.1|A/cattle/Texas/24-008749-002/2024(H5N1)	1178	9235
NA|PP755583.1|A/cattle/Texas/24-008749-002/2024(H5N1)	1179	9193
NA|PP755583.1|A/cattle/Texas/24-008749-002/2024(H5N1)	1180	9169
NA|PP755583.1|A/cattle/Texas/24-008749-002/2024(H5N1)	1181	9191
NA|PP755583.1|A/cattle/Texas/24-008749-002/2024(H5N1)	1182	9187
NA|PP755583.1|A/cattle/Texas/24-008749-002/2024(H5N1)	1183	9191
NA|PP755583.1|A/cattle/Texas/24-008749-002/2024(H5N1)	1184	9461
NA|PP755583.1|A/cattle/Texas/24-008749-002/2024(H5N1)	1185	9192
NA|PP755583.1|A/cattle/Texas/24-008749-002/2024(H5N1)	1186	9167
NA|PP755583.1|A/cattle/Texas/24-008749-002/2024(H5N1)	1187	9088
NA|PP755583.1|A/cattle/Texas/24-008749-002/2024(H5N1)	1188	9155
NA|PP755583.1|A/cattle/Texas/24-008749-002/2024(H5N1)	1189	9140
NA|PP755583.1|A/cattle/Texas/24-008749-002/2024(H5N1)	1190	9237
NA|PP755583.1|A/cattle/Texas/24-008749-002/2024(H5N1)	1191	9191
NA|PP755583.1|A/cattle/Texas/24-008749-002/2024(H5N1)	1192	9195
NA|PP755583.1|A/cattle/Texas/24-008749-002/2024(H5N1)	1193	9192
NA|PP755583.1|A/cattle/Texas/24-008749-002/2024(H5N1)	1194	9171
NA|PP755583.1|A/cattle/Texas/24-008749-002/2024(H5N1)	1195	9151
NA|PP755583.1|A/cattle/Texas/24-008749-002/2024(H5N1)	1196	9559
NA|PP755583.1|A/cattle/Texas/24-008749-002/2024(H5N1)	1197	9575
NA|PP755583.1|A/cattle/Texas/24-008749-002/2024(H5N1)	1198	9656
NA|PP755583.1|A/cattle/Texas/24-008749-002/2024(H5N1)	1199	9618
NA|PP755583.1|A/cattle/Texas/24-008749-002/2024(H5N1)	1200	9624
NA|PP755583.1|A/cattle/Texas/24-008749-002/2024(H5N1)	1201	10164
NA|PP755583.1|A/cattle/Texas/24-008749-002/2024(H5N1)	1202	10285
NA|PP755583.1|A/cattle/Texas/24-008749-002/2024(H5N1)	1203	10328
NA|PP755583.1|A/cattle/Texas/24-008749-002/2024(H5N1)	1204	10326
NA|PP755583.1|A/cattle/Texas/24-008749-002/2024(H5N1)	1205	9916
NA|PP755583.1|A/cattle/Texas/24-008749-002/2024(H5N1)	1206	9933
NA|PP755583.1|A/cattle/Texas/24-008749-002/2024(H5N1)	1207	9872
NA|PP755583.1|A/cattle/Texas/24-008749-002/2024(H5N1)	1208	9879
NA|PP755583.1|A/cattle/Texas/24-008749-002/2024(H5N1)	1209	9712
NA|PP755583.1|A/cattle/Texas/24-008749-002/2024(H5N1)	1210	9011
NA|PP755583.1|A/cattle/Texas/24-008749-002/2024(H5N1)	1211	8969
NA|PP755583.1|A/cattle/Texas/24-008749-002/2024(H5N1)	1212	8597
NA|PP755583.1|A/cattle/Texas/24-008749-002/2024(H5N1)	1213	8648
NA|PP755583.1|A/cattle/Texas/24-008749-002/2024(H5N1)	1214	8674
NA|PP755583.1|A/cattle/Texas/24-008749-002/2024(H5N1)	1215	8765
NA|PP755583.1|A/cattle/Texas/24-008749-002/2024(H5N1)	1216	8759
NA|PP755583.1|A/cattle/Texas/24-008749-002/2024(H5N1)	1217	8855
NA|PP755583.1|A/cattle/Texas/24-008749-002/2024(H5N1)	1218	8841
NA|PP755583.1|A/cattle/Texas/24-008749-002/2024(H5N1)	1219	8734
NA|PP755583.1|A/cattle/Texas/24-008749-002/2024(H5N1)	1220	8723
NA|PP755583.1|A/cattle/Texas/24-008749-002/2024(H5N1)	1221	8722
NA|PP755583.1|A/cattle/Texas/24-008749-002/2024(H5N1)	1222	8722
NA|PP755583.1|A/cattle/Texas/24-008749-002/2024(H5N1)	1223	8656
NA|PP755583.1|A/cattle/Texas/24-008749-002/2024(H5N1)	1224	8676
NA|PP755583.1|A/cattle/Texas/24-008749-002/2024(H5N1)	1225	9044
NA|PP755583.1|A/cattle/Texas/24-008749-002/2024(H5N1)	1226	9231
NA|PP755583.1|A/cattle/Texas/24-008749-002/2024(H5N1)	1227	9299
NA|PP755583.1|A/cattle/Texas/24-008749-002/2024(H5N1)	1228	9323
NA|PP755583.1|A/cattle/Texas/24-008749-002/2024(H5N1)	1229	9260
NA|PP755583.1|A/cattle/Texas/24-008749-002/2024(H5N1)	1230	9234
NA|PP755583.1|A/cattle/Texas/24-008749-002/2024(H5N1)	1231	9272
NA|PP755583.1|A/cattle/Texas/24-008749-002/2024(H5N1)	1232	9334
NA|PP755583.1|A/cattle/Texas/24-008749-002/2024(H5N1)	1233	9280
NA|PP755583.1|A/cattle/Texas/24-008749-002/2024(H5N1)	1234	9273
NA|PP755583.1|A/cattle/Texas/24-008749-002/2024(H5N1)	1235	8972
NA|PP755583.1|A/cattle/Texas/24-008749-002/2024(H5N1)	1236	8987
NA|PP755583.1|A/cattle/Texas/24-008749-002/2024(H5N1)	1237	8995
NA|PP755583.1|A/cattle/Texas/24-008749-002/2024(H5N1)	1238	8994
NA|PP755583.1|A/cattle/Texas/24-008749-002/2024(H5N1)	1239	8996
NA|PP755583.1|A/cattle/Texas/24-008749-002/2024(H5N1)	1240	9184
NA|PP755583.1|A/cattle/Texas/24-008749-002/2024(H5N1)	1241	10027
NA|PP755583.1|A/cattle/Texas/24-008749-002/2024(H5N1)	1242	10066
NA|PP755583.1|A/cattle/Texas/24-008749-002/2024(H5N1)	1243	10053
NA|PP755583.1|A/cattle/Texas/24-008749-002/2024(H5N1)	1244	10054
NA|PP755583.1|A/cattle/Texas/24-008749-002/2024(H5N1)	1245	10040
NA|PP755583.1|A/cattle/Texas/24-008749-002/2024(H5N1)	1246	10062
NA|PP755583.1|A/cattle/Texas/24-008749-002/2024(H5N1)	1247	9995
NA|PP755583.1|A/cattle/Texas/24-008749-002/2024(H5N1)	1248	10034
NA|PP755583.1|A/cattle/Texas/24-008749-002/2024(H5N1)	1249	9327
NA|PP755583.1|A/cattle/Texas/24-008749-002/2024(H5N1)	1250	9383
NA|PP755583.1|A/cattle/Texas/24-008749-002/2024(H5N1)	1251	9442
NA|PP755583.1|A/cattle/Texas/24-008749-002/2024(H5N1)	1252	9444
NA|PP755583.1|A/cattle/Texas/24-008749-002/2024(H5N1)	1253	9446
NA|PP755583.1|A/cattle/Texas/24-008749-002/2024(H5N1)	1254	9384
NA|PP755583.1|A/cattle/Texas/24-008749-002/2024(H5N1)	1255	9359
NA|PP755583.1|A/cattle/Texas/24-008749-002/2024(H5N1)	1256	9377
NA|PP755583.1|A/cattle/Texas/24-008749-002/2024(H5N1)	1257	9547
NA|PP755583.1|A/cattle/Texas/24-008749-002/2024(H5N1)	1258	9593
NA|PP755583.1|A/cattle/Texas/24-008749-002/2024(H5N1)	1259	9301
NA|PP755583.1|A/cattle/Texas/24-008749-002/2024(H5N1)	1260	9397
NA|PP755583.1|A/cattle/Texas/24-008749-002/2024(H5N1)	1261	9402
NA|PP755583.1|A/cattle/Texas/24-008749-002/2024(H5N1)	1262	9456
NA|PP755583.1|A/cattle/Texas/24-008749-002/2024(H5N1)	1263	9739
NA|PP755583.1|A/cattle/Texas/24-008749-002/2024(H5N1)	1264	9742
NA|PP755583.1|A/cattle/Texas/24-008749-002/2024(H5N1)	1265	9693
NA|PP755583.1|A/cattle/Texas/24-008749-002/2024(H5N1)	1266	9643
NA|PP755583.1|A/cattle/Texas/24-008749-002/2024(H5N1)	1267	9630
NA|PP755583.1|A/cattle/Texas/24-008749-002/2024(H5N1)	1268	9653
NA|PP755583.1|A/cattle/Texas/24-008749-002/2024(H5N1)	1269	9653
NA|PP755583.1|A/cattle/Texas/24-008749-002/2024(H5N1)	1270	9514
NA|PP755583.1|A/cattle/Texas/24-008749-002/2024(H5N1)	1271	9417
NA|PP755583.1|A/cattle/Texas/24-008749-002/2024(H5N1)	1272	9143
NA|PP755583.1|A/cattle/Texas/24-008749-002/2024(H5N1)	1273	9188
NA|PP755583.1|A/cattle/Texas/24-008749-002/2024(H5N1)	1274	9190
NA|PP755583.1|A/cattle/Texas/24-008749-002/2024(H5N1)	1275	9217
NA|PP755583.1|A/cattle/Texas/24-008749-002/2024(H5N1)	1276	9202
NA|PP755583.1|A/cattle/Texas/24-008749-002/2024(H5N1)	1277	9144
NA|PP755583.1|A/cattle/Texas/24-008749-002/2024(H5N1)	1278	9269
NA|PP755583.1|A/cattle/Texas/24-008749-002/2024(H5N1)	1279	9314
NA|PP755583.1|A/cattle/Texas/24-008749-002/2024(H5N1)	1280	9294
NA|PP755583.1|A/cattle/Texas/24-008749-002/2024(H5N1)	1281	9308
NA|PP755583.1|A/cattle/Texas/24-008749-002/2024(H5N1)	1282	9132
NA|PP755583.1|A/cattle/Texas/24-008749-002/2024(H5N1)	1283	9127
NA|PP755583.1|A/cattle/Texas/24-008749-002/2024(H5N1)	1284	9193
NA|PP755583.1|A/cattle/Texas/24-008749-002/2024(H5N1)	1285	9105
NA|PP755583.1|A/cattle/Texas/24-008749-002/2024(H5N1)	1286	9138
NA|PP755583.1|A/cattle/Texas/24-008749-002/2024(H5N1)	1287	8726
NA|PP755583.1|A/cattle/Texas/24-008749-002/2024(H5N1)	1288	9082
NA|PP755583.1|A/cattle/Texas/24-008749-002/2024(H5N1)	1289	9169
NA|PP755583.1|A/cattle/Texas/24-008749-002/2024(H5N1)	1290	9247
NA|PP755583.1|A/cattle/Texas/24-008749-002/2024(H5N1)	1291	9241
NA|PP755583.1|A/cattle/Texas/24-008749-002/2024(H5N1)	1292	9347
NA|PP755583.1|A/cattle/Texas/24-008749-002/2024(H5N1)	1293	9343
NA|PP755583.1|A/cattle/Texas/24-008749-002/2024(H5N1)	1294	9334
NA|PP755583.1|A/cattle/Texas/24-008749-002/2024(H5N1)	1295	9216
NA|PP755583.1|A/cattle/Texas/24-008749-002/2024(H5N1)	1296	9232
NA|PP755583.1|A/cattle/Texas/24-008749-002/2024(H5N1)	1297	9225
NA|PP755583.1|A/cattle/Texas/24-008749-002/2024(H5N1)	1298	9031
NA|PP755583.1|A/cattle/Texas/24-008749-002/2024(H5N1)	1299	9058
NA|PP755583.1|A/cattle/Texas/24-008749-002/2024(H5N1)	1300	8757
NA|PP755583.1|A/cattle/Texas/24-008749-002/2024(H5N1)	1301	8751
NA|PP755583.1|A/cattle/Texas/24-008749-002/2024(H5N1)	1302	8750
NA|PP755583.1|A/cattle/Texas/24-008749-002/2024(H5N1)	1303	8718
NA|PP755583.1|A/cattle/Texas/24-008749-002/2024(H5N1)	1304	8616
NA|PP755583.1|A/cattle/Texas/24-008749-002/2024(H5N1)	1305	8563
NA|PP755583.1|A/cattle/Texas/24-008749-002/2024(H5N1)	1306	8556
NA|PP755583.1|A/cattle/Texas/24-008749-002/2024(H5N1)	1307	8540
NA|PP755583.1|A/cattle/Texas/24-008749-002/2024(H5N1)	1308	8452
NA|PP755583.1|A/cattle/Texas/24-008749-002/2024(H5N1)	1309	8447
NA|PP755583.1|A/cattle/Texas/24-008749-002/2024(H5N1)	1310	8429
NA|PP755583.1|A/cattle/Texas/24-008749-002/2024(H5N1)	1311	8415
NA|PP755583.1|A/cattle/Texas/24-008749-002/2024(H5N1)	1312	8413
NA|PP755583.1|A/cattle/Texas/24-008749-002/2024(H5N1)	1313	8368
NA|PP755583.1|A/cattle/Texas/24-008749-002/2024(H5N1)	1314	8351
NA|PP755583.1|A/cattle/Texas/24-008749-002/2024(H5N1)	1315	8359
NA|PP755583.1|A/cattle/Texas/24-008749-002/2024(H5N1)	1316	8344
NA|PP755583.1|A/cattle/Texas/24-008749-002/2024(H5N1)	1317	8318
NA|PP755583.1|A/cattle/Texas/24-008749-002/2024(H5N1)	1318	8318
NA|PP755583.1|A/cattle/Texas/24-008749-002/2024(H5N1)	1319	8079
NA|PP755583.1|A/cattle/Texas/24-008749-002/2024(H5N1)	1320	8072
NA|PP755583.1|A/cattle/Texas/24-008749-002/2024(H5N1)	1321	8037
NA|PP755583.1|A/cattle/Texas/24-008749-002/2024(H5N1)	1322	8036
NA|PP755583.1|A/cattle/Texas/24-008749-002/2024(H5N1)	1323	8028
NA|PP755583.1|A/cattle/Texas/24-008749-002/2024(H5N1)	1324	7868
NA|PP755583.1|A/cattle/Texas/24-008749-002/2024(H5N1)	1325	7950
NA|PP755583.1|A/cattle/Texas/24-008749-002/2024(H5N1)	1326	7900
NA|PP755583.1|A/cattle/Texas/24-008749-002/2024(H5N1)	1327	7898
NA|PP755583.1|A/cattle/Texas/24-008749-002/2024(H5N1)	1328	7887
NA|PP755583.1|A/cattle/Texas/24-008749-002/2024(H5N1)	1329	7793
NA|PP755583.1|A/cattle/Texas/24-008749-002/2024(H5N1)	1330	7799
NA|PP755583.1|A/cattle/Texas/24-008749-002/2024(H5N1)	1331	7791
NA|PP755583.1|A/cattle/Texas/24-008749-002/2024(H5N1)	1332	7760
NA|PP755583.1|A/cattle/Texas/24-008749-002/2024(H5N1)	1333	7714
NA|PP755583.1|A/cattle/Texas/24-008749-002/2024(H5N1)	1334	7351
NA|PP755583.1|A/cattle/Texas/24-008749-002/2024(H5N1)	1335	7340
NA|PP755583.1|A/cattle/Texas/24-008749-002/2024(H5N1)	1336	7334
NA|PP755583.1|A/cattle/Texas/24-008749-002/2024(H5N1)	1337	7318
NA|PP755583.1|A/cattle/Texas/24-008749-002/2024(H5N1)	1338	7264
NA|PP755583.1|A/cattle/Texas/24-008749-002/2024(H5N1)	1339	7206
NA|PP755583.1|A/cattle/Texas/24-008749-002/2024(H5N1)	1340	7232
NA|PP755583.1|A/cattle/Texas/24-008749-002/2024(H5N1)	1341	7090
NA|PP755583.1|A/cattle/Texas/24-008749-002/2024(H5N1)	1342	7094
NA|PP755583.1|A/cattle/Texas/24-008749-002/2024(H5N1)	1343	7082
NA|PP755583.1|A/cattle/Texas/24-008749-002/2024(H5N1)	1344	7084
NA|PP755583.1|A/cattle/Texas/24-008749-002/2024(H5N1)	1345	7086
NA|PP755583.1|A/cattle/Texas/24-008749-002/2024(H5N1)	1346	7076
NA|PP755583.1|A/cattle/Texas/24-008749-002/2024(H5N1)	1347	6782
NA|PP755583.1|A/cattle/Texas/24-008749-002/2024(H5N1)	1348	6669
NA|PP755583.1|A/cattle/Texas/24-008749-002/2024(H5N1)	1349	6667
NA|PP755583.1|A/cattle/Texas/24-008749-002/2024(H5N1)	1350	6486
NA|PP755583.1|A/cattle/Texas/24-008749-002/2024(H5N1)	1351	6464
NA|PP755583.1|A/cattle/Texas/24-008749-002/2024(H5N1)	1352	6027
NA|PP755583.1|A/cattle/Texas/24-008749-002/2024(H5N1)	1353	6016
NA|PP755583.1|A/cattle/Texas/24-008749-002/2024(H5N1)	1354	5981
NA|PP755583.1|A/cattle/Texas/24-008749-002/2024(H5N1)	1355	5958
NA|PP755583.1|A/cattle/Texas/24-008749-002/2024(H5N1)	1356	5693
NA|PP755583.1|A/cattle/Texas/24-008749-002/2024(H5N1)	1357	5699
NA|PP755583.1|A/cattle/Texas/24-008749-002/2024(H5N1)	1358	5666
NA|PP755583.1|A/cattle/Texas/24-008749-002/2024(H5N1)	1359	5673
NA|PP755583.1|A/cattle/Texas/24-008749-002/2024(H5N1)	1360	5674
NA|PP755583.1|A/cattle/Texas/24-008749-002/2024(H5N1)	1361	5671
NA|PP755583.1|A/cattle/Texas/24-008749-002/2024(H5N1)	1362	5563
NA|PP755583.1|A/cattle/Texas/24-008749-002/2024(H5N1)	1363	5488
NA|PP755583.1|A/cattle/Texas/24-008749-002/2024(H5N1)	1364	5369
NA|PP755583.1|A/cattle/Texas/24-008749-002/2024(H5N1)	1365	5367
NA|PP755583.1|A/cattle/Texas/24-008749-002/2024(H5N1)	1366	5325
NA|PP755583.1|A/cattle/Texas/24-008749-002/2024(H5N1)	1367	5310
NA|PP755583.1|A/cattle/Texas/24-008749-002/2024(H5N1)	1368	5167
NA|PP755583.1|A/cattle/Texas/24-008749-002/2024(H5N1)	1369	5150
NA|PP755583.1|A/cattle/Texas/24-008749-002/2024(H5N1)	1370	5142
NA|PP755583.1|A/cattle/Texas/24-008749-002/2024(H5N1)	1371	5143
NA|PP755583.1|A/cattle/Texas/24-008749-002/2024(H5N1)	1372	5141
NA|PP755583.1|A/cattle/Texas/24-008749-002/2024(H5N1)	1373	5106
NA|PP755583.1|A/cattle/Texas/24-008749-002/2024(H5N1)	1374	4652
NA|PP755583.1|A/cattle/Texas/24-008749-002/2024(H5N1)	1375	4636
NA|PP755583.1|A/cattle/Texas/24-008749-002/2024(H5N1)	1376	4636
NA|PP755583.1|A/cattle/Texas/24-008749-002/2024(H5N1)	1377	4512
NA|PP755583.1|A/cattle/Texas/24-008749-002/2024(H5N1)	1378	4433
NA|PP755583.1|A/cattle/Texas/24-008749-002/2024(H5N1)	1379	4395
NA|PP755583.1|A/cattle/Texas/24-008749-002/2024(H5N1)	1380	4350
NA|PP755583.1|A/cattle/Texas/24-008749-002/2024(H5N1)	1381	4348
NA|PP755583.1|A/cattle/Texas/24-008749-002/2024(H5N1)	1382	4316
NA|PP755583.1|A/cattle/Texas/24-008749-002/2024(H5N1)	1383	4284
NA|PP755583.1|A/cattle/Texas/24-008749-002/2024(H5N1)	1384	4283
NA|PP755583.1|A/cattle/Texas/24-008749-002/2024(H5N1)	1385	4255
NA|PP755583.1|A/cattle/Texas/24-008749-002/2024(H5N1)	1386	4252
NA|PP755583.1|A/cattle/Texas/24-008749-002/2024(H5N1)	1387	4229
NA|PP755583.1|A/cattle/Texas/24-008749-002/2024(H5N1)	1388	3197
NA|PP755583.1|A/cattle/Texas/24-008749-002/2024(H5N1)	1389	3195
NA|PP755583.1|A/cattle/Texas/24-008749-002/2024(H5N1)	1390	3073
NA|PP755583.1|A/cattle/Texas/24-008749-002/2024(H5N1)	1391	3065
NA|PP755583.1|A/cattle/Texas/24-008749-002/2024(H5N1)	1392	3065
NA|PP755583.1|A/cattle/Texas/24-008749-002/2024(H5N1)	1393	2937
NA|PP755583.1|A/cattle/Texas/24-008749-002/2024(H5N1)	1394	2927
NA|PP755583.1|A/cattle/Texas/24-008749-002/2024(H5N1)	1395	2916
NA|PP755583.1|A/cattle/Texas/24-008749-002/2024(H5N1)	1396	2905
NA|PP755583.1|A/cattle/Texas/24-008749-002/2024(H5N1)	1397	2895
NA|PP755583.1|A/cattle/Texas/24-008749-002/2024(H5N1)	1398	2823
NA|PP755583.1|A/cattle/Texas/24-008749-002/2024(H5N1)	1399	2749
NA|PP755583.1|A/cattle/Texas/24-008749-002/2024(H5N1)	1400	2748
NA|PP755583.1|A/cattle/Texas/24-008749-002/2024(H5N1)	1401	2656
NA|PP755583.1|A/cattle/Texas/24-008749-002/2024(H5N1)	1402	2649
NA|PP755583.1|A/cattle/Texas/24-008749-002/2024(H5N1)	1403	2643
NA|PP755583.1|A/cattle/Texas/24-008749-002/2024(H5N1)	1404	2640
NA|PP755583.1|A/cattle/Texas/24-008749-002/2024(H5N1)	1405	2613
NA|PP755583.1|A/cattle/Texas/24-008749-002/2024(H5N1)	1406	2422
NA|PP755583.1|A/cattle/Texas/24-008749-002/2024(H5N1)	1407	2385
NA|PP755583.1|A/cattle/Texas/24-008749-002/2024(H5N1)	1408	2360
NA|PP755583.1|A/cattle/Texas/24-008749-002/2024(H5N1)	1409	2312
NA|PP755583.1|A/cattle/Texas/24-008749-002/2024(H5N1)	1410	2308
