MP|PP755582.1|A/cattle/Texas/24-008749-002/2024(H5N1)	1	2841
MP|PP755582.1|A/cattle/Texas/24-008749-002/2024(H5N1)	2	2883
MP|PP755582.1|A/cattle/Texas/24-008749-002/2024(H5N1)	3	2893
MP|PP755582.1|A/cattle/Texas/24-008749-002/2024(H5N1)	4	2907
MP|PP755582.1|A/cattle/Texas/24-008749-002/2024(H5N1)	5	3069
MP|PP755582.1|A/cattle/Texas/24-008749-002/2024(H5N1)	6	3166
MP|PP755582.1|A/cattle/Texas/24-008749-002/2024(H5N1)	7	3386
MP|PP755582.1|A/cattle/Texas/24-008749-002/2024(H5N1)	8	3490
MP|PP755582.1|A/cattle/Texas/24-008749-002/2024(H5N1)	9	3528
MP|PP755582.1|A/cattle/Texas/24-008749-002/2024(H5N1)	10	3534
MP|PP755582.1|A/cattle/Texas/24-008749-002/2024(H5N1)	11	3557
MP|PP755582.1|A/cattle/Texas/24-008749-002/2024(H5N1)	12	3576
MP|PP755582.1|A/cattle/Texas/24-008749-002/2024(H5N1)	13	3608
MP|PP755582.1|A/cattle/Texas/24-008749-002/2024(H5N1)	14	3609
MP|PP755582.1|A/cattle/Texas/24-008749-002/2024(H5N1)	15	3609
MP|PP755582.1|A/cattle/Texas/24-008749-002/2024(H5N1)	16	3609
MP|PP755582.1|A/cattle/Texas/24-008749-002/2024(H5N1)	17	3640
MP|PP755582.1|A/cattle/Texas/24-008749-002/2024(H5N1)	18	3671
MP|PP755582.1|A/cattle/Texas/24-008749-002/2024(H5N1)	19	3865
MP|PP755582.1|A/cattle/Texas/24-008749-002/2024(H5N1)	20	3866
MP|PP755582.1|A/cattle/Texas/24-008749-002/2024(H5N1)	21	3870
MP|PP755582.1|A/cattle/Texas/24-008749-002/2024(H5N1)	22	3873
MP|PP755582.1|A/cattle/Texas/24-008749-002/2024(H5N1)	23	3991
MP|PP755582.1|A/cattle/Texas/24-008749-002/2024(H5N1)	24	3997
MP|PP755582.1|A/cattle/Texas/24-008749-002/2024(H5N1)	25	4013
MP|PP755582.1|A/cattle/Texas/24-008749-002/2024(H5N1)	26	4189
MP|PP755582.1|A/cattle/Texas/24-008749-002/2024(H5N1)	27	4211
MP|PP755582.1|A/cattle/Texas/24-008749-002/2024(H5N1)	28	4234
MP|PP755582.1|A/cattle/Texas/24-008749-002/2024(H5N1)	29	4241
MP|PP755582.1|A/cattle/Texas/24-008749-002/2024(H5N1)	30	4289
MP|PP755582.1|A/cattle/Texas/24-008749-002/2024(H5N1)	31	4322
MP|PP755582.1|A/cattle/Texas/24-008749-002/2024(H5N1)	32	4332
MP|PP755582.1|A/cattle/Texas/24-008749-002/2024(H5N1)	33	4453
MP|PP755582.1|A/cattle/Texas/24-008749-002/2024(H5N1)	34	4554
MP|PP755582.1|A/cattle/Texas/24-008749-002/2024(H5N1)	35	4549
MP|PP755582.1|A/cattle/Texas/24-008749-002/2024(H5N1)	36	4713
MP|PP755582.1|A/cattle/Texas/24-008749-002/2024(H5N1)	37	4711
MP|PP755582.1|A/cattle/Texas/24-008749-002/2024(H5N1)	38	4955
MP|PP755582.1|A/cattle/Texas/24-008749-002/2024(H5N1)	39	4967
MP|PP755582.1|A/cattle/Texas/24-008749-002/2024(H5N1)	40	5000
MP|PP755582.1|A/cattle/Texas/24-008749-002/2024(H5N1)	41	5002
MP|PP755582.1|A/cattle/Texas/24-008749-002/2024(H5N1)	42	4998
MP|PP755582.1|A/cattle/Texas/24-008749-002/2024(H5N1)	43	5016
MP|PP755582.1|A/cattle/Texas/24-008749-002/2024(H5N1)	44	5016
MP|PP755582.1|A/cattle/Texas/24-008749-002/2024(H5N1)	45	5012
MP|PP755582.1|A/cattle/Texas/24-008749-002/2024(H5N1)	46	5058
MP|PP755582.1|A/cattle/Texas/24-008749-002/2024(H5N1)	47	5084
MP|PP755582.1|A/cattle/Texas/24-008749-002/2024(H5N1)	48	5106
MP|PP755582.1|A/cattle/Texas/24-008749-002/2024(H5N1)	49	5115
MP|PP755582.1|A/cattle/Texas/24-008749-002/2024(H5N1)	50	5134
MP|PP755582.1|A/cattle/Texas/24-008749-002/2024(H5N1)	51	5132
MP|PP755582.1|A/cattle/Texas/24-008749-002/2024(H5N1)	52	5194
MP|PP755582.1|A/cattle/Texas/24-008749-002/2024(H5N1)	53	5329
MP|PP755582.1|A/cattle/Texas/24-008749-002/2024(H5N1)	54	5330
MP|PP755582.1|A/cattle/Texas/24-008749-002/2024(H5N1)	55	5333
MP|PP755582.1|A/cattle/Texas/24-008749-002/2024(H5N1)	56	5399
MP|PP755582.1|A/cattle/Texas/24-008749-002/2024(H5N1)	57	5782
MP|PP755582.1|A/cattle/Texas/24-008749-002/2024(H5N1)	58	5797
MP|PP755582.1|A/cattle/Texas/24-008749-002/2024(H5N1)	59	5859
MP|PP755582.1|A/cattle/Texas/24-008749-002/2024(H5N1)	60	5860
MP|PP755582.1|A/cattle/Texas/24-008749-002/2024(H5N1)	61	5898
MP|PP755582.1|A/cattle/Texas/24-008749-002/2024(H5N1)	62	5914
MP|PP755582.1|A/cattle/Texas/24-008749-002/2024(H5N1)	63	5989
MP|PP755582.1|A/cattle/Texas/24-008749-002/2024(H5N1)	64	6006
MP|PP755582.1|A/cattle/Texas/24-008749-002/2024(H5N1)	65	6063
MP|PP755582.1|A/cattle/Texas/24-008749-002/2024(H5N1)	66	5994
MP|PP755582.1|A/cattle/Texas/24-008749-002/2024(H5N1)	67	5993
MP|PP755582.1|A/cattle/Texas/24-008749-002/2024(H5N1)	68	6016
MP|PP755582.1|A/cattle/Texas/24-008749-002/2024(H5N1)	69	6022
MP|PP755582.1|A/cattle/Texas/24-008749-002/2024(H5N1)	70	6185
MP|PP755582.1|A/cattle/Texas/24-008749-002/2024(H5N1)	71	6187
MP|PP755582.1|A/cattle/Texas/24-008749-002/2024(H5N1)	72	6158
MP|PP755582.1|A/cattle/Texas/24-008749-002/2024(H5N1)	73	6198
MP|PP755582.1|A/cattle/Texas/24-008749-002/2024(H5N1)	74	6252
MP|PP755582.1|A/cattle/Texas/24-008749-002/2024(H5N1)	75	6257
MP|PP755582.1|A/cattle/Texas/24-008749-002/2024(H5N1)	76	6348
MP|PP755582.1|A/cattle/Texas/24-008749-002/2024(H5N1)	77	6346
MP|PP755582.1|A/cattle/Texas/24-008749-002/2024(H5N1)	78	6361
MP|PP755582.1|A/cattle/Texas/24-008749-002/2024(H5N1)	79	6519
MP|PP755582.1|A/cattle/Texas/24-008749-002/2024(H5N1)	80	6898
MP|PP755582.1|A/cattle/Texas/24-008749-002/2024(H5N1)	81	6925
MP|PP755582.1|A/cattle/Texas/24-008749-002/2024(H5N1)	82	6979
MP|PP755582.1|A/cattle/Texas/24-008749-002/2024(H5N1)	83	7071
MP|PP755582.1|A/cattle/Texas/24-008749-002/2024(H5N1)	84	7120
MP|PP755582.1|A/cattle/Texas/24-008749-002/2024(H5N1)	85	7211
MP|PP755582.1|A/cattle/Texas/24-008749-002/2024(H5N1)	86	7224
MP|PP755582.1|A/cattle/Texas/24-008749-002/2024(H5N1)	87	7218
MP|PP755582.1|A/cattle/Texas/24-008749-002/2024(H5N1)	88	7218
MP|PP755582.1|A/cattle/Texas/24-008749-002/2024(H5N1)	89	7097
MP|PP755582.1|A/cattle/Texas/24-008749-002/2024(H5N1)	90	7141
MP|PP755582.1|A/cattle/Texas/24-008749-002/2024(H5N1)	91	7150
MP|PP755582.1|A/cattle/Texas/24-008749-002/2024(H5N1)	92	7210
MP|PP755582.1|A/cattle/Texas/24-008749-002/2024(H5N1)	93	7214
MP|PP755582.1|A/cattle/Texas/24-008749-002/2024(H5N1)	94	7176
MP|PP755582.1|A/cattle/Texas/24-008749-002/2024(H5N1)	95	7235
MP|PP755582.1|A/cattle/Texas/24-008749-002/2024(H5N1)	96	7379
MP|PP755582.1|A/cattle/Texas/24-008749-002/2024(H5N1)	97	7403
MP|PP755582.1|A/cattle/Texas/24-008749-002/2024(H5N1)	98	7412
MP|PP755582.1|A/cattle/Texas/24-008749-002/2024(H5N1)	99	7393
MP|PP755582.1|A/cattle/Texas/24-008749-002/2024(H5N1)	100	7505
MP|PP755582.1|A/cattle/Texas/24-008749-002/2024(H5N1)	101	7504
MP|PP755582.1|A/cattle/Texas/24-008749-002/2024(H5N1)	102	7824
MP|PP755582.1|A/cattle/Texas/24-008749-002/2024(H5N1)	103	7824
MP|PP755582.1|A/cattle/Texas/24-008749-002/2024(H5N1)	104	7792
MP|PP755582.1|A/cattle/Texas/24-008749-002/2024(H5N1)	105	7839
MP|PP755582.1|A/cattle/Texas/24-008749-002/2024(H5N1)	106	7936
MP|PP755582.1|A/cattle/Texas/24-008749-002/2024(H5N1)	107	7963
MP|PP755582.1|A/cattle/Texas/24-008749-002/2024(H5N1)	108	7991
MP|PP755582.1|A/cattle/Texas/24-008749-002/2024(H5N1)	109	7939
MP|PP755582.1|A/cattle/Texas/24-008749-002/2024(H5N1)	110	8063
MP|PP755582.1|A/cattle/Texas/24-008749-002/2024(H5N1)	111	7887
MP|PP755582.1|A/cattle/Texas/24-008749-002/2024(H5N1)	112	7891
MP|PP755582.1|A/cattle/Texas/24-008749-002/2024(H5N1)	113	8079
MP|PP755582.1|A/cattle/Texas/24-008749-002/2024(H5N1)	114	8087
MP|PP755582.1|A/cattle/Texas/24-008749-002/2024(H5N1)	115	8197
MP|PP755582.1|A/cattle/Texas/24-008749-002/2024(H5N1)	116	8190
MP|PP755582.1|A/cattle/Texas/24-008749-002/2024(H5N1)	117	8181
MP|PP755582.1|A/cattle/Texas/24-008749-002/2024(H5N1)	118	8183
MP|PP755582.1|A/cattle/Texas/24-008749-002/2024(H5N1)	119	8219
MP|PP755582.1|A/cattle/Texas/24-008749-002/2024(H5N1)	120	8226
MP|PP755582.1|A/cattle/Texas/24-008749-002/2024(H5N1)	121	8229
MP|PP755582.1|A/cattle/Texas/24-008749-002/2024(H5N1)	122	8151
MP|PP755582.1|A/cattle/Texas/24-008749-002/2024(H5N1)	123	8160
MP|PP755582.1|A/cattle/Texas/24-008749-002/2024(H5N1)	124	7733
MP|PP755582.1|A/cattle/Texas/24-008749-002/2024(H5N1)	125	7788
MP|PP755582.1|A/cattle/Texas/24-008749-002/2024(H5N1)	126	7645
MP|PP755582.1|A/cattle/Texas/24-008749-002/2024(H5N1)	127	7649
MP|PP755582.1|A/cattle/Texas/24-008749-002/2024(H5N1)	128	7501
MP|PP755582.1|A/cattle/Texas/24-008749-002/2024(H5N1)	129	7490
MP|PP755582.1|A/cattle/Texas/24-008749-002/2024(H5N1)	130	7506
MP|PP755582.1|A/cattle/Texas/24-008749-002/2024(H5N1)	131	7463
MP|PP755582.1|A/cattle/Texas/24-008749-002/2024(H5N1)	132	7659
MP|PP755582.1|A/cattle/Texas/24-008749-002/2024(H5N1)	133	7407
MP|PP755582.1|A/cattle/Texas/24-008749-002/2024(H5N1)	134	7520
MP|PP755582.1|A/cattle/Texas/24-008749-002/2024(H5N1)	135	7667
MP|PP755582.1|A/cattle/Texas/24-008749-002/2024(H5N1)	136	7510
MP|PP755582.1|A/cattle/Texas/24-008749-002/2024(H5N1)	137	7682
MP|PP755582.1|A/cattle/Texas/24-008749-002/2024(H5N1)	138	7684
MP|PP755582.1|A/cattle/Texas/24-008749-002/2024(H5N1)	139	7678
MP|PP755582.1|A/cattle/Texas/24-008749-002/2024(H5N1)	140	7849
MP|PP755582.1|A/cattle/Texas/24-008749-002/2024(H5N1)	141	7935
MP|PP755582.1|A/cattle/Texas/24-008749-002/2024(H5N1)	142	8036
MP|PP755582.1|A/cattle/Texas/24-008749-002/2024(H5N1)	143	7933
MP|PP755582.1|A/cattle/Texas/24-008749-002/2024(H5N1)	144	7790
MP|PP755582.1|A/cattle/Texas/24-008749-002/2024(H5N1)	145	7790
MP|PP755582.1|A/cattle/Texas/24-008749-002/2024(H5N1)	146	8028
MP|PP755582.1|A/cattle/Texas/24-008749-002/2024(H5N1)	147	8093
MP|PP755582.1|A/cattle/Texas/24-008749-002/2024(H5N1)	148	8085
MP|PP755582.1|A/cattle/Texas/24-008749-002/2024(H5N1)	149	7980
MP|PP755582.1|A/cattle/Texas/24-008749-002/2024(H5N1)	150	7966
MP|PP755582.1|A/cattle/Texas/24-008749-002/2024(H5N1)	151	7985
MP|PP755582.1|A/cattle/Texas/24-008749-002/2024(H5N1)	152	8010
MP|PP755582.1|A/cattle/Texas/24-008749-002/2024(H5N1)	153	8058
MP|PP755582.1|A/cattle/Texas/24-008749-002/2024(H5N1)	154	7752
MP|PP755582.1|A/cattle/Texas/24-008749-002/2024(H5N1)	155	7774
MP|PP755582.1|A/cattle/Texas/24-008749-002/2024(H5N1)	156	7790
MP|PP755582.1|A/cattle/Texas/24-008749-002/2024(H5N1)	157	7794
MP|PP755582.1|A/cattle/Texas/24-008749-002/2024(H5N1)	158	7789
MP|PP755582.1|A/cattle/Texas/24-008749-002/2024(H5N1)	159	7796
MP|PP755582.1|A/cattle/Texas/24-008749-002/2024(H5N1)	160	8036
MP|PP755582.1|A/cattle/Texas/24-008749-002/2024(H5N1)	161	8015
MP|PP755582.1|A/cattle/Texas/24-008749-002/2024(H5N1)	162	8066
MP|PP755582.1|A/cattle/Texas/24-008749-002/2024(H5N1)	163	8067
MP|PP755582.1|A/cattle/Texas/24-008749-002/2024(H5N1)	164	8070
MP|PP755582.1|A/cattle/Texas/24-008749-002/2024(H5N1)	165	8201
MP|PP755582.1|A/cattle/Texas/24-008749-002/2024(H5N1)	166	8227
MP|PP755582.1|A/cattle/Texas/24-008749-002/2024(H5N1)	167	8194
MP|PP755582.1|A/cattle/Texas/24-008749-002/2024(H5N1)	168	8188
MP|PP755582.1|A/cattle/Texas/24-008749-002/2024(H5N1)	169	7994
MP|PP755582.1|A/cattle/Texas/24-008749-002/2024(H5N1)	170	7935
MP|PP755582.1|A/cattle/Texas/24-008749-002/2024(H5N1)	171	7946
MP|PP755582.1|A/cattle/Texas/24-008749-002/2024(H5N1)	172	7953
MP|PP755582.1|A/cattle/Texas/24-008749-002/2024(H5N1)	173	7966
MP|PP755582.1|A/cattle/Texas/24-008749-002/2024(H5N1)	174	7902
MP|PP755582.1|A/cattle/Texas/24-008749-002/2024(H5N1)	175	7998
MP|PP755582.1|A/cattle/Texas/24-008749-002/2024(H5N1)	176	7993
MP|PP755582.1|A/cattle/Texas/24-008749-002/2024(H5N1)	177	7931
MP|PP755582.1|A/cattle/Texas/24-008749-002/2024(H5N1)	178	7922
MP|PP755582.1|A/cattle/Texas/24-008749-002/2024(H5N1)	179	7906
MP|PP755582.1|A/cattle/Texas/24-008749-002/2024(H5N1)	180	7902
MP|PP755582.1|A/cattle/Texas/24-008749-002/2024(H5N1)	181	7944
MP|PP755582.1|A/cattle/Texas/24-008749-002/2024(H5N1)	182	7966
MP|PP755582.1|A/cattle/Texas/24-008749-002/2024(H5N1)	183	7972
MP|PP755582.1|A/cattle/Texas/24-008749-002/2024(H5N1)	184	7898
MP|PP755582.1|A/cattle/Texas/24-008749-002/2024(H5N1)	185	7848
MP|PP755582.1|A/cattle/Texas/24-008749-002/2024(H5N1)	186	7842
MP|PP755582.1|A/cattle/Texas/24-008749-002/2024(H5N1)	187	7815
MP|PP755582.1|A/cattle/Texas/24-008749-002/2024(H5N1)	188	7816
MP|PP755582.1|A/cattle/Texas/24-008749-002/2024(H5N1)	189	7649
MP|PP755582.1|A/cattle/Texas/24-008749-002/2024(H5N1)	190	7744
MP|PP755582.1|A/cattle/Texas/24-008749-002/2024(H5N1)	191	7802
MP|PP755582.1|A/cattle/Texas/24-008749-002/2024(H5N1)	192	7824
MP|PP755582.1|A/cattle/Texas/24-008749-002/2024(H5N1)	193	7822
MP|PP755582.1|A/cattle/Texas/24-008749-002/2024(H5N1)	194	8046
MP|PP755582.1|A/cattle/Texas/24-008749-002/2024(H5N1)	195	8046
MP|PP755582.1|A/cattle/Texas/24-008749-002/2024(H5N1)	196	7966
MP|PP755582.1|A/cattle/Texas/24-008749-002/2024(H5N1)	197	7916
MP|PP755582.1|A/cattle/Texas/24-008749-002/2024(H5N1)	198	8051
MP|PP755582.1|A/cattle/Texas/24-008749-002/2024(H5N1)	199	8082
MP|PP755582.1|A/cattle/Texas/24-008749-002/2024(H5N1)	200	8183
MP|PP755582.1|A/cattle/Texas/24-008749-002/2024(H5N1)	201	8205
MP|PP755582.1|A/cattle/Texas/24-008749-002/2024(H5N1)	202	8213
MP|PP755582.1|A/cattle/Texas/24-008749-002/2024(H5N1)	203	8025
MP|PP755582.1|A/cattle/Texas/24-008749-002/2024(H5N1)	204	8032
MP|PP755582.1|A/cattle/Texas/24-008749-002/2024(H5N1)	205	8083
MP|PP755582.1|A/cattle/Texas/24-008749-002/2024(H5N1)	206	8072
MP|PP755582.1|A/cattle/Texas/24-008749-002/2024(H5N1)	207	7792
MP|PP755582.1|A/cattle/Texas/24-008749-002/2024(H5N1)	208	7690
MP|PP755582.1|A/cattle/Texas/24-008749-002/2024(H5N1)	209	7744
MP|PP755582.1|A/cattle/Texas/24-008749-002/2024(H5N1)	210	7896
MP|PP755582.1|A/cattle/Texas/24-008749-002/2024(H5N1)	211	7940
MP|PP755582.1|A/cattle/Texas/24-008749-002/2024(H5N1)	212	8043
MP|PP755582.1|A/cattle/Texas/24-008749-002/2024(H5N1)	213	8048
MP|PP755582.1|A/cattle/Texas/24-008749-002/2024(H5N1)	214	8050
MP|PP755582.1|A/cattle/Texas/24-008749-002/2024(H5N1)	215	8076
MP|PP755582.1|A/cattle/Texas/24-008749-002/2024(H5N1)	216	8040
MP|PP755582.1|A/cattle/Texas/24-008749-002/2024(H5N1)	217	8223
MP|PP755582.1|A/cattle/Texas/24-008749-002/2024(H5N1)	218	8246
MP|PP755582.1|A/cattle/Texas/24-008749-002/2024(H5N1)	219	8206
MP|PP755582.1|A/cattle/Texas/24-008749-002/2024(H5N1)	220	8546
MP|PP755582.1|A/cattle/Texas/24-008749-002/2024(H5N1)	221	8385
MP|PP755582.1|A/cattle/Texas/24-008749-002/2024(H5N1)	222	8402
MP|PP755582.1|A/cattle/Texas/24-008749-002/2024(H5N1)	223	8374
MP|PP755582.1|A/cattle/Texas/24-008749-002/2024(H5N1)	224	8353
MP|PP755582.1|A/cattle/Texas/24-008749-002/2024(H5N1)	225	8523
MP|PP755582.1|A/cattle/Texas/24-008749-002/2024(H5N1)	226	8468
MP|PP755582.1|A/cattle/Texas/24-008749-002/2024(H5N1)	227	8485
MP|PP755582.1|A/cattle/Texas/24-008749-002/2024(H5N1)	228	8534
MP|PP755582.1|A/cattle/Texas/24-008749-002/2024(H5N1)	229	8285
MP|PP755582.1|A/cattle/Texas/24-008749-002/2024(H5N1)	230	8288
MP|PP755582.1|A/cattle/Texas/24-008749-002/2024(H5N1)	231	8060
MP|PP755582.1|A/cattle/Texas/24-008749-002/2024(H5N1)	232	8040
MP|PP755582.1|A/cattle/Texas/24-008749-002/2024(H5N1)	233	8094
MP|PP755582.1|A/cattle/Texas/24-008749-002/2024(H5N1)	234	7914
MP|PP755582.1|A/cattle/Texas/24-008749-002/2024(H5N1)	235	7941
MP|PP755582.1|A/cattle/Texas/24-008749-002/2024(H5N1)	236	7989
MP|PP755582.1|A/cattle/Texas/24-008749-002/2024(H5N1)	237	7993
MP|PP755582.1|A/cattle/Texas/24-008749-002/2024(H5N1)	238	8213
MP|PP755582.1|A/cattle/Texas/24-008749-002/2024(H5N1)	239	8272
MP|PP755582.1|A/cattle/Texas/24-008749-002/2024(H5N1)	240	8233
MP|PP755582.1|A/cattle/Texas/24-008749-002/2024(H5N1)	241	8211
MP|PP755582.1|A/cattle/Texas/24-008749-002/2024(H5N1)	242	8191
MP|PP755582.1|A/cattle/Texas/24-008749-002/2024(H5N1)	243	8220
MP|PP755582.1|A/cattle/Texas/24-008749-002/2024(H5N1)	244	8219
MP|PP755582.1|A/cattle/Texas/24-008749-002/2024(H5N1)	245	8238
MP|PP755582.1|A/cattle/Texas/24-008749-002/2024(H5N1)	246	8438
MP|PP755582.1|A/cattle/Texas/24-008749-002/2024(H5N1)	247	8355
MP|PP755582.1|A/cattle/Texas/24-008749-002/2024(H5N1)	248	8350
MP|PP755582.1|A/cattle/Texas/24-008749-002/2024(H5N1)	249	8518
MP|PP755582.1|A/cattle/Texas/24-008749-002/2024(H5N1)	250	8420
MP|PP755582.1|A/cattle/Texas/24-008749-002/2024(H5N1)	251	8432
MP|PP755582.1|A/cattle/Texas/24-008749-002/2024(H5N1)	252	8587
MP|PP755582.1|A/cattle/Texas/24-008749-002/2024(H5N1)	253	8369
MP|PP755582.1|A/cattle/Texas/24-008749-002/2024(H5N1)	254	8416
MP|PP755582.1|A/cattle/Texas/24-008749-002/2024(H5N1)	255	8495
MP|PP755582.1|A/cattle/Texas/24-008749-002/2024(H5N1)	256	8359
MP|PP755582.1|A/cattle/Texas/24-008749-002/2024(H5N1)	257	8474
MP|PP755582.1|A/cattle/Texas/24-008749-002/2024(H5N1)	258	8471
MP|PP755582.1|A/cattle/Texas/24-008749-002/2024(H5N1)	259	8615
MP|PP755582.1|A/cattle/Texas/24-008749-002/2024(H5N1)	260	8660
MP|PP755582.1|A/cattle/Texas/24-008749-002/2024(H5N1)	261	8494
MP|PP755582.1|A/cattle/Texas/24-008749-002/2024(H5N1)	262	8498
MP|PP755582.1|A/cattle/Texas/24-008749-002/2024(H5N1)	263	8492
MP|PP755582.1|A/cattle/Texas/24-008749-002/2024(H5N1)	264	8360
MP|PP755582.1|A/cattle/Texas/24-008749-002/2024(H5N1)	265	8392
MP|PP755582.1|A/cattle/Texas/24-008749-002/2024(H5N1)	266	8292
MP|PP755582.1|A/cattle/Texas/24-008749-002/2024(H5N1)	267	8399
MP|PP755582.1|A/cattle/Texas/24-008749-002/2024(H5N1)	268	8389
MP|PP755582.1|A/cattle/Texas/24-008749-002/2024(H5N1)	269	8353
MP|PP755582.1|A/cattle/Texas/24-008749-002/2024(H5N1)	270	8365
MP|PP755582.1|A/cattle/Texas/24-008749-002/2024(H5N1)	271	8364
MP|PP755582.1|A/cattle/Texas/24-008749-002/2024(H5N1)	272	8366
MP|PP755582.1|A/cattle/Texas/24-008749-002/2024(H5N1)	273	8535
MP|PP755582.1|A/cattle/Texas/24-008749-002/2024(H5N1)	274	8622
MP|PP755582.1|A/cattle/Texas/24-008749-002/2024(H5N1)	275	8412
MP|PP755582.1|A/cattle/Texas/24-008749-002/2024(H5N1)	276	8348
MP|PP755582.1|A/cattle/Texas/24-008749-002/2024(H5N1)	277	8333
MP|PP755582.1|A/cattle/Texas/24-008749-002/2024(H5N1)	278	8331
MP|PP755582.1|A/cattle/Texas/24-008749-002/2024(H5N1)	279	8525
MP|PP755582.1|A/cattle/Texas/24-008749-002/2024(H5N1)	280	8548
MP|PP755582.1|A/cattle/Texas/24-008749-002/2024(H5N1)	281	8537
MP|PP755582.1|A/cattle/Texas/24-008749-002/2024(H5N1)	282	8534
MP|PP755582.1|A/cattle/Texas/24-008749-002/2024(H5N1)	283	8246
MP|PP755582.1|A/cattle/Texas/24-008749-002/2024(H5N1)	284	8397
MP|PP755582.1|A/cattle/Texas/24-008749-002/2024(H5N1)	285	8320
MP|PP755582.1|A/cattle/Texas/24-008749-002/2024(H5N1)	286	8210
MP|PP755582.1|A/cattle/Texas/24-008749-002/2024(H5N1)	287	8338
MP|PP755582.1|A/cattle/Texas/24-008749-002/2024(H5N1)	288	8093
MP|PP755582.1|A/cattle/Texas/24-008749-002/2024(H5N1)	289	8184
MP|PP755582.1|A/cattle/Texas/24-008749-002/2024(H5N1)	290	8189
MP|PP755582.1|A/cattle/Texas/24-008749-002/2024(H5N1)	291	8433
MP|PP755582.1|A/cattle/Texas/24-008749-002/2024(H5N1)	292	8471
MP|PP755582.1|A/cattle/Texas/24-008749-002/2024(H5N1)	293	8323
MP|PP755582.1|A/cattle/Texas/24-008749-002/2024(H5N1)	294	8374
MP|PP755582.1|A/cattle/Texas/24-008749-002/2024(H5N1)	295	8370
MP|PP755582.1|A/cattle/Texas/24-008749-002/2024(H5N1)	296	8460
MP|PP755582.1|A/cattle/Texas/24-008749-002/2024(H5N1)	297	8438
MP|PP755582.1|A/cattle/Texas/24-008749-002/2024(H5N1)	298	8425
MP|PP755582.1|A/cattle/Texas/24-008749-002/2024(H5N1)	299	8427
MP|PP755582.1|A/cattle/Texas/24-008749-002/2024(H5N1)	300	8425
MP|PP755582.1|A/cattle/Texas/24-008749-002/2024(H5N1)	301	8368
MP|PP755582.1|A/cattle/Texas/24-008749-002/2024(H5N1)	302	8342
MP|PP755582.1|A/cattle/Texas/24-008749-002/2024(H5N1)	303	8430
MP|PP755582.1|A/cattle/Texas/24-008749-002/2024(H5N1)	304	8463
MP|PP755582.1|A/cattle/Texas/24-008749-002/2024(H5N1)	305	8462
MP|PP755582.1|A/cattle/Texas/24-008749-002/2024(H5N1)	306	8305
MP|PP755582.1|A/cattle/Texas/24-008749-002/2024(H5N1)	307	8542
MP|PP755582.1|A/cattle/Texas/24-008749-002/2024(H5N1)	308	8530
MP|PP755582.1|A/cattle/Texas/24-008749-002/2024(H5N1)	309	8563
MP|PP755582.1|A/cattle/Texas/24-008749-002/2024(H5N1)	310	8603
MP|PP755582.1|A/cattle/Texas/24-008749-002/2024(H5N1)	311	8386
MP|PP755582.1|A/cattle/Texas/24-008749-002/2024(H5N1)	312	8395
MP|PP755582.1|A/cattle/Texas/24-008749-002/2024(H5N1)	313	8305
MP|PP755582.1|A/cattle/Texas/24-008749-002/2024(H5N1)	314	8357
MP|PP755582.1|A/cattle/Texas/24-008749-002/2024(H5N1)	315	8323
MP|PP755582.1|A/cattle/Texas/24-008749-002/2024(H5N1)	316	8267
MP|PP755582.1|A/cattle/Texas/24-008749-002/2024(H5N1)	317	8320
MP|PP755582.1|A/cattle/Texas/24-008749-002/2024(H5N1)	318	8346
MP|PP755582.1|A/cattle/Texas/24-008749-002/2024(H5N1)	319	8386
MP|PP755582.1|A/cattle/Texas/24-008749-002/2024(H5N1)	320	8389
MP|PP755582.1|A/cattle/Texas/24-008749-002/2024(H5N1)	321	8378
MP|PP755582.1|A/cattle/Texas/24-008749-002/2024(H5N1)	322	8449
MP|PP755582.1|A/cattle/Texas/24-008749-002/2024(H5N1)	323	8470
MP|PP755582.1|A/cattle/Texas/24-008749-002/2024(H5N1)	324	8462
MP|PP755582.1|A/cattle/Texas/24-008749-002/2024(H5N1)	325	8488
MP|PP755582.1|A/cattle/Texas/24-008749-002/2024(H5N1)	326	8375
MP|PP755582.1|A/cattle/Texas/24-008749-002/2024(H5N1)	327	8436
MP|PP755582.1|A/cattle/Texas/24-008749-002/2024(H5N1)	328	8376
MP|PP755582.1|A/cattle/Texas/24-008749-002/2024(H5N1)	329	8367
MP|PP755582.1|A/cattle/Texas/24-008749-002/2024(H5N1)	330	8374
MP|PP755582.1|A/cattle/Texas/24-008749-002/2024(H5N1)	331	8312
MP|PP755582.1|A/cattle/Texas/24-008749-002/2024(H5N1)	332	8389
MP|PP755582.1|A/cattle/Texas/24-008749-002/2024(H5N1)	333	8501
MP|PP755582.1|A/cattle/Texas/24-008749-002/2024(H5N1)	334	8494
MP|PP755582.1|A/cattle/Texas/24-008749-002/2024(H5N1)	335	8483
MP|PP755582.1|A/cattle/Texas/24-008749-002/2024(H5N1)	336	8455
MP|PP755582.1|A/cattle/Texas/24-008749-002/2024(H5N1)	337	8459
MP|PP755582.1|A/cattle/Texas/24-008749-002/2024(H5N1)	338	8493
MP|PP755582.1|A/cattle/Texas/24-008749-002/2024(H5N1)	339	8488
MP|PP755582.1|A/cattle/Texas/24-008749-002/2024(H5N1)	340	8486
MP|PP755582.1|A/cattle/Texas/24-008749-002/2024(H5N1)	341	8457
MP|PP755582.1|A/cattle/Texas/24-008749-002/2024(H5N1)	342	8340
MP|PP755582.1|A/cattle/Texas/24-008749-002/2024(H5N1)	343	8349
MP|PP755582.1|A/cattle/Texas/24-008749-002/2024(H5N1)	344	8401
MP|PP755582.1|A/cattle/Texas/24-008749-002/2024(H5N1)	345	8231
MP|PP755582.1|A/cattle/Texas/24-008749-002/2024(H5N1)	346	8299
MP|PP755582.1|A/cattle/Texas/24-008749-002/2024(H5N1)	347	8356
MP|PP755582.1|A/cattle/Texas/24-008749-002/2024(H5N1)	348	8405
MP|PP755582.1|A/cattle/Texas/24-008749-002/2024(H5N1)	349	8211
MP|PP755582.1|A/cattle/Texas/24-008749-002/2024(H5N1)	350	8186
MP|PP755582.1|A/cattle/Texas/24-008749-002/2024(H5N1)	351	8455
MP|PP755582.1|A/cattle/Texas/24-008749-002/2024(H5N1)	352	8388
MP|PP755582.1|A/cattle/Texas/24-008749-002/2024(H5N1)	353	8450
MP|PP755582.1|A/cattle/Texas/24-008749-002/2024(H5N1)	354	8493
MP|PP755582.1|A/cattle/Texas/24-008749-002/2024(H5N1)	355	8409
MP|PP755582.1|A/cattle/Texas/24-008749-002/2024(H5N1)	356	8421
MP|PP755582.1|A/cattle/Texas/24-008749-002/2024(H5N1)	357	8460
MP|PP755582.1|A/cattle/Texas/24-008749-002/2024(H5N1)	358	8429
MP|PP755582.1|A/cattle/Texas/24-008749-002/2024(H5N1)	359	8409
MP|PP755582.1|A/cattle/Texas/24-008749-002/2024(H5N1)	360	8125
MP|PP755582.1|A/cattle/Texas/24-008749-002/2024(H5N1)	361	8225
MP|PP755582.1|A/cattle/Texas/24-008749-002/2024(H5N1)	362	8185
MP|PP755582.1|A/cattle/Texas/24-008749-002/2024(H5N1)	363	8071
MP|PP755582.1|A/cattle/Texas/24-008749-002/2024(H5N1)	364	8048
MP|PP755582.1|A/cattle/Texas/24-008749-002/2024(H5N1)	365	8153
MP|PP755582.1|A/cattle/Texas/24-008749-002/2024(H5N1)	366	8112
MP|PP755582.1|A/cattle/Texas/24-008749-002/2024(H5N1)	367	8132
MP|PP755582.1|A/cattle/Texas/24-008749-002/2024(H5N1)	368	8005
MP|PP755582.1|A/cattle/Texas/24-008749-002/2024(H5N1)	369	8045
MP|PP755582.1|A/cattle/Texas/24-008749-002/2024(H5N1)	370	7879
MP|PP755582.1|A/cattle/Texas/24-008749-002/2024(H5N1)	371	7745
MP|PP755582.1|A/cattle/Texas/24-008749-002/2024(H5N1)	372	7881
MP|PP755582.1|A/cattle/Texas/24-008749-002/2024(H5N1)	373	7861
MP|PP755582.1|A/cattle/Texas/24-008749-002/2024(H5N1)	374	7916
MP|PP755582.1|A/cattle/Texas/24-008749-002/2024(H5N1)	375	7768
MP|PP755582.1|A/cattle/Texas/24-008749-002/2024(H5N1)	376	7726
MP|PP755582.1|A/cattle/Texas/24-008749-002/2024(H5N1)	377	7835
MP|PP755582.1|A/cattle/Texas/24-008749-002/2024(H5N1)	378	7891
MP|PP755582.1|A/cattle/Texas/24-008749-002/2024(H5N1)	379	7862
MP|PP755582.1|A/cattle/Texas/24-008749-002/2024(H5N1)	380	7950
MP|PP755582.1|A/cattle/Texas/24-008749-002/2024(H5N1)	381	7937
MP|PP755582.1|A/cattle/Texas/24-008749-002/2024(H5N1)	382	7938
MP|PP755582.1|A/cattle/Texas/24-008749-002/2024(H5N1)	383	7922
MP|PP755582.1|A/cattle/Texas/24-008749-002/2024(H5N1)	384	7872
MP|PP755582.1|A/cattle/Texas/24-008749-002/2024(H5N1)	385	7930
MP|PP755582.1|A/cattle/Texas/24-008749-002/2024(H5N1)	386	7876
MP|PP755582.1|A/cattle/Texas/24-008749-002/2024(H5N1)	387	7809
MP|PP755582.1|A/cattle/Texas/24-008749-002/2024(H5N1)	388	7818
MP|PP755582.1|A/cattle/Texas/24-008749-002/2024(H5N1)	389	7745
MP|PP755582.1|A/cattle/Texas/24-008749-002/2024(H5N1)	390	7811
MP|PP755582.1|A/cattle/Texas/24-008749-002/2024(H5N1)	391	8021
MP|PP755582.1|A/cattle/Texas/24-008749-002/2024(H5N1)	392	8027
MP|PP755582.1|A/cattle/Texas/24-008749-002/2024(H5N1)	393	8059
MP|PP755582.1|A/cattle/Texas/24-008749-002/2024(H5N1)	394	7998
MP|PP755582.1|A/cattle/Texas/24-008749-002/2024(H5N1)	395	7889
MP|PP755582.1|A/cattle/Texas/24-008749-002/2024(H5N1)	396	8083
MP|PP755582.1|A/cattle/Texas/24-008749-002/2024(H5N1)	397	7866
MP|PP755582.1|A/cattle/Texas/24-008749-002/2024(H5N1)	398	7797
MP|PP755582.1|A/cattle/Texas/24-008749-002/2024(H5N1)	399	7772
MP|PP755582.1|A/cattle/Texas/24-008749-002/2024(H5N1)	400	7562
MP|PP755582.1|A/cattle/Texas/24-008749-002/2024(H5N1)	401	7764
MP|PP755582.1|A/cattle/Texas/24-008749-002/2024(H5N1)	402	7806
MP|PP755582.1|A/cattle/Texas/24-008749-002/2024(H5N1)	403	7695
MP|PP755582.1|A/cattle/Texas/24-008749-002/2024(H5N1)	404	7741
MP|PP755582.1|A/cattle/Texas/24-008749-002/2024(H5N1)	405	7595
MP|PP755582.1|A/cattle/Texas/24-008749-002/2024(H5N1)	406	7623
MP|PP755582.1|A/cattle/Texas/24-008749-002/2024(H5N1)	407	8074
MP|PP755582.1|A/cattle/Texas/24-008749-002/2024(H5N1)	408	8017
MP|PP755582.1|A/cattle/Texas/24-008749-002/2024(H5N1)	409	8046
MP|PP755582.1|A/cattle/Texas/24-008749-002/2024(H5N1)	410	7806
MP|PP755582.1|A/cattle/Texas/24-008749-002/2024(H5N1)	411	7798
MP|PP755582.1|A/cattle/Texas/24-008749-002/2024(H5N1)	412	7799
MP|PP755582.1|A/cattle/Texas/24-008749-002/2024(H5N1)	413	7932
MP|PP755582.1|A/cattle/Texas/24-008749-002/2024(H5N1)	414	7950
MP|PP755582.1|A/cattle/Texas/24-008749-002/2024(H5N1)	415	7946
MP|PP755582.1|A/cattle/Texas/24-008749-002/2024(H5N1)	416	7996
MP|PP755582.1|A/cattle/Texas/24-008749-002/2024(H5N1)	417	7913
MP|PP755582.1|A/cattle/Texas/24-008749-002/2024(H5N1)	418	7915
MP|PP755582.1|A/cattle/Texas/24-008749-002/2024(H5N1)	419	8020
MP|PP755582.1|A/cattle/Texas/24-008749-002/2024(H5N1)	420	8010
MP|PP755582.1|A/cattle/Texas/24-008749-002/2024(H5N1)	421	8054
MP|PP755582.1|A/cattle/Texas/24-008749-002/2024(H5N1)	422	8161
MP|PP755582.1|A/cattle/Texas/24-008749-002/2024(H5N1)	423	8152
MP|PP755582.1|A/cattle/Texas/24-008749-002/2024(H5N1)	424	8010
MP|PP755582.1|A/cattle/Texas/24-008749-002/2024(H5N1)	425	7902
MP|PP755582.1|A/cattle/Texas/24-008749-002/2024(H5N1)	426	7890
MP|PP755582.1|A/cattle/Texas/24-008749-002/2024(H5N1)	427	8046
MP|PP755582.1|A/cattle/Texas/24-008749-002/2024(H5N1)	428	8070
MP|PP755582.1|A/cattle/Texas/24-008749-002/2024(H5N1)	429	8078
MP|PP755582.1|A/cattle/Texas/24-008749-002/2024(H5N1)	430	7863
MP|PP755582.1|A/cattle/Texas/24-008749-002/2024(H5N1)	431	7868
MP|PP755582.1|A/cattle/Texas/24-008749-002/2024(H5N1)	432	7885
MP|PP755582.1|A/cattle/Texas/24-008749-002/2024(H5N1)	433	8480
MP|PP755582.1|A/cattle/Texas/24-008749-002/2024(H5N1)	434	8631
MP|PP755582.1|A/cattle/Texas/24-008749-002/2024(H5N1)	435	8517
MP|PP755582.1|A/cattle/Texas/24-008749-002/2024(H5N1)	436	8342
MP|PP755582.1|A/cattle/Texas/24-008749-002/2024(H5N1)	437	8346
MP|PP755582.1|A/cattle/Texas/24-008749-002/2024(H5N1)	438	8507
MP|PP755582.1|A/cattle/Texas/24-008749-002/2024(H5N1)	439	8625
MP|PP755582.1|A/cattle/Texas/24-008749-002/2024(H5N1)	440	8585
MP|PP755582.1|A/cattle/Texas/24-008749-002/2024(H5N1)	441	8677
MP|PP755582.1|A/cattle/Texas/24-008749-002/2024(H5N1)	442	8084
MP|PP755582.1|A/cattle/Texas/24-008749-002/2024(H5N1)	443	8073
MP|PP755582.1|A/cattle/Texas/24-008749-002/2024(H5N1)	444	8109
MP|PP755582.1|A/cattle/Texas/24-008749-002/2024(H5N1)	445	8066
MP|PP755582.1|A/cattle/Texas/24-008749-002/2024(H5N1)	446	8079
MP|PP755582.1|A/cattle/Texas/24-008749-002/2024(H5N1)	447	7843
MP|PP755582.1|A/cattle/Texas/24-008749-002/2024(H5N1)	448	7774
MP|PP755582.1|A/cattle/Texas/24-008749-002/2024(H5N1)	449	8121
MP|PP755582.1|A/cattle/Texas/24-008749-002/2024(H5N1)	450	8093
MP|PP755582.1|A/cattle/Texas/24-008749-002/2024(H5N1)	451	7993
MP|PP755582.1|A/cattle/Texas/24-008749-002/2024(H5N1)	452	8023
MP|PP755582.1|A/cattle/Texas/24-008749-002/2024(H5N1)	453	8007
MP|PP755582.1|A/cattle/Texas/24-008749-002/2024(H5N1)	454	8015
MP|PP755582.1|A/cattle/Texas/24-008749-002/2024(H5N1)	455	7984
MP|PP755582.1|A/cattle/Texas/24-008749-002/2024(H5N1)	456	7992
MP|PP755582.1|A/cattle/Texas/24-008749-002/2024(H5N1)	457	7939
MP|PP755582.1|A/cattle/Texas/24-008749-002/2024(H5N1)	458	7636
MP|PP755582.1|A/cattle/Texas/24-008749-002/2024(H5N1)	459	7665
MP|PP755582.1|A/cattle/Texas/24-008749-002/2024(H5N1)	460	7803
MP|PP755582.1|A/cattle/Texas/24-008749-002/2024(H5N1)	461	7775
MP|PP755582.1|A/cattle/Texas/24-008749-002/2024(H5N1)	462	7845
MP|PP755582.1|A/cattle/Texas/24-008749-002/2024(H5N1)	463	7856
MP|PP755582.1|A/cattle/Texas/24-008749-002/2024(H5N1)	464	7880
MP|PP755582.1|A/cattle/Texas/24-008749-002/2024(H5N1)	465	7869
MP|PP755582.1|A/cattle/Texas/24-008749-002/2024(H5N1)	466	7909
MP|PP755582.1|A/cattle/Texas/24-008749-002/2024(H5N1)	467	7939
MP|PP755582.1|A/cattle/Texas/24-008749-002/2024(H5N1)	468	7873
MP|PP755582.1|A/cattle/Texas/24-008749-002/2024(H5N1)	469	7856
MP|PP755582.1|A/cattle/Texas/24-008749-002/2024(H5N1)	470	7864
MP|PP755582.1|A/cattle/Texas/24-008749-002/2024(H5N1)	471	7860
MP|PP755582.1|A/cattle/Texas/24-008749-002/2024(H5N1)	472	7846
MP|PP755582.1|A/cattle/Texas/24-008749-002/2024(H5N1)	473	7805
MP|PP755582.1|A/cattle/Texas/24-008749-002/2024(H5N1)	474	7865
MP|PP755582.1|A/cattle/Texas/24-008749-002/2024(H5N1)	475	7846
MP|PP755582.1|A/cattle/Texas/24-008749-002/2024(H5N1)	476	7833
MP|PP755582.1|A/cattle/Texas/24-008749-002/2024(H5N1)	477	7891
MP|PP755582.1|A/cattle/Texas/24-008749-002/2024(H5N1)	478	7842
MP|PP755582.1|A/cattle/Texas/24-008749-002/2024(H5N1)	479	7839
MP|PP755582.1|A/cattle/Texas/24-008749-002/2024(H5N1)	480	7957
MP|PP755582.1|A/cattle/Texas/24-008749-002/2024(H5N1)	481	8107
MP|PP755582.1|A/cattle/Texas/24-008749-002/2024(H5N1)	482	8167
MP|PP755582.1|A/cattle/Texas/24-008749-002/2024(H5N1)	483	8129
MP|PP755582.1|A/cattle/Texas/24-008749-002/2024(H5N1)	484	8163
MP|PP755582.1|A/cattle/Texas/24-008749-002/2024(H5N1)	485	8163
MP|PP755582.1|A/cattle/Texas/24-008749-002/2024(H5N1)	486	8208
MP|PP755582.1|A/cattle/Texas/24-008749-002/2024(H5N1)	487	8181
MP|PP755582.1|A/cattle/Texas/24-008749-002/2024(H5N1)	488	8299
MP|PP755582.1|A/cattle/Texas/24-008749-002/2024(H5N1)	489	8198
MP|PP755582.1|A/cattle/Texas/24-008749-002/2024(H5N1)	490	8277
MP|PP755582.1|A/cattle/Texas/24-008749-002/2024(H5N1)	491	8152
MP|PP755582.1|A/cattle/Texas/24-008749-002/2024(H5N1)	492	8192
MP|PP755582.1|A/cattle/Texas/24-008749-002/2024(H5N1)	493	8270
MP|PP755582.1|A/cattle/Texas/24-008749-002/2024(H5N1)	494	8282
MP|PP755582.1|A/cattle/Texas/24-008749-002/2024(H5N1)	495	8261
MP|PP755582.1|A/cattle/Texas/24-008749-002/2024(H5N1)	496	8305
MP|PP755582.1|A/cattle/Texas/24-008749-002/2024(H5N1)	497	8325
MP|PP755582.1|A/cattle/Texas/24-008749-002/2024(H5N1)	498	8330
MP|PP755582.1|A/cattle/Texas/24-008749-002/2024(H5N1)	499	8305
MP|PP755582.1|A/cattle/Texas/24-008749-002/2024(H5N1)	500	8318
MP|PP755582.1|A/cattle/Texas/24-008749-002/2024(H5N1)	501	8108
MP|PP755582.1|A/cattle/Texas/24-008749-002/2024(H5N1)	502	8081
MP|PP755582.1|A/cattle/Texas/24-008749-002/2024(H5N1)	503	8160
MP|PP755582.1|A/cattle/Texas/24-008749-002/2024(H5N1)	504	8185
MP|PP755582.1|A/cattle/Texas/24-008749-002/2024(H5N1)	505	8125
MP|PP755582.1|A/cattle/Texas/24-008749-002/2024(H5N1)	506	8185
MP|PP755582.1|A/cattle/Texas/24-008749-002/2024(H5N1)	507	8149
MP|PP755582.1|A/cattle/Texas/24-008749-002/2024(H5N1)	508	8141
MP|PP755582.1|A/cattle/Texas/24-008749-002/2024(H5N1)	509	8183
MP|PP755582.1|A/cattle/Texas/24-008749-002/2024(H5N1)	510	8196
MP|PP755582.1|A/cattle/Texas/24-008749-002/2024(H5N1)	511	8247
MP|PP755582.1|A/cattle/Texas/24-008749-002/2024(H5N1)	512	8236
MP|PP755582.1|A/cattle/Texas/24-008749-002/2024(H5N1)	513	8201
MP|PP755582.1|A/cattle/Texas/24-008749-002/2024(H5N1)	514	8217
MP|PP755582.1|A/cattle/Texas/24-008749-002/2024(H5N1)	515	8108
MP|PP755582.1|A/cattle/Texas/24-008749-002/2024(H5N1)	516	8238
MP|PP755582.1|A/cattle/Texas/24-008749-002/2024(H5N1)	517	8270
MP|PP755582.1|A/cattle/Texas/24-008749-002/2024(H5N1)	518	8245
MP|PP755582.1|A/cattle/Texas/24-008749-002/2024(H5N1)	519	8214
MP|PP755582.1|A/cattle/Texas/24-008749-002/2024(H5N1)	520	8155
MP|PP755582.1|A/cattle/Texas/24-008749-002/2024(H5N1)	521	8161
MP|PP755582.1|A/cattle/Texas/24-008749-002/2024(H5N1)	522	8235
MP|PP755582.1|A/cattle/Texas/24-008749-002/2024(H5N1)	523	8219
MP|PP755582.1|A/cattle/Texas/24-008749-002/2024(H5N1)	524	8325
MP|PP755582.1|A/cattle/Texas/24-008749-002/2024(H5N1)	525	8177
MP|PP755582.1|A/cattle/Texas/24-008749-002/2024(H5N1)	526	8171
MP|PP755582.1|A/cattle/Texas/24-008749-002/2024(H5N1)	527	8168
MP|PP755582.1|A/cattle/Texas/24-008749-002/2024(H5N1)	528	8117
MP|PP755582.1|A/cattle/Texas/24-008749-002/2024(H5N1)	529	8071
MP|PP755582.1|A/cattle/Texas/24-008749-002/2024(H5N1)	530	8043
MP|PP755582.1|A/cattle/Texas/24-008749-002/2024(H5N1)	531	7997
MP|PP755582.1|A/cattle/Texas/24-008749-002/2024(H5N1)	532	7878
MP|PP755582.1|A/cattle/Texas/24-008749-002/2024(H5N1)	533	7915
MP|PP755582.1|A/cattle/Texas/24-008749-002/2024(H5N1)	534	8357
MP|PP755582.1|A/cattle/Texas/24-008749-002/2024(H5N1)	535	8458
MP|PP755582.1|A/cattle/Texas/24-008749-002/2024(H5N1)	536	8406
MP|PP755582.1|A/cattle/Texas/24-008749-002/2024(H5N1)	537	8346
MP|PP755582.1|A/cattle/Texas/24-008749-002/2024(H5N1)	538	8505
MP|PP755582.1|A/cattle/Texas/24-008749-002/2024(H5N1)	539	8367
MP|PP755582.1|A/cattle/Texas/24-008749-002/2024(H5N1)	540	8381
MP|PP755582.1|A/cattle/Texas/24-008749-002/2024(H5N1)	541	8370
MP|PP755582.1|A/cattle/Texas/24-008749-002/2024(H5N1)	542	8192
MP|PP755582.1|A/cattle/Texas/24-008749-002/2024(H5N1)	543	8303
MP|PP755582.1|A/cattle/Texas/24-008749-002/2024(H5N1)	544	8257
MP|PP755582.1|A/cattle/Texas/24-008749-002/2024(H5N1)	545	8276
MP|PP755582.1|A/cattle/Texas/24-008749-002/2024(H5N1)	546	8259
MP|PP755582.1|A/cattle/Texas/24-008749-002/2024(H5N1)	547	8098
MP|PP755582.1|A/cattle/Texas/24-008749-002/2024(H5N1)	548	8690
MP|PP755582.1|A/cattle/Texas/24-008749-002/2024(H5N1)	549	8803
MP|PP755582.1|A/cattle/Texas/24-008749-002/2024(H5N1)	550	8821
MP|PP755582.1|A/cattle/Texas/24-008749-002/2024(H5N1)	551	8682
MP|PP755582.1|A/cattle/Texas/24-008749-002/2024(H5N1)	552	8571
MP|PP755582.1|A/cattle/Texas/24-008749-002/2024(H5N1)	553	8573
MP|PP755582.1|A/cattle/Texas/24-008749-002/2024(H5N1)	554	8602
MP|PP755582.1|A/cattle/Texas/24-008749-002/2024(H5N1)	555	8703
MP|PP755582.1|A/cattle/Texas/24-008749-002/2024(H5N1)	556	8785
MP|PP755582.1|A/cattle/Texas/24-008749-002/2024(H5N1)	557	8177
MP|PP755582.1|A/cattle/Texas/24-008749-002/2024(H5N1)	558	8140
MP|PP755582.1|A/cattle/Texas/24-008749-002/2024(H5N1)	559	8131
MP|PP755582.1|A/cattle/Texas/24-008749-002/2024(H5N1)	560	8183
MP|PP755582.1|A/cattle/Texas/24-008749-002/2024(H5N1)	561	8266
MP|PP755582.1|A/cattle/Texas/24-008749-002/2024(H5N1)	562	8281
MP|PP755582.1|A/cattle/Texas/24-008749-002/2024(H5N1)	563	8333
MP|PP755582.1|A/cattle/Texas/24-008749-002/2024(H5N1)	564	8146
MP|PP755582.1|A/cattle/Texas/24-008749-002/2024(H5N1)	565	8149
MP|PP755582.1|A/cattle/Texas/24-008749-002/2024(H5N1)	566	8167
MP|PP755582.1|A/cattle/Texas/24-008749-002/2024(H5N1)	567	8122
MP|PP755582.1|A/cattle/Texas/24-008749-002/2024(H5N1)	568	8194
MP|PP755582.1|A/cattle/Texas/24-008749-002/2024(H5N1)	569	8027
MP|PP755582.1|A/cattle/Texas/24-008749-002/2024(H5N1)	570	8022
MP|PP755582.1|A/cattle/Texas/24-008749-002/2024(H5N1)	571	7955
MP|PP755582.1|A/cattle/Texas/24-008749-002/2024(H5N1)	572	7849
MP|PP755582.1|A/cattle/Texas/24-008749-002/2024(H5N1)	573	7859
MP|PP755582.1|A/cattle/Texas/24-008749-002/2024(H5N1)	574	7857
MP|PP755582.1|A/cattle/Texas/24-008749-002/2024(H5N1)	575	8005
MP|PP755582.1|A/cattle/Texas/24-008749-002/2024(H5N1)	576	8006
MP|PP755582.1|A/cattle/Texas/24-008749-002/2024(H5N1)	577	7964
MP|PP755582.1|A/cattle/Texas/24-008749-002/2024(H5N1)	578	7974
MP|PP755582.1|A/cattle/Texas/24-008749-002/2024(H5N1)	579	7934
MP|PP755582.1|A/cattle/Texas/24-008749-002/2024(H5N1)	580	7954
MP|PP755582.1|A/cattle/Texas/24-008749-002/2024(H5N1)	581	7993
MP|PP755582.1|A/cattle/Texas/24-008749-002/2024(H5N1)	582	7986
MP|PP755582.1|A/cattle/Texas/24-008749-002/2024(H5N1)	583	7971
MP|PP755582.1|A/cattle/Texas/24-008749-002/2024(H5N1)	584	7413
MP|PP755582.1|A/cattle/Texas/24-008749-002/2024(H5N1)	585	7413
MP|PP755582.1|A/cattle/Texas/24-008749-002/2024(H5N1)	586	7409
MP|PP755582.1|A/cattle/Texas/24-008749-002/2024(H5N1)	587	7420
MP|PP755582.1|A/cattle/Texas/24-008749-002/2024(H5N1)	588	7439
MP|PP755582.1|A/cattle/Texas/24-008749-002/2024(H5N1)	589	7362
MP|PP755582.1|A/cattle/Texas/24-008749-002/2024(H5N1)	590	7282
MP|PP755582.1|A/cattle/Texas/24-008749-002/2024(H5N1)	591	7282
MP|PP755582.1|A/cattle/Texas/24-008749-002/2024(H5N1)	592	7416
MP|PP755582.1|A/cattle/Texas/24-008749-002/2024(H5N1)	593	7434
MP|PP755582.1|A/cattle/Texas/24-008749-002/2024(H5N1)	594	7416
MP|PP755582.1|A/cattle/Texas/24-008749-002/2024(H5N1)	595	7398
MP|PP755582.1|A/cattle/Texas/24-008749-002/2024(H5N1)	596	7498
MP|PP755582.1|A/cattle/Texas/24-008749-002/2024(H5N1)	597	7469
MP|PP755582.1|A/cattle/Texas/24-008749-002/2024(H5N1)	598	7686
MP|PP755582.1|A/cattle/Texas/24-008749-002/2024(H5N1)	599	7756
MP|PP755582.1|A/cattle/Texas/24-008749-002/2024(H5N1)	600	7517
MP|PP755582.1|A/cattle/Texas/24-008749-002/2024(H5N1)	601	7524
MP|PP755582.1|A/cattle/Texas/24-008749-002/2024(H5N1)	602	7538
MP|PP755582.1|A/cattle/Texas/24-008749-002/2024(H5N1)	603	7509
MP|PP755582.1|A/cattle/Texas/24-008749-002/2024(H5N1)	604	7599
MP|PP755582.1|A/cattle/Texas/24-008749-002/2024(H5N1)	605	7665
MP|PP755582.1|A/cattle/Texas/24-008749-002/2024(H5N1)	606	7670
MP|PP755582.1|A/cattle/Texas/24-008749-002/2024(H5N1)	607	7483
MP|PP755582.1|A/cattle/Texas/24-008749-002/2024(H5N1)	608	7574
MP|PP755582.1|A/cattle/Texas/24-008749-002/2024(H5N1)	609	7573
MP|PP755582.1|A/cattle/Texas/24-008749-002/2024(H5N1)	610	7580
MP|PP755582.1|A/cattle/Texas/24-008749-002/2024(H5N1)	611	7554
MP|PP755582.1|A/cattle/Texas/24-008749-002/2024(H5N1)	612	7590
MP|PP755582.1|A/cattle/Texas/24-008749-002/2024(H5N1)	613	7596
MP|PP755582.1|A/cattle/Texas/24-008749-002/2024(H5N1)	614	7556
MP|PP755582.1|A/cattle/Texas/24-008749-002/2024(H5N1)	615	7544
MP|PP755582.1|A/cattle/Texas/24-008749-002/2024(H5N1)	616	7544
MP|PP755582.1|A/cattle/Texas/24-008749-002/2024(H5N1)	617	7565
MP|PP755582.1|A/cattle/Texas/24-008749-002/2024(H5N1)	618	7563
MP|PP755582.1|A/cattle/Texas/24-008749-002/2024(H5N1)	619	7636
MP|PP755582.1|A/cattle/Texas/24-008749-002/2024(H5N1)	620	7628
MP|PP755582.1|A/cattle/Texas/24-008749-002/2024(H5N1)	621	7693
MP|PP755582.1|A/cattle/Texas/24-008749-002/2024(H5N1)	622	7672
MP|PP755582.1|A/cattle/Texas/24-008749-002/2024(H5N1)	623	7687
MP|PP755582.1|A/cattle/Texas/24-008749-002/2024(H5N1)	624	7996
MP|PP755582.1|A/cattle/Texas/24-008749-002/2024(H5N1)	625	8049
MP|PP755582.1|A/cattle/Texas/24-008749-002/2024(H5N1)	626	8059
MP|PP755582.1|A/cattle/Texas/24-008749-002/2024(H5N1)	627	8056
MP|PP755582.1|A/cattle/Texas/24-008749-002/2024(H5N1)	628	7987
MP|PP755582.1|A/cattle/Texas/24-008749-002/2024(H5N1)	629	8078
MP|PP755582.1|A/cattle/Texas/24-008749-002/2024(H5N1)	630	8089
MP|PP755582.1|A/cattle/Texas/24-008749-002/2024(H5N1)	631	8030
MP|PP755582.1|A/cattle/Texas/24-008749-002/2024(H5N1)	632	7824
MP|PP755582.1|A/cattle/Texas/24-008749-002/2024(H5N1)	633	7653
MP|PP755582.1|A/cattle/Texas/24-008749-002/2024(H5N1)	634	7630
MP|PP755582.1|A/cattle/Texas/24-008749-002/2024(H5N1)	635	7609
MP|PP755582.1|A/cattle/Texas/24-008749-002/2024(H5N1)	636	7641
MP|PP755582.1|A/cattle/Texas/24-008749-002/2024(H5N1)	637	7834
MP|PP755582.1|A/cattle/Texas/24-008749-002/2024(H5N1)	638	7875
MP|PP755582.1|A/cattle/Texas/24-008749-002/2024(H5N1)	639	7801
MP|PP755582.1|A/cattle/Texas/24-008749-002/2024(H5N1)	640	7750
MP|PP755582.1|A/cattle/Texas/24-008749-002/2024(H5N1)	641	7731
MP|PP755582.1|A/cattle/Texas/24-008749-002/2024(H5N1)	642	7784
MP|PP755582.1|A/cattle/Texas/24-008749-002/2024(H5N1)	643	7897
MP|PP755582.1|A/cattle/Texas/24-008749-002/2024(H5N1)	644	7939
MP|PP755582.1|A/cattle/Texas/24-008749-002/2024(H5N1)	645	7951
MP|PP755582.1|A/cattle/Texas/24-008749-002/2024(H5N1)	646	7796
MP|PP755582.1|A/cattle/Texas/24-008749-002/2024(H5N1)	647	7752
MP|PP755582.1|A/cattle/Texas/24-008749-002/2024(H5N1)	648	7750
MP|PP755582.1|A/cattle/Texas/24-008749-002/2024(H5N1)	649	7746
MP|PP755582.1|A/cattle/Texas/24-008749-002/2024(H5N1)	650	7770
MP|PP755582.1|A/cattle/Texas/24-008749-002/2024(H5N1)	651	7850
MP|PP755582.1|A/cattle/Texas/24-008749-002/2024(H5N1)	652	7820
MP|PP755582.1|A/cattle/Texas/24-008749-002/2024(H5N1)	653	7884
MP|PP755582.1|A/cattle/Texas/24-008749-002/2024(H5N1)	654	7985
MP|PP755582.1|A/cattle/Texas/24-008749-002/2024(H5N1)	655	7964
MP|PP755582.1|A/cattle/Texas/24-008749-002/2024(H5N1)	656	8054
MP|PP755582.1|A/cattle/Texas/24-008749-002/2024(H5N1)	657	7992
MP|PP755582.1|A/cattle/Texas/24-008749-002/2024(H5N1)	658	7998
MP|PP755582.1|A/cattle/Texas/24-008749-002/2024(H5N1)	659	8037
MP|PP755582.1|A/cattle/Texas/24-008749-002/2024(H5N1)	660	8015
MP|PP755582.1|A/cattle/Texas/24-008749-002/2024(H5N1)	661	8152
MP|PP755582.1|A/cattle/Texas/24-008749-002/2024(H5N1)	662	8058
MP|PP755582.1|A/cattle/Texas/24-008749-002/2024(H5N1)	663	7901
MP|PP755582.1|A/cattle/Texas/24-008749-002/2024(H5N1)	664	7961
MP|PP755582.1|A/cattle/Texas/24-008749-002/2024(H5N1)	665	7933
MP|PP755582.1|A/cattle/Texas/24-008749-002/2024(H5N1)	666	8171
MP|PP755582.1|A/cattle/Texas/24-008749-002/2024(H5N1)	667	8079
MP|PP755582.1|A/cattle/Texas/24-008749-002/2024(H5N1)	668	8045
MP|PP755582.1|A/cattle/Texas/24-008749-002/2024(H5N1)	669	8049
MP|PP755582.1|A/cattle/Texas/24-008749-002/2024(H5N1)	670	8054
MP|PP755582.1|A/cattle/Texas/24-008749-002/2024(H5N1)	671	8066
MP|PP755582.1|A/cattle/Texas/24-008749-002/2024(H5N1)	672	8744
MP|PP755582.1|A/cattle/Texas/24-008749-002/2024(H5N1)	673	8697
MP|PP755582.1|A/cattle/Texas/24-008749-002/2024(H5N1)	674	8721
MP|PP755582.1|A/cattle/Texas/24-008749-002/2024(H5N1)	675	8592
MP|PP755582.1|A/cattle/Texas/24-008749-002/2024(H5N1)	676	8583
MP|PP755582.1|A/cattle/Texas/24-008749-002/2024(H5N1)	677	8756
MP|PP755582.1|A/cattle/Texas/24-008749-002/2024(H5N1)	678	8757
MP|PP755582.1|A/cattle/Texas/24-008749-002/2024(H5N1)	679	8747
MP|PP755582.1|A/cattle/Texas/24-008749-002/2024(H5N1)	680	8747
MP|PP755582.1|A/cattle/Texas/24-008749-002/2024(H5N1)	681	8161
MP|PP755582.1|A/cattle/Texas/24-008749-002/2024(H5N1)	682	8213
MP|PP755582.1|A/cattle/Texas/24-008749-002/2024(H5N1)	683	8358
MP|PP755582.1|A/cattle/Texas/24-008749-002/2024(H5N1)	684	8329
MP|PP755582.1|A/cattle/Texas/24-008749-002/2024(H5N1)	685	8341
MP|PP755582.1|A/cattle/Texas/24-008749-002/2024(H5N1)	686	8167
MP|PP755582.1|A/cattle/Texas/24-008749-002/2024(H5N1)	687	8231
MP|PP755582.1|A/cattle/Texas/24-008749-002/2024(H5N1)	688	8318
MP|PP755582.1|A/cattle/Texas/24-008749-002/2024(H5N1)	689	8340
MP|PP755582.1|A/cattle/Texas/24-008749-002/2024(H5N1)	690	8333
MP|PP755582.1|A/cattle/Texas/24-008749-002/2024(H5N1)	691	8343
MP|PP755582.1|A/cattle/Texas/24-008749-002/2024(H5N1)	692	8288
MP|PP755582.1|A/cattle/Texas/24-008749-002/2024(H5N1)	693	8279
MP|PP755582.1|A/cattle/Texas/24-008749-002/2024(H5N1)	694	8192
MP|PP755582.1|A/cattle/Texas/24-008749-002/2024(H5N1)	695	8245
MP|PP755582.1|A/cattle/Texas/24-008749-002/2024(H5N1)	696	8312
MP|PP755582.1|A/cattle/Texas/24-008749-002/2024(H5N1)	697	7901
MP|PP755582.1|A/cattle/Texas/24-008749-002/2024(H5N1)	698	7781
MP|PP755582.1|A/cattle/Texas/24-008749-002/2024(H5N1)	699	7864
MP|PP755582.1|A/cattle/Texas/24-008749-002/2024(H5N1)	700	7796
MP|PP755582.1|A/cattle/Texas/24-008749-002/2024(H5N1)	701	7799
MP|PP755582.1|A/cattle/Texas/24-008749-002/2024(H5N1)	702	7803
MP|PP755582.1|A/cattle/Texas/24-008749-002/2024(H5N1)	703	7806
MP|PP755582.1|A/cattle/Texas/24-008749-002/2024(H5N1)	704	7807
MP|PP755582.1|A/cattle/Texas/24-008749-002/2024(H5N1)	705	7777
MP|PP755582.1|A/cattle/Texas/24-008749-002/2024(H5N1)	706	7663
MP|PP755582.1|A/cattle/Texas/24-008749-002/2024(H5N1)	707	7670
MP|PP755582.1|A/cattle/Texas/24-008749-002/2024(H5N1)	708	7765
MP|PP755582.1|A/cattle/Texas/24-008749-002/2024(H5N1)	709	7868
MP|PP755582.1|A/cattle/Texas/24-008749-002/2024(H5N1)	710	7867
MP|PP755582.1|A/cattle/Texas/24-008749-002/2024(H5N1)	711	7802
MP|PP755582.1|A/cattle/Texas/24-008749-002/2024(H5N1)	712	7743
MP|PP755582.1|A/cattle/Texas/24-008749-002/2024(H5N1)	713	7734
MP|PP755582.1|A/cattle/Texas/24-008749-002/2024(H5N1)	714	7723
MP|PP755582.1|A/cattle/Texas/24-008749-002/2024(H5N1)	715	7736
MP|PP755582.1|A/cattle/Texas/24-008749-002/2024(H5N1)	716	7719
MP|PP755582.1|A/cattle/Texas/24-008749-002/2024(H5N1)	717	7661
MP|PP755582.1|A/cattle/Texas/24-008749-002/2024(H5N1)	718	7663
MP|PP755582.1|A/cattle/Texas/24-008749-002/2024(H5N1)	719	7858
MP|PP755582.1|A/cattle/Texas/24-008749-002/2024(H5N1)	720	7973
MP|PP755582.1|A/cattle/Texas/24-008749-002/2024(H5N1)	721	7978
MP|PP755582.1|A/cattle/Texas/24-008749-002/2024(H5N1)	722	7967
MP|PP755582.1|A/cattle/Texas/24-008749-002/2024(H5N1)	723	7939
MP|PP755582.1|A/cattle/Texas/24-008749-002/2024(H5N1)	724	7961
MP|PP755582.1|A/cattle/Texas/24-008749-002/2024(H5N1)	725	7978
MP|PP755582.1|A/cattle/Texas/24-008749-002/2024(H5N1)	726	7907
MP|PP755582.1|A/cattle/Texas/24-008749-002/2024(H5N1)	727	7912
MP|PP755582.1|A/cattle/Texas/24-008749-002/2024(H5N1)	728	7836
MP|PP755582.1|A/cattle/Texas/24-008749-002/2024(H5N1)	729	7840
MP|PP755582.1|A/cattle/Texas/24-008749-002/2024(H5N1)	730	7850
MP|PP755582.1|A/cattle/Texas/24-008749-002/2024(H5N1)	731	7851
MP|PP755582.1|A/cattle/Texas/24-008749-002/2024(H5N1)	732	7830
MP|PP755582.1|A/cattle/Texas/24-008749-002/2024(H5N1)	733	7966
MP|PP755582.1|A/cattle/Texas/24-008749-002/2024(H5N1)	734	8264
MP|PP755582.1|A/cattle/Texas/24-008749-002/2024(H5N1)	735	8230
MP|PP755582.1|A/cattle/Texas/24-008749-002/2024(H5N1)	736	8332
MP|PP755582.1|A/cattle/Texas/24-008749-002/2024(H5N1)	737	8328
MP|PP755582.1|A/cattle/Texas/24-008749-002/2024(H5N1)	738	8320
MP|PP755582.1|A/cattle/Texas/24-008749-002/2024(H5N1)	739	8473
MP|PP755582.1|A/cattle/Texas/24-008749-002/2024(H5N1)	740	8480
MP|PP755582.1|A/cattle/Texas/24-008749-002/2024(H5N1)	741	8455
MP|PP755582.1|A/cattle/Texas/24-008749-002/2024(H5N1)	742	8432
MP|PP755582.1|A/cattle/Texas/24-008749-002/2024(H5N1)	743	8180
MP|PP755582.1|A/cattle/Texas/24-008749-002/2024(H5N1)	744	8193
MP|PP755582.1|A/cattle/Texas/24-008749-002/2024(H5N1)	745	8149
MP|PP755582.1|A/cattle/Texas/24-008749-002/2024(H5N1)	746	8141
MP|PP755582.1|A/cattle/Texas/24-008749-002/2024(H5N1)	747	8123
MP|PP755582.1|A/cattle/Texas/24-008749-002/2024(H5N1)	748	8269
MP|PP755582.1|A/cattle/Texas/24-008749-002/2024(H5N1)	749	8285
MP|PP755582.1|A/cattle/Texas/24-008749-002/2024(H5N1)	750	8505
MP|PP755582.1|A/cattle/Texas/24-008749-002/2024(H5N1)	751	8519
MP|PP755582.1|A/cattle/Texas/24-008749-002/2024(H5N1)	752	8517
MP|PP755582.1|A/cattle/Texas/24-008749-002/2024(H5N1)	753	8603
MP|PP755582.1|A/cattle/Texas/24-008749-002/2024(H5N1)	754	8668
MP|PP755582.1|A/cattle/Texas/24-008749-002/2024(H5N1)	755	8594
MP|PP755582.1|A/cattle/Texas/24-008749-002/2024(H5N1)	756	8537
MP|PP755582.1|A/cattle/Texas/24-008749-002/2024(H5N1)	757	8631
MP|PP755582.1|A/cattle/Texas/24-008749-002/2024(H5N1)	758	8624
MP|PP755582.1|A/cattle/Texas/24-008749-002/2024(H5N1)	759	8601
MP|PP755582.1|A/cattle/Texas/24-008749-002/2024(H5N1)	760	8598
MP|PP755582.1|A/cattle/Texas/24-008749-002/2024(H5N1)	761	8689
MP|PP755582.1|A/cattle/Texas/24-008749-002/2024(H5N1)	762	8573
MP|PP755582.1|A/cattle/Texas/24-008749-002/2024(H5N1)	763	8650
MP|PP755582.1|A/cattle/Texas/24-008749-002/2024(H5N1)	764	8650
MP|PP755582.1|A/cattle/Texas/24-008749-002/2024(H5N1)	765	8640
MP|PP755582.1|A/cattle/Texas/24-008749-002/2024(H5N1)	766	8798
MP|PP755582.1|A/cattle/Texas/24-008749-002/2024(H5N1)	767	8798
MP|PP755582.1|A/cattle/Texas/24-008749-002/2024(H5N1)	768	8722
MP|PP755582.1|A/cattle/Texas/24-008749-002/2024(H5N1)	769	8768
MP|PP755582.1|A/cattle/Texas/24-008749-002/2024(H5N1)	770	8646
MP|PP755582.1|A/cattle/Texas/24-008749-002/2024(H5N1)	771	8685
MP|PP755582.1|A/cattle/Texas/24-008749-002/2024(H5N1)	772	8635
MP|PP755582.1|A/cattle/Texas/24-008749-002/2024(H5N1)	773	8620
MP|PP755582.1|A/cattle/Texas/24-008749-002/2024(H5N1)	774	8337
MP|PP755582.1|A/cattle/Texas/24-008749-002/2024(H5N1)	775	8214
MP|PP755582.1|A/cattle/Texas/24-008749-002/2024(H5N1)	776	8217
MP|PP755582.1|A/cattle/Texas/24-008749-002/2024(H5N1)	777	8299
MP|PP755582.1|A/cattle/Texas/24-008749-002/2024(H5N1)	778	8308
MP|PP755582.1|A/cattle/Texas/24-008749-002/2024(H5N1)	779	8289
MP|PP755582.1|A/cattle/Texas/24-008749-002/2024(H5N1)	780	8369
MP|PP755582.1|A/cattle/Texas/24-008749-002/2024(H5N1)	781	8656
MP|PP755582.1|A/cattle/Texas/24-008749-002/2024(H5N1)	782	8663
MP|PP755582.1|A/cattle/Texas/24-008749-002/2024(H5N1)	783	8658
MP|PP755582.1|A/cattle/Texas/24-008749-002/2024(H5N1)	784	8838
MP|PP755582.1|A/cattle/Texas/24-008749-002/2024(H5N1)	785	8850
MP|PP755582.1|A/cattle/Texas/24-008749-002/2024(H5N1)	786	9021
MP|PP755582.1|A/cattle/Texas/24-008749-002/2024(H5N1)	787	8980
MP|PP755582.1|A/cattle/Texas/24-008749-002/2024(H5N1)	788	8804
MP|PP755582.1|A/cattle/Texas/24-008749-002/2024(H5N1)	789	8615
MP|PP755582.1|A/cattle/Texas/24-008749-002/2024(H5N1)	790	8632
MP|PP755582.1|A/cattle/Texas/24-008749-002/2024(H5N1)	791	8978
MP|PP755582.1|A/cattle/Texas/24-008749-002/2024(H5N1)	792	8952
MP|PP755582.1|A/cattle/Texas/24-008749-002/2024(H5N1)	793	8830
MP|PP755582.1|A/cattle/Texas/24-008749-002/2024(H5N1)	794	8904
MP|PP755582.1|A/cattle/Texas/24-008749-002/2024(H5N1)	795	8983
MP|PP755582.1|A/cattle/Texas/24-008749-002/2024(H5N1)	796	9078
MP|PP755582.1|A/cattle/Texas/24-008749-002/2024(H5N1)	797	9059
MP|PP755582.1|A/cattle/Texas/24-008749-002/2024(H5N1)	798	9089
MP|PP755582.1|A/cattle/Texas/24-008749-002/2024(H5N1)	799	9165
MP|PP755582.1|A/cattle/Texas/24-008749-002/2024(H5N1)	800	9060
MP|PP755582.1|A/cattle/Texas/24-008749-002/2024(H5N1)	801	9085
MP|PP755582.1|A/cattle/Texas/24-008749-002/2024(H5N1)	802	9070
MP|PP755582.1|A/cattle/Texas/24-008749-002/2024(H5N1)	803	9234
MP|PP755582.1|A/cattle/Texas/24-008749-002/2024(H5N1)	804	9114
MP|PP755582.1|A/cattle/Texas/24-008749-002/2024(H5N1)	805	8974
MP|PP755582.1|A/cattle/Texas/24-008749-002/2024(H5N1)	806	8966
MP|PP755582.1|A/cattle/Texas/24-008749-002/2024(H5N1)	807	8880
MP|PP755582.1|A/cattle/Texas/24-008749-002/2024(H5N1)	808	8937
MP|PP755582.1|A/cattle/Texas/24-008749-002/2024(H5N1)	809	8892
MP|PP755582.1|A/cattle/Texas/24-008749-002/2024(H5N1)	810	8854
MP|PP755582.1|A/cattle/Texas/24-008749-002/2024(H5N1)	811	8843
MP|PP755582.1|A/cattle/Texas/24-008749-002/2024(H5N1)	812	8673
MP|PP755582.1|A/cattle/Texas/24-008749-002/2024(H5N1)	813	8689
MP|PP755582.1|A/cattle/Texas/24-008749-002/2024(H5N1)	814	8649
MP|PP755582.1|A/cattle/Texas/24-008749-002/2024(H5N1)	815	8452
MP|PP755582.1|A/cattle/Texas/24-008749-002/2024(H5N1)	816	8441
MP|PP755582.1|A/cattle/Texas/24-008749-002/2024(H5N1)	817	8353
MP|PP755582.1|A/cattle/Texas/24-008749-002/2024(H5N1)	818	8349
MP|PP755582.1|A/cattle/Texas/24-008749-002/2024(H5N1)	819	8374
MP|PP755582.1|A/cattle/Texas/24-008749-002/2024(H5N1)	820	8370
MP|PP755582.1|A/cattle/Texas/24-008749-002/2024(H5N1)	821	8340
MP|PP755582.1|A/cattle/Texas/24-008749-002/2024(H5N1)	822	8328
MP|PP755582.1|A/cattle/Texas/24-008749-002/2024(H5N1)	823	7838
MP|PP755582.1|A/cattle/Texas/24-008749-002/2024(H5N1)	824	8153
MP|PP755582.1|A/cattle/Texas/24-008749-002/2024(H5N1)	825	8142
MP|PP755582.1|A/cattle/Texas/24-008749-002/2024(H5N1)	826	8148
MP|PP755582.1|A/cattle/Texas/24-008749-002/2024(H5N1)	827	8158
MP|PP755582.1|A/cattle/Texas/24-008749-002/2024(H5N1)	828	8010
MP|PP755582.1|A/cattle/Texas/24-008749-002/2024(H5N1)	829	8163
MP|PP755582.1|A/cattle/Texas/24-008749-002/2024(H5N1)	830	8155
MP|PP755582.1|A/cattle/Texas/24-008749-002/2024(H5N1)	831	8155
MP|PP755582.1|A/cattle/Texas/24-008749-002/2024(H5N1)	832	8075
MP|PP755582.1|A/cattle/Texas/24-008749-002/2024(H5N1)	833	8022
MP|PP755582.1|A/cattle/Texas/24-008749-002/2024(H5N1)	834	7959
MP|PP755582.1|A/cattle/Texas/24-008749-002/2024(H5N1)	835	7951
MP|PP755582.1|A/cattle/Texas/24-008749-002/2024(H5N1)	836	7936
MP|PP755582.1|A/cattle/Texas/24-008749-002/2024(H5N1)	837	7968
MP|PP755582.1|A/cattle/Texas/24-008749-002/2024(H5N1)	838	7943
MP|PP755582.1|A/cattle/Texas/24-008749-002/2024(H5N1)	839	7953
MP|PP755582.1|A/cattle/Texas/24-008749-002/2024(H5N1)	840	7861
MP|PP755582.1|A/cattle/Texas/24-008749-002/2024(H5N1)	841	7851
MP|PP755582.1|A/cattle/Texas/24-008749-002/2024(H5N1)	842	7879
MP|PP755582.1|A/cattle/Texas/24-008749-002/2024(H5N1)	843	7886
MP|PP755582.1|A/cattle/Texas/24-008749-002/2024(H5N1)	844	7900
MP|PP755582.1|A/cattle/Texas/24-008749-002/2024(H5N1)	845	7881
MP|PP755582.1|A/cattle/Texas/24-008749-002/2024(H5N1)	846	7827
MP|PP755582.1|A/cattle/Texas/24-008749-002/2024(H5N1)	847	7837
MP|PP755582.1|A/cattle/Texas/24-008749-002/2024(H5N1)	848	7825
MP|PP755582.1|A/cattle/Texas/24-008749-002/2024(H5N1)	849	7856
MP|PP755582.1|A/cattle/Texas/24-008749-002/2024(H5N1)	850	7877
MP|PP755582.1|A/cattle/Texas/24-008749-002/2024(H5N1)	851	8390
MP|PP755582.1|A/cattle/Texas/24-008749-002/2024(H5N1)	852	8422
MP|PP755582.1|A/cattle/Texas/24-008749-002/2024(H5N1)	853	8535
MP|PP755582.1|A/cattle/Texas/24-008749-002/2024(H5N1)	854	8566
MP|PP755582.1|A/cattle/Texas/24-008749-002/2024(H5N1)	855	8576
MP|PP755582.1|A/cattle/Texas/24-008749-002/2024(H5N1)	856	8654
MP|PP755582.1|A/cattle/Texas/24-008749-002/2024(H5N1)	857	8658
MP|PP755582.1|A/cattle/Texas/24-008749-002/2024(H5N1)	858	8581
MP|PP755582.1|A/cattle/Texas/24-008749-002/2024(H5N1)	859	8401
MP|PP755582.1|A/cattle/Texas/24-008749-002/2024(H5N1)	860	8309
MP|PP755582.1|A/cattle/Texas/24-008749-002/2024(H5N1)	861	8431
MP|PP755582.1|A/cattle/Texas/24-008749-002/2024(H5N1)	862	8385
MP|PP755582.1|A/cattle/Texas/24-008749-002/2024(H5N1)	863	8369
MP|PP755582.1|A/cattle/Texas/24-008749-002/2024(H5N1)	864	8367
MP|PP755582.1|A/cattle/Texas/24-008749-002/2024(H5N1)	865	8336
MP|PP755582.1|A/cattle/Texas/24-008749-002/2024(H5N1)	866	8343
MP|PP755582.1|A/cattle/Texas/24-008749-002/2024(H5N1)	867	8348
MP|PP755582.1|A/cattle/Texas/24-008749-002/2024(H5N1)	868	8324
MP|PP755582.1|A/cattle/Texas/24-008749-002/2024(H5N1)	869	8326
MP|PP755582.1|A/cattle/Texas/24-008749-002/2024(H5N1)	870	8156
MP|PP755582.1|A/cattle/Texas/24-008749-002/2024(H5N1)	871	7963
MP|PP755582.1|A/cattle/Texas/24-008749-002/2024(H5N1)	872	7957
MP|PP755582.1|A/cattle/Texas/24-008749-002/2024(H5N1)	873	7962
MP|PP755582.1|A/cattle/Texas/24-008749-002/2024(H5N1)	874	8011
MP|PP755582.1|A/cattle/Texas/24-008749-002/2024(H5N1)	875	7978
MP|PP755582.1|A/cattle/Texas/24-008749-002/2024(H5N1)	876	7914
MP|PP755582.1|A/cattle/Texas/24-008749-002/2024(H5N1)	877	7903
MP|PP755582.1|A/cattle/Texas/24-008749-002/2024(H5N1)	878	7887
MP|PP755582.1|A/cattle/Texas/24-008749-002/2024(H5N1)	879	7860
MP|PP755582.1|A/cattle/Texas/24-008749-002/2024(H5N1)	880	7843
MP|PP755582.1|A/cattle/Texas/24-008749-002/2024(H5N1)	881	7851
MP|PP755582.1|A/cattle/Texas/24-008749-002/2024(H5N1)	882	7831
MP|PP755582.1|A/cattle/Texas/24-008749-002/2024(H5N1)	883	7645
MP|PP755582.1|A/cattle/Texas/24-008749-002/2024(H5N1)	884	7624
MP|PP755582.1|A/cattle/Texas/24-008749-002/2024(H5N1)	885	7342
MP|PP755582.1|A/cattle/Texas/24-008749-002/2024(H5N1)	886	7350
MP|PP755582.1|A/cattle/Texas/24-008749-002/2024(H5N1)	887	7257
MP|PP755582.1|A/cattle/Texas/24-008749-002/2024(H5N1)	888	7376
MP|PP755582.1|A/cattle/Texas/24-008749-002/2024(H5N1)	889	7338
MP|PP755582.1|A/cattle/Texas/24-008749-002/2024(H5N1)	890	7287
MP|PP755582.1|A/cattle/Texas/24-008749-002/2024(H5N1)	891	7260
MP|PP755582.1|A/cattle/Texas/24-008749-002/2024(H5N1)	892	7286
MP|PP755582.1|A/cattle/Texas/24-008749-002/2024(H5N1)	893	7279
MP|PP755582.1|A/cattle/Texas/24-008749-002/2024(H5N1)	894	7250
MP|PP755582.1|A/cattle/Texas/24-008749-002/2024(H5N1)	895	7197
MP|PP755582.1|A/cattle/Texas/24-008749-002/2024(H5N1)	896	7209
MP|PP755582.1|A/cattle/Texas/24-008749-002/2024(H5N1)	897	6771
MP|PP755582.1|A/cattle/Texas/24-008749-002/2024(H5N1)	898	6834
MP|PP755582.1|A/cattle/Texas/24-008749-002/2024(H5N1)	899	6597
MP|PP755582.1|A/cattle/Texas/24-008749-002/2024(H5N1)	900	6485
MP|PP755582.1|A/cattle/Texas/24-008749-002/2024(H5N1)	901	6411
MP|PP755582.1|A/cattle/Texas/24-008749-002/2024(H5N1)	902	6379
MP|PP755582.1|A/cattle/Texas/24-008749-002/2024(H5N1)	903	6395
MP|PP755582.1|A/cattle/Texas/24-008749-002/2024(H5N1)	904	6327
MP|PP755582.1|A/cattle/Texas/24-008749-002/2024(H5N1)	905	6279
MP|PP755582.1|A/cattle/Texas/24-008749-002/2024(H5N1)	906	6287
MP|PP755582.1|A/cattle/Texas/24-008749-002/2024(H5N1)	907	6112
MP|PP755582.1|A/cattle/Texas/24-008749-002/2024(H5N1)	908	6133
MP|PP755582.1|A/cattle/Texas/24-008749-002/2024(H5N1)	909	6119
MP|PP755582.1|A/cattle/Texas/24-008749-002/2024(H5N1)	910	5986
MP|PP755582.1|A/cattle/Texas/24-008749-002/2024(H5N1)	911	6015
MP|PP755582.1|A/cattle/Texas/24-008749-002/2024(H5N1)	912	5926
MP|PP755582.1|A/cattle/Texas/24-008749-002/2024(H5N1)	913	5926
MP|PP755582.1|A/cattle/Texas/24-008749-002/2024(H5N1)	914	5824
MP|PP755582.1|A/cattle/Texas/24-008749-002/2024(H5N1)	915	5747
MP|PP755582.1|A/cattle/Texas/24-008749-002/2024(H5N1)	916	5681
MP|PP755582.1|A/cattle/Texas/24-008749-002/2024(H5N1)	917	5608
MP|PP755582.1|A/cattle/Texas/24-008749-002/2024(H5N1)	918	5626
MP|PP755582.1|A/cattle/Texas/24-008749-002/2024(H5N1)	919	5603
MP|PP755582.1|A/cattle/Texas/24-008749-002/2024(H5N1)	920	5526
MP|PP755582.1|A/cattle/Texas/24-008749-002/2024(H5N1)	921	5503
MP|PP755582.1|A/cattle/Texas/24-008749-002/2024(H5N1)	922	5417
MP|PP755582.1|A/cattle/Texas/24-008749-002/2024(H5N1)	923	5455
MP|PP755582.1|A/cattle/Texas/24-008749-002/2024(H5N1)	924	5437
MP|PP755582.1|A/cattle/Texas/24-008749-002/2024(H5N1)	925	5425
MP|PP755582.1|A/cattle/Texas/24-008749-002/2024(H5N1)	926	5434
MP|PP755582.1|A/cattle/Texas/24-008749-002/2024(H5N1)	927	5311
MP|PP755582.1|A/cattle/Texas/24-008749-002/2024(H5N1)	928	5344
MP|PP755582.1|A/cattle/Texas/24-008749-002/2024(H5N1)	929	5329
MP|PP755582.1|A/cattle/Texas/24-008749-002/2024(H5N1)	930	5317
MP|PP755582.1|A/cattle/Texas/24-008749-002/2024(H5N1)	931	5220
MP|PP755582.1|A/cattle/Texas/24-008749-002/2024(H5N1)	932	4849
MP|PP755582.1|A/cattle/Texas/24-008749-002/2024(H5N1)	933	4884
MP|PP755582.1|A/cattle/Texas/24-008749-002/2024(H5N1)	934	4860
MP|PP755582.1|A/cattle/Texas/24-008749-002/2024(H5N1)	935	4710
MP|PP755582.1|A/cattle/Texas/24-008749-002/2024(H5N1)	936	4700
MP|PP755582.1|A/cattle/Texas/24-008749-002/2024(H5N1)	937	4472
MP|PP755582.1|A/cattle/Texas/24-008749-002/2024(H5N1)	938	4475
MP|PP755582.1|A/cattle/Texas/24-008749-002/2024(H5N1)	939	4460
MP|PP755582.1|A/cattle/Texas/24-008749-002/2024(H5N1)	940	4446
MP|PP755582.1|A/cattle/Texas/24-008749-002/2024(H5N1)	941	4445
MP|PP755582.1|A/cattle/Texas/24-008749-002/2024(H5N1)	942	4013
MP|PP755582.1|A/cattle/Texas/24-008749-002/2024(H5N1)	943	4002
MP|PP755582.1|A/cattle/Texas/24-008749-002/2024(H5N1)	944	3895
MP|PP755582.1|A/cattle/Texas/24-008749-002/2024(H5N1)	945	3735
MP|PP755582.1|A/cattle/Texas/24-008749-002/2024(H5N1)	946	3642
MP|PP755582.1|A/cattle/Texas/24-008749-002/2024(H5N1)	947	3592
MP|PP755582.1|A/cattle/Texas/24-008749-002/2024(H5N1)	948	3561
MP|PP755582.1|A/cattle/Texas/24-008749-002/2024(H5N1)	949	3528
MP|PP755582.1|A/cattle/Texas/24-008749-002/2024(H5N1)	950	3403
MP|PP755582.1|A/cattle/Texas/24-008749-002/2024(H5N1)	951	3392
MP|PP755582.1|A/cattle/Texas/24-008749-002/2024(H5N1)	952	3352
MP|PP755582.1|A/cattle/Texas/24-008749-002/2024(H5N1)	953	3328
MP|PP755582.1|A/cattle/Texas/24-008749-002/2024(H5N1)	954	3254
MP|PP755582.1|A/cattle/Texas/24-008749-002/2024(H5N1)	955	3234
MP|PP755582.1|A/cattle/Texas/24-008749-002/2024(H5N1)	956	3204
MP|PP755582.1|A/cattle/Texas/24-008749-002/2024(H5N1)	957	3191
MP|PP755582.1|A/cattle/Texas/24-008749-002/2024(H5N1)	958	3180
MP|PP755582.1|A/cattle/Texas/24-008749-002/2024(H5N1)	959	3155
MP|PP755582.1|A/cattle/Texas/24-008749-002/2024(H5N1)	960	3152
MP|PP755582.1|A/cattle/Texas/24-008749-002/2024(H5N1)	961	3114
MP|PP755582.1|A/cattle/Texas/24-008749-002/2024(H5N1)	962	3107
MP|PP755582.1|A/cattle/Texas/24-008749-002/2024(H5N1)	963	3051
MP|PP755582.1|A/cattle/Texas/24-008749-002/2024(H5N1)	964	3047
MP|PP755582.1|A/cattle/Texas/24-008749-002/2024(H5N1)	965	3035
MP|PP755582.1|A/cattle/Texas/24-008749-002/2024(H5N1)	966	3022
MP|PP755582.1|A/cattle/Texas/24-008749-002/2024(H5N1)	967	3020
MP|PP755582.1|A/cattle/Texas/24-008749-002/2024(H5N1)	968	3010
MP|PP755582.1|A/cattle/Texas/24-008749-002/2024(H5N1)	969	3009
MP|PP755582.1|A/cattle/Texas/24-008749-002/2024(H5N1)	970	2920
MP|PP755582.1|A/cattle/Texas/24-008749-002/2024(H5N1)	971	2919
MP|PP755582.1|A/cattle/Texas/24-008749-002/2024(H5N1)	972	2888
MP|PP755582.1|A/cattle/Texas/24-008749-002/2024(H5N1)	973	2886
MP|PP755582.1|A/cattle/Texas/24-008749-002/2024(H5N1)	974	2860
MP|PP755582.1|A/cattle/Texas/24-008749-002/2024(H5N1)	975	2334
MP|PP755582.1|A/cattle/Texas/24-008749-002/2024(H5N1)	976	2313
MP|PP755582.1|A/cattle/Texas/24-008749-002/2024(H5N1)	977	2312
MP|PP755582.1|A/cattle/Texas/24-008749-002/2024(H5N1)	978	2302
MP|PP755582.1|A/cattle/Texas/24-008749-002/2024(H5N1)	979	2301
MP|PP755582.1|A/cattle/Texas/24-008749-002/2024(H5N1)	980	2100
MP|PP755582.1|A/cattle/Texas/24-008749-002/2024(H5N1)	981	2080
MP|PP755582.1|A/cattle/Texas/24-008749-002/2024(H5N1)	982	2043
