NS|PP755585.1|A/cattle/Texas/24-008749-002/2024(H5N1)	1	14271
NS|PP755585.1|A/cattle/Texas/24-008749-002/2024(H5N1)	2	14305
NS|PP755585.1|A/cattle/Texas/24-008749-002/2024(H5N1)	3	14627
NS|PP755585.1|A/cattle/Texas/24-008749-002/2024(H5N1)	4	15168
NS|PP755585.1|A/cattle/Texas/24-008749-002/2024(H5N1)	5	16004
NS|PP755585.1|A/cattle/Texas/24-008749-002/2024(H5N1)	6	21573
NS|PP755585.1|A/cattle/Texas/24-008749-002/2024(H5N1)	7	21581
NS|PP755585.1|A/cattle/Texas/24-008749-002/2024(H5N1)	8	21884
NS|PP755585.1|A/cattle/Texas/24-008749-002/2024(H5N1)	9	22391
NS|PP755585.1|A/cattle/Texas/24-008749-002/2024(H5N1)	10	22415
NS|PP755585.1|A/cattle/Texas/24-008749-002/2024(H5N1)	11	22800
NS|PP755585.1|A/cattle/Texas/24-008749-002/2024(H5N1)	12	22808
NS|PP755585.1|A/cattle/Texas/24-008749-002/2024(H5N1)	13	22840
NS|PP755585.1|A/cattle/Texas/24-008749-002/2024(H5N1)	14	22895
NS|PP755585.1|A/cattle/Texas/24-008749-002/2024(H5N1)	15	22951
NS|PP755585.1|A/cattle/Texas/24-008749-002/2024(H5N1)	16	27125
NS|PP755585.1|A/cattle/Texas/24-008749-002/2024(H5N1)	17	27257
NS|PP755585.1|A/cattle/Texas/24-008749-002/2024(H5N1)	18	27362
NS|PP755585.1|A/cattle/Texas/24-008749-002/2024(H5N1)	19	27374
NS|PP755585.1|A/cattle/Texas/24-008749-002/2024(H5N1)	20	27397
NS|PP755585.1|A/cattle/Texas/24-008749-002/2024(H5N1)	21	27417
NS|PP755585.1|A/cattle/Texas/24-008749-002/2024(H5N1)	22	27417
NS|PP755585.1|A/cattle/Texas/24-008749-002/2024(H5N1)	23	27932
NS|PP755585.1|A/cattle/Texas/24-008749-002/2024(H5N1)	24	28285
NS|PP755585.1|A/cattle/Texas/24-008749-002/2024(H5N1)	25	28320
NS|PP755585.1|A/cattle/Texas/24-008749-002/2024(H5N1)	26	28623
NS|PP755585.1|A/cattle/Texas/24-008749-002/2024(H5N1)	27	28625
NS|PP755585.1|A/cattle/Texas/24-008749-002/2024(H5N1)	28	29444
NS|PP755585.1|A/cattle/Texas/24-008749-002/2024(H5N1)	29	29445
NS|PP755585.1|A/cattle/Texas/24-008749-002/2024(H5N1)	30	29600
NS|PP755585.1|A/cattle/Texas/24-008749-002/2024(H5N1)	31	29779
NS|PP755585.1|A/cattle/Texas/24-008749-002/2024(H5N1)	32	29965
NS|PP755585.1|A/cattle/Texas/24-008749-002/2024(H5N1)	33	30003
NS|PP755585.1|A/cattle/Texas/24-008749-002/2024(H5N1)	34	30087
NS|PP755585.1|A/cattle/Texas/24-008749-002/2024(H5N1)	35	30494
NS|PP755585.1|A/cattle/Texas/24-008749-002/2024(H5N1)	36	30644
NS|PP755585.1|A/cattle/Texas/24-008749-002/2024(H5N1)	37	30661
NS|PP755585.1|A/cattle/Texas/24-008749-002/2024(H5N1)	38	31089
NS|PP755585.1|A/cattle/Texas/24-008749-002/2024(H5N1)	39	31328
NS|PP755585.1|A/cattle/Texas/24-008749-002/2024(H5N1)	40	31321
NS|PP755585.1|A/cattle/Texas/24-008749-002/2024(H5N1)	41	31885
NS|PP755585.1|A/cattle/Texas/24-008749-002/2024(H5N1)	42	32059
NS|PP755585.1|A/cattle/Texas/24-008749-002/2024(H5N1)	43	32259
NS|PP755585.1|A/cattle/Texas/24-008749-002/2024(H5N1)	44	32504
NS|PP755585.1|A/cattle/Texas/24-008749-002/2024(H5N1)	45	32502
NS|PP755585.1|A/cattle/Texas/24-008749-002/2024(H5N1)	46	32947
NS|PP755585.1|A/cattle/Texas/24-008749-002/2024(H5N1)	47	32966
NS|PP755585.1|A/cattle/Texas/24-008749-002/2024(H5N1)	48	32971
NS|PP755585.1|A/cattle/Texas/24-008749-002/2024(H5N1)	49	33204
NS|PP755585.1|A/cattle/Texas/24-008749-002/2024(H5N1)	50	33207
NS|PP755585.1|A/cattle/Texas/24-008749-002/2024(H5N1)	51	34047
NS|PP755585.1|A/cattle/Texas/24-008749-002/2024(H5N1)	52	34345
NS|PP755585.1|A/cattle/Texas/24-008749-002/2024(H5N1)	53	34557
NS|PP755585.1|A/cattle/Texas/24-008749-002/2024(H5N1)	54	34631
NS|PP755585.1|A/cattle/Texas/24-008749-002/2024(H5N1)	55	34661
NS|PP755585.1|A/cattle/Texas/24-008749-002/2024(H5N1)	56	34656
NS|PP755585.1|A/cattle/Texas/24-008749-002/2024(H5N1)	57	34691
NS|PP755585.1|A/cattle/Texas/24-008749-002/2024(H5N1)	58	35062
NS|PP755585.1|A/cattle/Texas/24-008749-002/2024(H5N1)	59	35095
NS|PP755585.1|A/cattle/Texas/24-008749-002/2024(H5N1)	60	35254
NS|PP755585.1|A/cattle/Texas/24-008749-002/2024(H5N1)	61	35497
NS|PP755585.1|A/cattle/Texas/24-008749-002/2024(H5N1)	62	35530
NS|PP755585.1|A/cattle/Texas/24-008749-002/2024(H5N1)	63	35558
NS|PP755585.1|A/cattle/Texas/24-008749-002/2024(H5N1)	64	35606
NS|PP755585.1|A/cattle/Texas/24-008749-002/2024(H5N1)	65	35701
NS|PP755585.1|A/cattle/Texas/24-008749-002/2024(H5N1)	66	35722
NS|PP755585.1|A/cattle/Texas/24-008749-002/2024(H5N1)	67	35731
NS|PP755585.1|A/cattle/Texas/24-008749-002/2024(H5N1)	68	35770
NS|PP755585.1|A/cattle/Texas/24-008749-002/2024(H5N1)	69	35741
NS|PP755585.1|A/cattle/Texas/24-008749-002/2024(H5N1)	70	36108
NS|PP755585.1|A/cattle/Texas/24-008749-002/2024(H5N1)	71	37290
NS|PP755585.1|A/cattle/Texas/24-008749-002/2024(H5N1)	72	37769
NS|PP755585.1|A/cattle/Texas/24-008749-002/2024(H5N1)	73	37947
NS|PP755585.1|A/cattle/Texas/24-008749-002/2024(H5N1)	74	37987
NS|PP755585.1|A/cattle/Texas/24-008749-002/2024(H5N1)	75	38085
NS|PP755585.1|A/cattle/Texas/24-008749-002/2024(H5N1)	76	39532
NS|PP755585.1|A/cattle/Texas/24-008749-002/2024(H5N1)	77	39632
NS|PP755585.1|A/cattle/Texas/24-008749-002/2024(H5N1)	78	39719
NS|PP755585.1|A/cattle/Texas/24-008749-002/2024(H5N1)	79	39741
NS|PP755585.1|A/cattle/Texas/24-008749-002/2024(H5N1)	80	39486
NS|PP755585.1|A/cattle/Texas/24-008749-002/2024(H5N1)	81	40051
NS|PP755585.1|A/cattle/Texas/24-008749-002/2024(H5N1)	82	40150
NS|PP755585.1|A/cattle/Texas/24-008749-002/2024(H5N1)	83	40614
NS|PP755585.1|A/cattle/Texas/24-008749-002/2024(H5N1)	84	40625
NS|PP755585.1|A/cattle/Texas/24-008749-002/2024(H5N1)	85	40361
NS|PP755585.1|A/cattle/Texas/24-008749-002/2024(H5N1)	86	40473
NS|PP755585.1|A/cattle/Texas/24-008749-002/2024(H5N1)	87	40729
NS|PP755585.1|A/cattle/Texas/24-008749-002/2024(H5N1)	88	41461
NS|PP755585.1|A/cattle/Texas/24-008749-002/2024(H5N1)	89	42186
NS|PP755585.1|A/cattle/Texas/24-008749-002/2024(H5N1)	90	42166
NS|PP755585.1|A/cattle/Texas/24-008749-002/2024(H5N1)	91	42229
NS|PP755585.1|A/cattle/Texas/24-008749-002/2024(H5N1)	92	42146
NS|PP755585.1|A/cattle/Texas/24-008749-002/2024(H5N1)	93	42163
NS|PP755585.1|A/cattle/Texas/24-008749-002/2024(H5N1)	94	42835
NS|PP755585.1|A/cattle/Texas/24-008749-002/2024(H5N1)	95	43396
NS|PP755585.1|A/cattle/Texas/24-008749-002/2024(H5N1)	96	44052
NS|PP755585.1|A/cattle/Texas/24-008749-002/2024(H5N1)	97	43957
NS|PP755585.1|A/cattle/Texas/24-008749-002/2024(H5N1)	98	43976
NS|PP755585.1|A/cattle/Texas/24-008749-002/2024(H5N1)	99	43962
NS|PP755585.1|A/cattle/Texas/24-008749-002/2024(H5N1)	100	44054
NS|PP755585.1|A/cattle/Texas/24-008749-002/2024(H5N1)	101	44117
NS|PP755585.1|A/cattle/Texas/24-008749-002/2024(H5N1)	102	44163
NS|PP755585.1|A/cattle/Texas/24-008749-002/2024(H5N1)	103	44624
NS|PP755585.1|A/cattle/Texas/24-008749-002/2024(H5N1)	104	44452
NS|PP755585.1|A/cattle/Texas/24-008749-002/2024(H5N1)	105	45405
NS|PP755585.1|A/cattle/Texas/24-008749-002/2024(H5N1)	106	45530
NS|PP755585.1|A/cattle/Texas/24-008749-002/2024(H5N1)	107	45687
NS|PP755585.1|A/cattle/Texas/24-008749-002/2024(H5N1)	108	45857
NS|PP755585.1|A/cattle/Texas/24-008749-002/2024(H5N1)	109	47459
NS|PP755585.1|A/cattle/Texas/24-008749-002/2024(H5N1)	110	47890
NS|PP755585.1|A/cattle/Texas/24-008749-002/2024(H5N1)	111	48155
NS|PP755585.1|A/cattle/Texas/24-008749-002/2024(H5N1)	112	48170
NS|PP755585.1|A/cattle/Texas/24-008749-002/2024(H5N1)	113	48175
NS|PP755585.1|A/cattle/Texas/24-008749-002/2024(H5N1)	114	47829
NS|PP755585.1|A/cattle/Texas/24-008749-002/2024(H5N1)	115	48917
NS|PP755585.1|A/cattle/Texas/24-008749-002/2024(H5N1)	116	49869
NS|PP755585.1|A/cattle/Texas/24-008749-002/2024(H5N1)	117	50068
NS|PP755585.1|A/cattle/Texas/24-008749-002/2024(H5N1)	118	50054
NS|PP755585.1|A/cattle/Texas/24-008749-002/2024(H5N1)	119	49855
NS|PP755585.1|A/cattle/Texas/24-008749-002/2024(H5N1)	120	49889
NS|PP755585.1|A/cattle/Texas/24-008749-002/2024(H5N1)	121	50174
NS|PP755585.1|A/cattle/Texas/24-008749-002/2024(H5N1)	122	50121
NS|PP755585.1|A/cattle/Texas/24-008749-002/2024(H5N1)	123	50541
NS|PP755585.1|A/cattle/Texas/24-008749-002/2024(H5N1)	124	52109
NS|PP755585.1|A/cattle/Texas/24-008749-002/2024(H5N1)	125	43974
NS|PP755585.1|A/cattle/Texas/24-008749-002/2024(H5N1)	126	43909
NS|PP755585.1|A/cattle/Texas/24-008749-002/2024(H5N1)	127	43976
NS|PP755585.1|A/cattle/Texas/24-008749-002/2024(H5N1)	128	44025
NS|PP755585.1|A/cattle/Texas/24-008749-002/2024(H5N1)	129	44129
NS|PP755585.1|A/cattle/Texas/24-008749-002/2024(H5N1)	130	43864
NS|PP755585.1|A/cattle/Texas/24-008749-002/2024(H5N1)	131	44396
NS|PP755585.1|A/cattle/Texas/24-008749-002/2024(H5N1)	132	44169
NS|PP755585.1|A/cattle/Texas/24-008749-002/2024(H5N1)	133	44496
NS|PP755585.1|A/cattle/Texas/24-008749-002/2024(H5N1)	134	44501
NS|PP755585.1|A/cattle/Texas/24-008749-002/2024(H5N1)	135	44499
NS|PP755585.1|A/cattle/Texas/24-008749-002/2024(H5N1)	136	44218
NS|PP755585.1|A/cattle/Texas/24-008749-002/2024(H5N1)	137	44207
NS|PP755585.1|A/cattle/Texas/24-008749-002/2024(H5N1)	138	44813
NS|PP755585.1|A/cattle/Texas/24-008749-002/2024(H5N1)	139	44937
NS|PP755585.1|A/cattle/Texas/24-008749-002/2024(H5N1)	140	45871
NS|PP755585.1|A/cattle/Texas/24-008749-002/2024(H5N1)	141	45771
NS|PP755585.1|A/cattle/Texas/24-008749-002/2024(H5N1)	142	45537
NS|PP755585.1|A/cattle/Texas/24-008749-002/2024(H5N1)	143	45693
NS|PP755585.1|A/cattle/Texas/24-008749-002/2024(H5N1)	144	46490
NS|PP755585.1|A/cattle/Texas/24-008749-002/2024(H5N1)	145	46487
NS|PP755585.1|A/cattle/Texas/24-008749-002/2024(H5N1)	146	48084
NS|PP755585.1|A/cattle/Texas/24-008749-002/2024(H5N1)	147	47815
NS|PP755585.1|A/cattle/Texas/24-008749-002/2024(H5N1)	148	47826
NS|PP755585.1|A/cattle/Texas/24-008749-002/2024(H5N1)	149	48597
NS|PP755585.1|A/cattle/Texas/24-008749-002/2024(H5N1)	150	48564
NS|PP755585.1|A/cattle/Texas/24-008749-002/2024(H5N1)	151	49861
NS|PP755585.1|A/cattle/Texas/24-008749-002/2024(H5N1)	152	50101
NS|PP755585.1|A/cattle/Texas/24-008749-002/2024(H5N1)	153	50385
NS|PP755585.1|A/cattle/Texas/24-008749-002/2024(H5N1)	154	45136
NS|PP755585.1|A/cattle/Texas/24-008749-002/2024(H5N1)	155	43910
NS|PP755585.1|A/cattle/Texas/24-008749-002/2024(H5N1)	156	44095
NS|PP755585.1|A/cattle/Texas/24-008749-002/2024(H5N1)	157	44160
NS|PP755585.1|A/cattle/Texas/24-008749-002/2024(H5N1)	158	44406
NS|PP755585.1|A/cattle/Texas/24-008749-002/2024(H5N1)	159	44640
NS|PP755585.1|A/cattle/Texas/24-008749-002/2024(H5N1)	160	43888
NS|PP755585.1|A/cattle/Texas/24-008749-002/2024(H5N1)	161	43882
NS|PP755585.1|A/cattle/Texas/24-008749-002/2024(H5N1)	162	43621
NS|PP755585.1|A/cattle/Texas/24-008749-002/2024(H5N1)	163	43649
NS|PP755585.1|A/cattle/Texas/24-008749-002/2024(H5N1)	164	45128
NS|PP755585.1|A/cattle/Texas/24-008749-002/2024(H5N1)	165	45062
NS|PP755585.1|A/cattle/Texas/24-008749-002/2024(H5N1)	166	45707
NS|PP755585.1|A/cattle/Texas/24-008749-002/2024(H5N1)	167	42310
NS|PP755585.1|A/cattle/Texas/24-008749-002/2024(H5N1)	168	42427
NS|PP755585.1|A/cattle/Texas/24-008749-002/2024(H5N1)	169	42365
NS|PP755585.1|A/cattle/Texas/24-008749-002/2024(H5N1)	170	42944
NS|PP755585.1|A/cattle/Texas/24-008749-002/2024(H5N1)	171	43469
NS|PP755585.1|A/cattle/Texas/24-008749-002/2024(H5N1)	172	43447
NS|PP755585.1|A/cattle/Texas/24-008749-002/2024(H5N1)	173	43077
NS|PP755585.1|A/cattle/Texas/24-008749-002/2024(H5N1)	174	43069
NS|PP755585.1|A/cattle/Texas/24-008749-002/2024(H5N1)	175	43162
NS|PP755585.1|A/cattle/Texas/24-008749-002/2024(H5N1)	176	43727
NS|PP755585.1|A/cattle/Texas/24-008749-002/2024(H5N1)	177	43437
NS|PP755585.1|A/cattle/Texas/24-008749-002/2024(H5N1)	178	43443
NS|PP755585.1|A/cattle/Texas/24-008749-002/2024(H5N1)	179	42640
NS|PP755585.1|A/cattle/Texas/24-008749-002/2024(H5N1)	180	42505
NS|PP755585.1|A/cattle/Texas/24-008749-002/2024(H5N1)	181	42954
NS|PP755585.1|A/cattle/Texas/24-008749-002/2024(H5N1)	182	42943
NS|PP755585.1|A/cattle/Texas/24-008749-002/2024(H5N1)	183	43518
NS|PP755585.1|A/cattle/Texas/24-008749-002/2024(H5N1)	184	43460
NS|PP755585.1|A/cattle/Texas/24-008749-002/2024(H5N1)	185	42978
NS|PP755585.1|A/cattle/Texas/24-008749-002/2024(H5N1)	186	43340
NS|PP755585.1|A/cattle/Texas/24-008749-002/2024(H5N1)	187	43262
NS|PP755585.1|A/cattle/Texas/24-008749-002/2024(H5N1)	188	43742
NS|PP755585.1|A/cattle/Texas/24-008749-002/2024(H5N1)	189	43511
NS|PP755585.1|A/cattle/Texas/24-008749-002/2024(H5N1)	190	43600
NS|PP755585.1|A/cattle/Texas/24-008749-002/2024(H5N1)	191	43679
NS|PP755585.1|A/cattle/Texas/24-008749-002/2024(H5N1)	192	43058
NS|PP755585.1|A/cattle/Texas/24-008749-002/2024(H5N1)	193	44112
NS|PP755585.1|A/cattle/Texas/24-008749-002/2024(H5N1)	194	43934
NS|PP755585.1|A/cattle/Texas/24-008749-002/2024(H5N1)	195	43853
NS|PP755585.1|A/cattle/Texas/24-008749-002/2024(H5N1)	196	44301
NS|PP755585.1|A/cattle/Texas/24-008749-002/2024(H5N1)	197	43786
NS|PP755585.1|A/cattle/Texas/24-008749-002/2024(H5N1)	198	43761
NS|PP755585.1|A/cattle/Texas/24-008749-002/2024(H5N1)	199	43730
NS|PP755585.1|A/cattle/Texas/24-008749-002/2024(H5N1)	200	44211
NS|PP755585.1|A/cattle/Texas/24-008749-002/2024(H5N1)	201	44677
NS|PP755585.1|A/cattle/Texas/24-008749-002/2024(H5N1)	202	44018
NS|PP755585.1|A/cattle/Texas/24-008749-002/2024(H5N1)	203	44134
NS|PP755585.1|A/cattle/Texas/24-008749-002/2024(H5N1)	204	43896
NS|PP755585.1|A/cattle/Texas/24-008749-002/2024(H5N1)	205	45552
NS|PP755585.1|A/cattle/Texas/24-008749-002/2024(H5N1)	206	45587
NS|PP755585.1|A/cattle/Texas/24-008749-002/2024(H5N1)	207	45617
NS|PP755585.1|A/cattle/Texas/24-008749-002/2024(H5N1)	208	45652
NS|PP755585.1|A/cattle/Texas/24-008749-002/2024(H5N1)	209	45184
NS|PP755585.1|A/cattle/Texas/24-008749-002/2024(H5N1)	210	45264
NS|PP755585.1|A/cattle/Texas/24-008749-002/2024(H5N1)	211	45277
NS|PP755585.1|A/cattle/Texas/24-008749-002/2024(H5N1)	212	46444
NS|PP755585.1|A/cattle/Texas/24-008749-002/2024(H5N1)	213	46406
NS|PP755585.1|A/cattle/Texas/24-008749-002/2024(H5N1)	214	46618
NS|PP755585.1|A/cattle/Texas/24-008749-002/2024(H5N1)	215	46737
NS|PP755585.1|A/cattle/Texas/24-008749-002/2024(H5N1)	216	46939
NS|PP755585.1|A/cattle/Texas/24-008749-002/2024(H5N1)	217	46937
NS|PP755585.1|A/cattle/Texas/24-008749-002/2024(H5N1)	218	46972
NS|PP755585.1|A/cattle/Texas/24-008749-002/2024(H5N1)	219	46916
NS|PP755585.1|A/cattle/Texas/24-008749-002/2024(H5N1)	220	46856
NS|PP755585.1|A/cattle/Texas/24-008749-002/2024(H5N1)	221	46888
NS|PP755585.1|A/cattle/Texas/24-008749-002/2024(H5N1)	222	45693
NS|PP755585.1|A/cattle/Texas/24-008749-002/2024(H5N1)	223	45493
NS|PP755585.1|A/cattle/Texas/24-008749-002/2024(H5N1)	224	45323
NS|PP755585.1|A/cattle/Texas/24-008749-002/2024(H5N1)	225	45300
NS|PP755585.1|A/cattle/Texas/24-008749-002/2024(H5N1)	226	45472
NS|PP755585.1|A/cattle/Texas/24-008749-002/2024(H5N1)	227	44250
NS|PP755585.1|A/cattle/Texas/24-008749-002/2024(H5N1)	228	44302
NS|PP755585.1|A/cattle/Texas/24-008749-002/2024(H5N1)	229	44516
NS|PP755585.1|A/cattle/Texas/24-008749-002/2024(H5N1)	230	44630
NS|PP755585.1|A/cattle/Texas/24-008749-002/2024(H5N1)	231	45002
NS|PP755585.1|A/cattle/Texas/24-008749-002/2024(H5N1)	232	44967
NS|PP755585.1|A/cattle/Texas/24-008749-002/2024(H5N1)	233	45075
NS|PP755585.1|A/cattle/Texas/24-008749-002/2024(H5N1)	234	44665
NS|PP755585.1|A/cattle/Texas/24-008749-002/2024(H5N1)	235	44633
NS|PP755585.1|A/cattle/Texas/24-008749-002/2024(H5N1)	236	45163
NS|PP755585.1|A/cattle/Texas/24-008749-002/2024(H5N1)	237	45247
NS|PP755585.1|A/cattle/Texas/24-008749-002/2024(H5N1)	238	46120
NS|PP755585.1|A/cattle/Texas/24-008749-002/2024(H5N1)	239	45316
NS|PP755585.1|A/cattle/Texas/24-008749-002/2024(H5N1)	240	45323
NS|PP755585.1|A/cattle/Texas/24-008749-002/2024(H5N1)	241	45382
NS|PP755585.1|A/cattle/Texas/24-008749-002/2024(H5N1)	242	45331
NS|PP755585.1|A/cattle/Texas/24-008749-002/2024(H5N1)	243	45386
NS|PP755585.1|A/cattle/Texas/24-008749-002/2024(H5N1)	244	45418
NS|PP755585.1|A/cattle/Texas/24-008749-002/2024(H5N1)	245	45137
NS|PP755585.1|A/cattle/Texas/24-008749-002/2024(H5N1)	246	45172
NS|PP755585.1|A/cattle/Texas/24-008749-002/2024(H5N1)	247	44624
NS|PP755585.1|A/cattle/Texas/24-008749-002/2024(H5N1)	248	44510
NS|PP755585.1|A/cattle/Texas/24-008749-002/2024(H5N1)	249	44315
NS|PP755585.1|A/cattle/Texas/24-008749-002/2024(H5N1)	250	45799
NS|PP755585.1|A/cattle/Texas/24-008749-002/2024(H5N1)	251	46014
NS|PP755585.1|A/cattle/Texas/24-008749-002/2024(H5N1)	252	46367
NS|PP755585.1|A/cattle/Texas/24-008749-002/2024(H5N1)	253	46498
NS|PP755585.1|A/cattle/Texas/24-008749-002/2024(H5N1)	254	45076
NS|PP755585.1|A/cattle/Texas/24-008749-002/2024(H5N1)	255	44874
NS|PP755585.1|A/cattle/Texas/24-008749-002/2024(H5N1)	256	45500
NS|PP755585.1|A/cattle/Texas/24-008749-002/2024(H5N1)	257	46126
NS|PP755585.1|A/cattle/Texas/24-008749-002/2024(H5N1)	258	45949
NS|PP755585.1|A/cattle/Texas/24-008749-002/2024(H5N1)	259	46018
NS|PP755585.1|A/cattle/Texas/24-008749-002/2024(H5N1)	260	43871
NS|PP755585.1|A/cattle/Texas/24-008749-002/2024(H5N1)	261	43752
NS|PP755585.1|A/cattle/Texas/24-008749-002/2024(H5N1)	262	43940
NS|PP755585.1|A/cattle/Texas/24-008749-002/2024(H5N1)	263	43916
NS|PP755585.1|A/cattle/Texas/24-008749-002/2024(H5N1)	264	43685
NS|PP755585.1|A/cattle/Texas/24-008749-002/2024(H5N1)	265	42969
NS|PP755585.1|A/cattle/Texas/24-008749-002/2024(H5N1)	266	44147
NS|PP755585.1|A/cattle/Texas/24-008749-002/2024(H5N1)	267	44223
NS|PP755585.1|A/cattle/Texas/24-008749-002/2024(H5N1)	268	44105
NS|PP755585.1|A/cattle/Texas/24-008749-002/2024(H5N1)	269	44156
NS|PP755585.1|A/cattle/Texas/24-008749-002/2024(H5N1)	270	44001
NS|PP755585.1|A/cattle/Texas/24-008749-002/2024(H5N1)	271	44058
NS|PP755585.1|A/cattle/Texas/24-008749-002/2024(H5N1)	272	43646
NS|PP755585.1|A/cattle/Texas/24-008749-002/2024(H5N1)	273	42967
NS|PP755585.1|A/cattle/Texas/24-008749-002/2024(H5N1)	274	43167
NS|PP755585.1|A/cattle/Texas/24-008749-002/2024(H5N1)	275	41378
NS|PP755585.1|A/cattle/Texas/24-008749-002/2024(H5N1)	276	41063
NS|PP755585.1|A/cattle/Texas/24-008749-002/2024(H5N1)	277	41062
NS|PP755585.1|A/cattle/Texas/24-008749-002/2024(H5N1)	278	41389
NS|PP755585.1|A/cattle/Texas/24-008749-002/2024(H5N1)	279	41349
NS|PP755585.1|A/cattle/Texas/24-008749-002/2024(H5N1)	280	41264
NS|PP755585.1|A/cattle/Texas/24-008749-002/2024(H5N1)	281	42122
NS|PP755585.1|A/cattle/Texas/24-008749-002/2024(H5N1)	282	42110
NS|PP755585.1|A/cattle/Texas/24-008749-002/2024(H5N1)	283	42359
NS|PP755585.1|A/cattle/Texas/24-008749-002/2024(H5N1)	284	42353
NS|PP755585.1|A/cattle/Texas/24-008749-002/2024(H5N1)	285	42342
NS|PP755585.1|A/cattle/Texas/24-008749-002/2024(H5N1)	286	42390
NS|PP755585.1|A/cattle/Texas/24-008749-002/2024(H5N1)	287	47518
NS|PP755585.1|A/cattle/Texas/24-008749-002/2024(H5N1)	288	47482
NS|PP755585.1|A/cattle/Texas/24-008749-002/2024(H5N1)	289	46950
NS|PP755585.1|A/cattle/Texas/24-008749-002/2024(H5N1)	290	45449
NS|PP755585.1|A/cattle/Texas/24-008749-002/2024(H5N1)	291	46221
NS|PP755585.1|A/cattle/Texas/24-008749-002/2024(H5N1)	292	45912
NS|PP755585.1|A/cattle/Texas/24-008749-002/2024(H5N1)	293	46244
NS|PP755585.1|A/cattle/Texas/24-008749-002/2024(H5N1)	294	46426
NS|PP755585.1|A/cattle/Texas/24-008749-002/2024(H5N1)	295	46398
NS|PP755585.1|A/cattle/Texas/24-008749-002/2024(H5N1)	296	45579
NS|PP755585.1|A/cattle/Texas/24-008749-002/2024(H5N1)	297	45572
NS|PP755585.1|A/cattle/Texas/24-008749-002/2024(H5N1)	298	45606
NS|PP755585.1|A/cattle/Texas/24-008749-002/2024(H5N1)	299	45616
NS|PP755585.1|A/cattle/Texas/24-008749-002/2024(H5N1)	300	44870
NS|PP755585.1|A/cattle/Texas/24-008749-002/2024(H5N1)	301	45107
NS|PP755585.1|A/cattle/Texas/24-008749-002/2024(H5N1)	302	43995
NS|PP755585.1|A/cattle/Texas/24-008749-002/2024(H5N1)	303	43894
NS|PP755585.1|A/cattle/Texas/24-008749-002/2024(H5N1)	304	43650
NS|PP755585.1|A/cattle/Texas/24-008749-002/2024(H5N1)	305	45124
NS|PP755585.1|A/cattle/Texas/24-008749-002/2024(H5N1)	306	45816
NS|PP755585.1|A/cattle/Texas/24-008749-002/2024(H5N1)	307	45940
NS|PP755585.1|A/cattle/Texas/24-008749-002/2024(H5N1)	308	45912
NS|PP755585.1|A/cattle/Texas/24-008749-002/2024(H5N1)	309	45609
NS|PP755585.1|A/cattle/Texas/24-008749-002/2024(H5N1)	310	45478
NS|PP755585.1|A/cattle/Texas/24-008749-002/2024(H5N1)	311	45652
NS|PP755585.1|A/cattle/Texas/24-008749-002/2024(H5N1)	312	46144
NS|PP755585.1|A/cattle/Texas/24-008749-002/2024(H5N1)	313	46594
NS|PP755585.1|A/cattle/Texas/24-008749-002/2024(H5N1)	314	45015
NS|PP755585.1|A/cattle/Texas/24-008749-002/2024(H5N1)	315	44321
NS|PP755585.1|A/cattle/Texas/24-008749-002/2024(H5N1)	316	44204
NS|PP755585.1|A/cattle/Texas/24-008749-002/2024(H5N1)	317	44379
NS|PP755585.1|A/cattle/Texas/24-008749-002/2024(H5N1)	318	44322
NS|PP755585.1|A/cattle/Texas/24-008749-002/2024(H5N1)	319	44581
NS|PP755585.1|A/cattle/Texas/24-008749-002/2024(H5N1)	320	44497
NS|PP755585.1|A/cattle/Texas/24-008749-002/2024(H5N1)	321	43842
NS|PP755585.1|A/cattle/Texas/24-008749-002/2024(H5N1)	322	43418
NS|PP755585.1|A/cattle/Texas/24-008749-002/2024(H5N1)	323	43600
NS|PP755585.1|A/cattle/Texas/24-008749-002/2024(H5N1)	324	43359
NS|PP755585.1|A/cattle/Texas/24-008749-002/2024(H5N1)	325	43351
NS|PP755585.1|A/cattle/Texas/24-008749-002/2024(H5N1)	326	43257
NS|PP755585.1|A/cattle/Texas/24-008749-002/2024(H5N1)	327	42747
NS|PP755585.1|A/cattle/Texas/24-008749-002/2024(H5N1)	328	42722
NS|PP755585.1|A/cattle/Texas/24-008749-002/2024(H5N1)	329	42742
NS|PP755585.1|A/cattle/Texas/24-008749-002/2024(H5N1)	330	42662
NS|PP755585.1|A/cattle/Texas/24-008749-002/2024(H5N1)	331	42831
NS|PP755585.1|A/cattle/Texas/24-008749-002/2024(H5N1)	332	42219
NS|PP755585.1|A/cattle/Texas/24-008749-002/2024(H5N1)	333	42203
NS|PP755585.1|A/cattle/Texas/24-008749-002/2024(H5N1)	334	41751
NS|PP755585.1|A/cattle/Texas/24-008749-002/2024(H5N1)	335	41739
NS|PP755585.1|A/cattle/Texas/24-008749-002/2024(H5N1)	336	41700
NS|PP755585.1|A/cattle/Texas/24-008749-002/2024(H5N1)	337	41833
NS|PP755585.1|A/cattle/Texas/24-008749-002/2024(H5N1)	338	41961
NS|PP755585.1|A/cattle/Texas/24-008749-002/2024(H5N1)	339	41392
NS|PP755585.1|A/cattle/Texas/24-008749-002/2024(H5N1)	340	41240
NS|PP755585.1|A/cattle/Texas/24-008749-002/2024(H5N1)	341	41675
NS|PP755585.1|A/cattle/Texas/24-008749-002/2024(H5N1)	342	41862
NS|PP755585.1|A/cattle/Texas/24-008749-002/2024(H5N1)	343	40996
NS|PP755585.1|A/cattle/Texas/24-008749-002/2024(H5N1)	344	41047
NS|PP755585.1|A/cattle/Texas/24-008749-002/2024(H5N1)	345	41221
NS|PP755585.1|A/cattle/Texas/24-008749-002/2024(H5N1)	346	40715
NS|PP755585.1|A/cattle/Texas/24-008749-002/2024(H5N1)	347	42526
NS|PP755585.1|A/cattle/Texas/24-008749-002/2024(H5N1)	348	42630
NS|PP755585.1|A/cattle/Texas/24-008749-002/2024(H5N1)	349	42636
NS|PP755585.1|A/cattle/Texas/24-008749-002/2024(H5N1)	350	42191
NS|PP755585.1|A/cattle/Texas/24-008749-002/2024(H5N1)	351	41679
NS|PP755585.1|A/cattle/Texas/24-008749-002/2024(H5N1)	352	41500
NS|PP755585.1|A/cattle/Texas/24-008749-002/2024(H5N1)	353	42833
NS|PP755585.1|A/cattle/Texas/24-008749-002/2024(H5N1)	354	43686
NS|PP755585.1|A/cattle/Texas/24-008749-002/2024(H5N1)	355	44261
NS|PP755585.1|A/cattle/Texas/24-008749-002/2024(H5N1)	356	42356
NS|PP755585.1|A/cattle/Texas/24-008749-002/2024(H5N1)	357	42419
NS|PP755585.1|A/cattle/Texas/24-008749-002/2024(H5N1)	358	42663
NS|PP755585.1|A/cattle/Texas/24-008749-002/2024(H5N1)	359	42929
NS|PP755585.1|A/cattle/Texas/24-008749-002/2024(H5N1)	360	43304
NS|PP755585.1|A/cattle/Texas/24-008749-002/2024(H5N1)	361	43093
NS|PP755585.1|A/cattle/Texas/24-008749-002/2024(H5N1)	362	41532
NS|PP755585.1|A/cattle/Texas/24-008749-002/2024(H5N1)	363	41832
NS|PP755585.1|A/cattle/Texas/24-008749-002/2024(H5N1)	364	42274
NS|PP755585.1|A/cattle/Texas/24-008749-002/2024(H5N1)	365	43109
NS|PP755585.1|A/cattle/Texas/24-008749-002/2024(H5N1)	366	43019
NS|PP755585.1|A/cattle/Texas/24-008749-002/2024(H5N1)	367	44054
NS|PP755585.1|A/cattle/Texas/24-008749-002/2024(H5N1)	368	44070
NS|PP755585.1|A/cattle/Texas/24-008749-002/2024(H5N1)	369	44294
NS|PP755585.1|A/cattle/Texas/24-008749-002/2024(H5N1)	370	44397
NS|PP755585.1|A/cattle/Texas/24-008749-002/2024(H5N1)	371	44374
NS|PP755585.1|A/cattle/Texas/24-008749-002/2024(H5N1)	372	44198
NS|PP755585.1|A/cattle/Texas/24-008749-002/2024(H5N1)	373	44819
NS|PP755585.1|A/cattle/Texas/24-008749-002/2024(H5N1)	374	44818
NS|PP755585.1|A/cattle/Texas/24-008749-002/2024(H5N1)	375	44993
NS|PP755585.1|A/cattle/Texas/24-008749-002/2024(H5N1)	376	44706
NS|PP755585.1|A/cattle/Texas/24-008749-002/2024(H5N1)	377	44640
NS|PP755585.1|A/cattle/Texas/24-008749-002/2024(H5N1)	378	45300
NS|PP755585.1|A/cattle/Texas/24-008749-002/2024(H5N1)	379	45266
NS|PP755585.1|A/cattle/Texas/24-008749-002/2024(H5N1)	380	45823
NS|PP755585.1|A/cattle/Texas/24-008749-002/2024(H5N1)	381	45535
NS|PP755585.1|A/cattle/Texas/24-008749-002/2024(H5N1)	382	45216
NS|PP755585.1|A/cattle/Texas/24-008749-002/2024(H5N1)	383	45282
NS|PP755585.1|A/cattle/Texas/24-008749-002/2024(H5N1)	384	45084
NS|PP755585.1|A/cattle/Texas/24-008749-002/2024(H5N1)	385	45312
NS|PP755585.1|A/cattle/Texas/24-008749-002/2024(H5N1)	386	45334
NS|PP755585.1|A/cattle/Texas/24-008749-002/2024(H5N1)	387	44704
NS|PP755585.1|A/cattle/Texas/24-008749-002/2024(H5N1)	388	44378
NS|PP755585.1|A/cattle/Texas/24-008749-002/2024(H5N1)	389	43416
NS|PP755585.1|A/cattle/Texas/24-008749-002/2024(H5N1)	390	43380
NS|PP755585.1|A/cattle/Texas/24-008749-002/2024(H5N1)	391	43133
NS|PP755585.1|A/cattle/Texas/24-008749-002/2024(H5N1)	392	43188
NS|PP755585.1|A/cattle/Texas/24-008749-002/2024(H5N1)	393	43249
NS|PP755585.1|A/cattle/Texas/24-008749-002/2024(H5N1)	394	43320
NS|PP755585.1|A/cattle/Texas/24-008749-002/2024(H5N1)	395	42724
NS|PP755585.1|A/cattle/Texas/24-008749-002/2024(H5N1)	396	42938
NS|PP755585.1|A/cattle/Texas/24-008749-002/2024(H5N1)	397	42782
NS|PP755585.1|A/cattle/Texas/24-008749-002/2024(H5N1)	398	43302
NS|PP755585.1|A/cattle/Texas/24-008749-002/2024(H5N1)	399	42458
NS|PP755585.1|A/cattle/Texas/24-008749-002/2024(H5N1)	400	42458
NS|PP755585.1|A/cattle/Texas/24-008749-002/2024(H5N1)	401	42707
NS|PP755585.1|A/cattle/Texas/24-008749-002/2024(H5N1)	402	42246
NS|PP755585.1|A/cattle/Texas/24-008749-002/2024(H5N1)	403	42016
NS|PP755585.1|A/cattle/Texas/24-008749-002/2024(H5N1)	404	42259
NS|PP755585.1|A/cattle/Texas/24-008749-002/2024(H5N1)	405	42400
NS|PP755585.1|A/cattle/Texas/24-008749-002/2024(H5N1)	406	42489
NS|PP755585.1|A/cattle/Texas/24-008749-002/2024(H5N1)	407	41847
NS|PP755585.1|A/cattle/Texas/24-008749-002/2024(H5N1)	408	41166
NS|PP755585.1|A/cattle/Texas/24-008749-002/2024(H5N1)	409	41945
NS|PP755585.1|A/cattle/Texas/24-008749-002/2024(H5N1)	410	41832
NS|PP755585.1|A/cattle/Texas/24-008749-002/2024(H5N1)	411	42057
NS|PP755585.1|A/cattle/Texas/24-008749-002/2024(H5N1)	412	42033
NS|PP755585.1|A/cattle/Texas/24-008749-002/2024(H5N1)	413	41931
NS|PP755585.1|A/cattle/Texas/24-008749-002/2024(H5N1)	414	41544
NS|PP755585.1|A/cattle/Texas/24-008749-002/2024(H5N1)	415	41452
NS|PP755585.1|A/cattle/Texas/24-008749-002/2024(H5N1)	416	41465
NS|PP755585.1|A/cattle/Texas/24-008749-002/2024(H5N1)	417	40148
NS|PP755585.1|A/cattle/Texas/24-008749-002/2024(H5N1)	418	40079
NS|PP755585.1|A/cattle/Texas/24-008749-002/2024(H5N1)	419	40068
NS|PP755585.1|A/cattle/Texas/24-008749-002/2024(H5N1)	420	40719
NS|PP755585.1|A/cattle/Texas/24-008749-002/2024(H5N1)	421	40774
NS|PP755585.1|A/cattle/Texas/24-008749-002/2024(H5N1)	422	42692
NS|PP755585.1|A/cattle/Texas/24-008749-002/2024(H5N1)	423	42838
NS|PP755585.1|A/cattle/Texas/24-008749-002/2024(H5N1)	424	42859
NS|PP755585.1|A/cattle/Texas/24-008749-002/2024(H5N1)	425	42810
NS|PP755585.1|A/cattle/Texas/24-008749-002/2024(H5N1)	426	42857
NS|PP755585.1|A/cattle/Texas/24-008749-002/2024(H5N1)	427	42829
NS|PP755585.1|A/cattle/Texas/24-008749-002/2024(H5N1)	428	49019
NS|PP755585.1|A/cattle/Texas/24-008749-002/2024(H5N1)	429	48391
NS|PP755585.1|A/cattle/Texas/24-008749-002/2024(H5N1)	430	47801
NS|PP755585.1|A/cattle/Texas/24-008749-002/2024(H5N1)	431	47790
NS|PP755585.1|A/cattle/Texas/24-008749-002/2024(H5N1)	432	48434
NS|PP755585.1|A/cattle/Texas/24-008749-002/2024(H5N1)	433	49177
NS|PP755585.1|A/cattle/Texas/24-008749-002/2024(H5N1)	434	48488
NS|PP755585.1|A/cattle/Texas/24-008749-002/2024(H5N1)	435	48413
NS|PP755585.1|A/cattle/Texas/24-008749-002/2024(H5N1)	436	48380
NS|PP755585.1|A/cattle/Texas/24-008749-002/2024(H5N1)	437	42390
NS|PP755585.1|A/cattle/Texas/24-008749-002/2024(H5N1)	438	43470
NS|PP755585.1|A/cattle/Texas/24-008749-002/2024(H5N1)	439	43202
NS|PP755585.1|A/cattle/Texas/24-008749-002/2024(H5N1)	440	43766
NS|PP755585.1|A/cattle/Texas/24-008749-002/2024(H5N1)	441	43160
NS|PP755585.1|A/cattle/Texas/24-008749-002/2024(H5N1)	442	42453
NS|PP755585.1|A/cattle/Texas/24-008749-002/2024(H5N1)	443	42861
NS|PP755585.1|A/cattle/Texas/24-008749-002/2024(H5N1)	444	42630
NS|PP755585.1|A/cattle/Texas/24-008749-002/2024(H5N1)	445	42495
NS|PP755585.1|A/cattle/Texas/24-008749-002/2024(H5N1)	446	42410
NS|PP755585.1|A/cattle/Texas/24-008749-002/2024(H5N1)	447	42021
NS|PP755585.1|A/cattle/Texas/24-008749-002/2024(H5N1)	448	42067
NS|PP755585.1|A/cattle/Texas/24-008749-002/2024(H5N1)	449	42305
NS|PP755585.1|A/cattle/Texas/24-008749-002/2024(H5N1)	450	42275
NS|PP755585.1|A/cattle/Texas/24-008749-002/2024(H5N1)	451	42459
NS|PP755585.1|A/cattle/Texas/24-008749-002/2024(H5N1)	452	42497
NS|PP755585.1|A/cattle/Texas/24-008749-002/2024(H5N1)	453	42115
NS|PP755585.1|A/cattle/Texas/24-008749-002/2024(H5N1)	454	42350
NS|PP755585.1|A/cattle/Texas/24-008749-002/2024(H5N1)	455	42400
NS|PP755585.1|A/cattle/Texas/24-008749-002/2024(H5N1)	456	41189
NS|PP755585.1|A/cattle/Texas/24-008749-002/2024(H5N1)	457	40674
NS|PP755585.1|A/cattle/Texas/24-008749-002/2024(H5N1)	458	40548
NS|PP755585.1|A/cattle/Texas/24-008749-002/2024(H5N1)	459	40635
NS|PP755585.1|A/cattle/Texas/24-008749-002/2024(H5N1)	460	40478
NS|PP755585.1|A/cattle/Texas/24-008749-002/2024(H5N1)	461	40904
NS|PP755585.1|A/cattle/Texas/24-008749-002/2024(H5N1)	462	40808
NS|PP755585.1|A/cattle/Texas/24-008749-002/2024(H5N1)	463	40344
NS|PP755585.1|A/cattle/Texas/24-008749-002/2024(H5N1)	464	40019
NS|PP755585.1|A/cattle/Texas/24-008749-002/2024(H5N1)	465	39898
NS|PP755585.1|A/cattle/Texas/24-008749-002/2024(H5N1)	466	39910
NS|PP755585.1|A/cattle/Texas/24-008749-002/2024(H5N1)	467	40157
NS|PP755585.1|A/cattle/Texas/24-008749-002/2024(H5N1)	468	39976
NS|PP755585.1|A/cattle/Texas/24-008749-002/2024(H5N1)	469	39977
NS|PP755585.1|A/cattle/Texas/24-008749-002/2024(H5N1)	470	39531
NS|PP755585.1|A/cattle/Texas/24-008749-002/2024(H5N1)	471	39523
NS|PP755585.1|A/cattle/Texas/24-008749-002/2024(H5N1)	472	39482
NS|PP755585.1|A/cattle/Texas/24-008749-002/2024(H5N1)	473	40122
NS|PP755585.1|A/cattle/Texas/24-008749-002/2024(H5N1)	474	40052
NS|PP755585.1|A/cattle/Texas/24-008749-002/2024(H5N1)	475	40040
NS|PP755585.1|A/cattle/Texas/24-008749-002/2024(H5N1)	476	41246
NS|PP755585.1|A/cattle/Texas/24-008749-002/2024(H5N1)	477	41500
NS|PP755585.1|A/cattle/Texas/24-008749-002/2024(H5N1)	478	41525
NS|PP755585.1|A/cattle/Texas/24-008749-002/2024(H5N1)	479	41547
NS|PP755585.1|A/cattle/Texas/24-008749-002/2024(H5N1)	480	41777
NS|PP755585.1|A/cattle/Texas/24-008749-002/2024(H5N1)	481	41777
NS|PP755585.1|A/cattle/Texas/24-008749-002/2024(H5N1)	482	42697
NS|PP755585.1|A/cattle/Texas/24-008749-002/2024(H5N1)	483	42806
NS|PP755585.1|A/cattle/Texas/24-008749-002/2024(H5N1)	484	43038
NS|PP755585.1|A/cattle/Texas/24-008749-002/2024(H5N1)	485	43232
NS|PP755585.1|A/cattle/Texas/24-008749-002/2024(H5N1)	486	43169
NS|PP755585.1|A/cattle/Texas/24-008749-002/2024(H5N1)	487	43429
NS|PP755585.1|A/cattle/Texas/24-008749-002/2024(H5N1)	488	43121
NS|PP755585.1|A/cattle/Texas/24-008749-002/2024(H5N1)	489	43285
NS|PP755585.1|A/cattle/Texas/24-008749-002/2024(H5N1)	490	43474
NS|PP755585.1|A/cattle/Texas/24-008749-002/2024(H5N1)	491	43112
NS|PP755585.1|A/cattle/Texas/24-008749-002/2024(H5N1)	492	45488
NS|PP755585.1|A/cattle/Texas/24-008749-002/2024(H5N1)	493	45440
NS|PP755585.1|A/cattle/Texas/24-008749-002/2024(H5N1)	494	45219
NS|PP755585.1|A/cattle/Texas/24-008749-002/2024(H5N1)	495	45189
NS|PP755585.1|A/cattle/Texas/24-008749-002/2024(H5N1)	496	45064
NS|PP755585.1|A/cattle/Texas/24-008749-002/2024(H5N1)	497	45444
NS|PP755585.1|A/cattle/Texas/24-008749-002/2024(H5N1)	498	45282
NS|PP755585.1|A/cattle/Texas/24-008749-002/2024(H5N1)	499	45270
NS|PP755585.1|A/cattle/Texas/24-008749-002/2024(H5N1)	500	45188
NS|PP755585.1|A/cattle/Texas/24-008749-002/2024(H5N1)	501	45331
NS|PP755585.1|A/cattle/Texas/24-008749-002/2024(H5N1)	502	46057
NS|PP755585.1|A/cattle/Texas/24-008749-002/2024(H5N1)	503	47334
NS|PP755585.1|A/cattle/Texas/24-008749-002/2024(H5N1)	504	46366
NS|PP755585.1|A/cattle/Texas/24-008749-002/2024(H5N1)	505	45223
NS|PP755585.1|A/cattle/Texas/24-008749-002/2024(H5N1)	506	45671
NS|PP755585.1|A/cattle/Texas/24-008749-002/2024(H5N1)	507	45770
NS|PP755585.1|A/cattle/Texas/24-008749-002/2024(H5N1)	508	45840
NS|PP755585.1|A/cattle/Texas/24-008749-002/2024(H5N1)	509	46685
NS|PP755585.1|A/cattle/Texas/24-008749-002/2024(H5N1)	510	46381
NS|PP755585.1|A/cattle/Texas/24-008749-002/2024(H5N1)	511	46311
NS|PP755585.1|A/cattle/Texas/24-008749-002/2024(H5N1)	512	46124
NS|PP755585.1|A/cattle/Texas/24-008749-002/2024(H5N1)	513	45773
NS|PP755585.1|A/cattle/Texas/24-008749-002/2024(H5N1)	514	45530
NS|PP755585.1|A/cattle/Texas/24-008749-002/2024(H5N1)	515	44394
NS|PP755585.1|A/cattle/Texas/24-008749-002/2024(H5N1)	516	44357
NS|PP755585.1|A/cattle/Texas/24-008749-002/2024(H5N1)	517	44288
NS|PP755585.1|A/cattle/Texas/24-008749-002/2024(H5N1)	518	43115
NS|PP755585.1|A/cattle/Texas/24-008749-002/2024(H5N1)	519	43196
NS|PP755585.1|A/cattle/Texas/24-008749-002/2024(H5N1)	520	42906
NS|PP755585.1|A/cattle/Texas/24-008749-002/2024(H5N1)	521	42795
NS|PP755585.1|A/cattle/Texas/24-008749-002/2024(H5N1)	522	42769
NS|PP755585.1|A/cattle/Texas/24-008749-002/2024(H5N1)	523	42761
NS|PP755585.1|A/cattle/Texas/24-008749-002/2024(H5N1)	524	42439
NS|PP755585.1|A/cattle/Texas/24-008749-002/2024(H5N1)	525	42394
NS|PP755585.1|A/cattle/Texas/24-008749-002/2024(H5N1)	526	42196
NS|PP755585.1|A/cattle/Texas/24-008749-002/2024(H5N1)	527	42570
NS|PP755585.1|A/cattle/Texas/24-008749-002/2024(H5N1)	528	42520
NS|PP755585.1|A/cattle/Texas/24-008749-002/2024(H5N1)	529	41909
NS|PP755585.1|A/cattle/Texas/24-008749-002/2024(H5N1)	530	42689
NS|PP755585.1|A/cattle/Texas/24-008749-002/2024(H5N1)	531	42671
NS|PP755585.1|A/cattle/Texas/24-008749-002/2024(H5N1)	532	42935
NS|PP755585.1|A/cattle/Texas/24-008749-002/2024(H5N1)	533	42766
NS|PP755585.1|A/cattle/Texas/24-008749-002/2024(H5N1)	534	42712
NS|PP755585.1|A/cattle/Texas/24-008749-002/2024(H5N1)	535	42797
NS|PP755585.1|A/cattle/Texas/24-008749-002/2024(H5N1)	536	42547
NS|PP755585.1|A/cattle/Texas/24-008749-002/2024(H5N1)	537	42604
NS|PP755585.1|A/cattle/Texas/24-008749-002/2024(H5N1)	538	42845
NS|PP755585.1|A/cattle/Texas/24-008749-002/2024(H5N1)	539	42868
NS|PP755585.1|A/cattle/Texas/24-008749-002/2024(H5N1)	540	43479
NS|PP755585.1|A/cattle/Texas/24-008749-002/2024(H5N1)	541	43249
NS|PP755585.1|A/cattle/Texas/24-008749-002/2024(H5N1)	542	43207
NS|PP755585.1|A/cattle/Texas/24-008749-002/2024(H5N1)	543	43693
NS|PP755585.1|A/cattle/Texas/24-008749-002/2024(H5N1)	544	43624
NS|PP755585.1|A/cattle/Texas/24-008749-002/2024(H5N1)	545	43814
NS|PP755585.1|A/cattle/Texas/24-008749-002/2024(H5N1)	546	43816
NS|PP755585.1|A/cattle/Texas/24-008749-002/2024(H5N1)	547	43490
NS|PP755585.1|A/cattle/Texas/24-008749-002/2024(H5N1)	548	43610
NS|PP755585.1|A/cattle/Texas/24-008749-002/2024(H5N1)	549	42904
NS|PP755585.1|A/cattle/Texas/24-008749-002/2024(H5N1)	550	42582
NS|PP755585.1|A/cattle/Texas/24-008749-002/2024(H5N1)	551	43179
NS|PP755585.1|A/cattle/Texas/24-008749-002/2024(H5N1)	552	42707
NS|PP755585.1|A/cattle/Texas/24-008749-002/2024(H5N1)	553	43793
NS|PP755585.1|A/cattle/Texas/24-008749-002/2024(H5N1)	554	43659
NS|PP755585.1|A/cattle/Texas/24-008749-002/2024(H5N1)	555	43699
NS|PP755585.1|A/cattle/Texas/24-008749-002/2024(H5N1)	556	43878
NS|PP755585.1|A/cattle/Texas/24-008749-002/2024(H5N1)	557	43776
NS|PP755585.1|A/cattle/Texas/24-008749-002/2024(H5N1)	558	43796
NS|PP755585.1|A/cattle/Texas/24-008749-002/2024(H5N1)	559	43675
NS|PP755585.1|A/cattle/Texas/24-008749-002/2024(H5N1)	560	42956
NS|PP755585.1|A/cattle/Texas/24-008749-002/2024(H5N1)	561	43256
NS|PP755585.1|A/cattle/Texas/24-008749-002/2024(H5N1)	562	42847
NS|PP755585.1|A/cattle/Texas/24-008749-002/2024(H5N1)	563	43068
NS|PP755585.1|A/cattle/Texas/24-008749-002/2024(H5N1)	564	45384
NS|PP755585.1|A/cattle/Texas/24-008749-002/2024(H5N1)	565	45568
NS|PP755585.1|A/cattle/Texas/24-008749-002/2024(H5N1)	566	45688
NS|PP755585.1|A/cattle/Texas/24-008749-002/2024(H5N1)	567	46549
NS|PP755585.1|A/cattle/Texas/24-008749-002/2024(H5N1)	568	46532
NS|PP755585.1|A/cattle/Texas/24-008749-002/2024(H5N1)	569	46912
NS|PP755585.1|A/cattle/Texas/24-008749-002/2024(H5N1)	570	46184
NS|PP755585.1|A/cattle/Texas/24-008749-002/2024(H5N1)	571	45974
NS|PP755585.1|A/cattle/Texas/24-008749-002/2024(H5N1)	572	46338
NS|PP755585.1|A/cattle/Texas/24-008749-002/2024(H5N1)	573	43697
NS|PP755585.1|A/cattle/Texas/24-008749-002/2024(H5N1)	574	44523
NS|PP755585.1|A/cattle/Texas/24-008749-002/2024(H5N1)	575	44510
NS|PP755585.1|A/cattle/Texas/24-008749-002/2024(H5N1)	576	44497
NS|PP755585.1|A/cattle/Texas/24-008749-002/2024(H5N1)	577	46480
NS|PP755585.1|A/cattle/Texas/24-008749-002/2024(H5N1)	578	46249
NS|PP755585.1|A/cattle/Texas/24-008749-002/2024(H5N1)	579	41095
NS|PP755585.1|A/cattle/Texas/24-008749-002/2024(H5N1)	580	41095
NS|PP755585.1|A/cattle/Texas/24-008749-002/2024(H5N1)	581	40556
NS|PP755585.1|A/cattle/Texas/24-008749-002/2024(H5N1)	582	40954
NS|PP755585.1|A/cattle/Texas/24-008749-002/2024(H5N1)	583	40126
NS|PP755585.1|A/cattle/Texas/24-008749-002/2024(H5N1)	584	40166
NS|PP755585.1|A/cattle/Texas/24-008749-002/2024(H5N1)	585	40158
NS|PP755585.1|A/cattle/Texas/24-008749-002/2024(H5N1)	586	40161
NS|PP755585.1|A/cattle/Texas/24-008749-002/2024(H5N1)	587	42167
NS|PP755585.1|A/cattle/Texas/24-008749-002/2024(H5N1)	588	42204
NS|PP755585.1|A/cattle/Texas/24-008749-002/2024(H5N1)	589	42170
NS|PP755585.1|A/cattle/Texas/24-008749-002/2024(H5N1)	590	42236
NS|PP755585.1|A/cattle/Texas/24-008749-002/2024(H5N1)	591	41643
NS|PP755585.1|A/cattle/Texas/24-008749-002/2024(H5N1)	592	41798
NS|PP755585.1|A/cattle/Texas/24-008749-002/2024(H5N1)	593	41813
NS|PP755585.1|A/cattle/Texas/24-008749-002/2024(H5N1)	594	41527
NS|PP755585.1|A/cattle/Texas/24-008749-002/2024(H5N1)	595	41410
NS|PP755585.1|A/cattle/Texas/24-008749-002/2024(H5N1)	596	41359
NS|PP755585.1|A/cattle/Texas/24-008749-002/2024(H5N1)	597	41417
NS|PP755585.1|A/cattle/Texas/24-008749-002/2024(H5N1)	598	40783
NS|PP755585.1|A/cattle/Texas/24-008749-002/2024(H5N1)	599	40910
NS|PP755585.1|A/cattle/Texas/24-008749-002/2024(H5N1)	600	40808
NS|PP755585.1|A/cattle/Texas/24-008749-002/2024(H5N1)	601	40755
NS|PP755585.1|A/cattle/Texas/24-008749-002/2024(H5N1)	602	40610
NS|PP755585.1|A/cattle/Texas/24-008749-002/2024(H5N1)	603	40739
NS|PP755585.1|A/cattle/Texas/24-008749-002/2024(H5N1)	604	40836
NS|PP755585.1|A/cattle/Texas/24-008749-002/2024(H5N1)	605	40486
NS|PP755585.1|A/cattle/Texas/24-008749-002/2024(H5N1)	606	40416
NS|PP755585.1|A/cattle/Texas/24-008749-002/2024(H5N1)	607	40422
NS|PP755585.1|A/cattle/Texas/24-008749-002/2024(H5N1)	608	40226
NS|PP755585.1|A/cattle/Texas/24-008749-002/2024(H5N1)	609	40691
NS|PP755585.1|A/cattle/Texas/24-008749-002/2024(H5N1)	610	40568
NS|PP755585.1|A/cattle/Texas/24-008749-002/2024(H5N1)	611	40559
NS|PP755585.1|A/cattle/Texas/24-008749-002/2024(H5N1)	612	40094
NS|PP755585.1|A/cattle/Texas/24-008749-002/2024(H5N1)	613	40018
NS|PP755585.1|A/cattle/Texas/24-008749-002/2024(H5N1)	614	40662
NS|PP755585.1|A/cattle/Texas/24-008749-002/2024(H5N1)	615	40760
NS|PP755585.1|A/cattle/Texas/24-008749-002/2024(H5N1)	616	40735
NS|PP755585.1|A/cattle/Texas/24-008749-002/2024(H5N1)	617	42005
NS|PP755585.1|A/cattle/Texas/24-008749-002/2024(H5N1)	618	42088
NS|PP755585.1|A/cattle/Texas/24-008749-002/2024(H5N1)	619	42237
NS|PP755585.1|A/cattle/Texas/24-008749-002/2024(H5N1)	620	42262
NS|PP755585.1|A/cattle/Texas/24-008749-002/2024(H5N1)	621	42142
NS|PP755585.1|A/cattle/Texas/24-008749-002/2024(H5N1)	622	42380
NS|PP755585.1|A/cattle/Texas/24-008749-002/2024(H5N1)	623	41719
NS|PP755585.1|A/cattle/Texas/24-008749-002/2024(H5N1)	624	42723
NS|PP755585.1|A/cattle/Texas/24-008749-002/2024(H5N1)	625	43637
NS|PP755585.1|A/cattle/Texas/24-008749-002/2024(H5N1)	626	42326
NS|PP755585.1|A/cattle/Texas/24-008749-002/2024(H5N1)	627	42537
NS|PP755585.1|A/cattle/Texas/24-008749-002/2024(H5N1)	628	42291
NS|PP755585.1|A/cattle/Texas/24-008749-002/2024(H5N1)	629	42900
NS|PP755585.1|A/cattle/Texas/24-008749-002/2024(H5N1)	630	42904
NS|PP755585.1|A/cattle/Texas/24-008749-002/2024(H5N1)	631	42609
NS|PP755585.1|A/cattle/Texas/24-008749-002/2024(H5N1)	632	42911
NS|PP755585.1|A/cattle/Texas/24-008749-002/2024(H5N1)	633	41760
NS|PP755585.1|A/cattle/Texas/24-008749-002/2024(H5N1)	634	43997
NS|PP755585.1|A/cattle/Texas/24-008749-002/2024(H5N1)	635	46893
NS|PP755585.1|A/cattle/Texas/24-008749-002/2024(H5N1)	636	46677
NS|PP755585.1|A/cattle/Texas/24-008749-002/2024(H5N1)	637	46719
NS|PP755585.1|A/cattle/Texas/24-008749-002/2024(H5N1)	638	47323
NS|PP755585.1|A/cattle/Texas/24-008749-002/2024(H5N1)	639	47427
NS|PP755585.1|A/cattle/Texas/24-008749-002/2024(H5N1)	640	47812
NS|PP755585.1|A/cattle/Texas/24-008749-002/2024(H5N1)	641	47395
NS|PP755585.1|A/cattle/Texas/24-008749-002/2024(H5N1)	642	47510
NS|PP755585.1|A/cattle/Texas/24-008749-002/2024(H5N1)	643	44770
NS|PP755585.1|A/cattle/Texas/24-008749-002/2024(H5N1)	644	45590
NS|PP755585.1|A/cattle/Texas/24-008749-002/2024(H5N1)	645	45612
NS|PP755585.1|A/cattle/Texas/24-008749-002/2024(H5N1)	646	44364
NS|PP755585.1|A/cattle/Texas/24-008749-002/2024(H5N1)	647	44160
NS|PP755585.1|A/cattle/Texas/24-008749-002/2024(H5N1)	648	45290
NS|PP755585.1|A/cattle/Texas/24-008749-002/2024(H5N1)	649	45305
NS|PP755585.1|A/cattle/Texas/24-008749-002/2024(H5N1)	650	45267
NS|PP755585.1|A/cattle/Texas/24-008749-002/2024(H5N1)	651	45181
NS|PP755585.1|A/cattle/Texas/24-008749-002/2024(H5N1)	652	44470
NS|PP755585.1|A/cattle/Texas/24-008749-002/2024(H5N1)	653	42949
NS|PP755585.1|A/cattle/Texas/24-008749-002/2024(H5N1)	654	42818
NS|PP755585.1|A/cattle/Texas/24-008749-002/2024(H5N1)	655	42918
NS|PP755585.1|A/cattle/Texas/24-008749-002/2024(H5N1)	656	43039
NS|PP755585.1|A/cattle/Texas/24-008749-002/2024(H5N1)	657	42205
NS|PP755585.1|A/cattle/Texas/24-008749-002/2024(H5N1)	658	43171
NS|PP755585.1|A/cattle/Texas/24-008749-002/2024(H5N1)	659	43240
NS|PP755585.1|A/cattle/Texas/24-008749-002/2024(H5N1)	660	42423
NS|PP755585.1|A/cattle/Texas/24-008749-002/2024(H5N1)	661	42422
NS|PP755585.1|A/cattle/Texas/24-008749-002/2024(H5N1)	662	42091
NS|PP755585.1|A/cattle/Texas/24-008749-002/2024(H5N1)	663	42252
NS|PP755585.1|A/cattle/Texas/24-008749-002/2024(H5N1)	664	42416
NS|PP755585.1|A/cattle/Texas/24-008749-002/2024(H5N1)	665	42466
NS|PP755585.1|A/cattle/Texas/24-008749-002/2024(H5N1)	666	42615
NS|PP755585.1|A/cattle/Texas/24-008749-002/2024(H5N1)	667	43884
NS|PP755585.1|A/cattle/Texas/24-008749-002/2024(H5N1)	668	43633
NS|PP755585.1|A/cattle/Texas/24-008749-002/2024(H5N1)	669	43775
NS|PP755585.1|A/cattle/Texas/24-008749-002/2024(H5N1)	670	43648
NS|PP755585.1|A/cattle/Texas/24-008749-002/2024(H5N1)	671	44432
NS|PP755585.1|A/cattle/Texas/24-008749-002/2024(H5N1)	672	44702
NS|PP755585.1|A/cattle/Texas/24-008749-002/2024(H5N1)	673	44653
NS|PP755585.1|A/cattle/Texas/24-008749-002/2024(H5N1)	674	44833
NS|PP755585.1|A/cattle/Texas/24-008749-002/2024(H5N1)	675	44627
NS|PP755585.1|A/cattle/Texas/24-008749-002/2024(H5N1)	676	44633
NS|PP755585.1|A/cattle/Texas/24-008749-002/2024(H5N1)	677	44678
NS|PP755585.1|A/cattle/Texas/24-008749-002/2024(H5N1)	678	44307
NS|PP755585.1|A/cattle/Texas/24-008749-002/2024(H5N1)	679	44310
NS|PP755585.1|A/cattle/Texas/24-008749-002/2024(H5N1)	680	43435
NS|PP755585.1|A/cattle/Texas/24-008749-002/2024(H5N1)	681	43110
NS|PP755585.1|A/cattle/Texas/24-008749-002/2024(H5N1)	682	43632
NS|PP755585.1|A/cattle/Texas/24-008749-002/2024(H5N1)	683	43182
NS|PP755585.1|A/cattle/Texas/24-008749-002/2024(H5N1)	684	43134
NS|PP755585.1|A/cattle/Texas/24-008749-002/2024(H5N1)	685	43136
NS|PP755585.1|A/cattle/Texas/24-008749-002/2024(H5N1)	686	43194
NS|PP755585.1|A/cattle/Texas/24-008749-002/2024(H5N1)	687	43263
NS|PP755585.1|A/cattle/Texas/24-008749-002/2024(H5N1)	688	43248
NS|PP755585.1|A/cattle/Texas/24-008749-002/2024(H5N1)	689	42636
NS|PP755585.1|A/cattle/Texas/24-008749-002/2024(H5N1)	690	42654
NS|PP755585.1|A/cattle/Texas/24-008749-002/2024(H5N1)	691	42349
NS|PP755585.1|A/cattle/Texas/24-008749-002/2024(H5N1)	692	42331
NS|PP755585.1|A/cattle/Texas/24-008749-002/2024(H5N1)	693	42324
NS|PP755585.1|A/cattle/Texas/24-008749-002/2024(H5N1)	694	41820
NS|PP755585.1|A/cattle/Texas/24-008749-002/2024(H5N1)	695	42280
NS|PP755585.1|A/cattle/Texas/24-008749-002/2024(H5N1)	696	42069
NS|PP755585.1|A/cattle/Texas/24-008749-002/2024(H5N1)	697	41988
NS|PP755585.1|A/cattle/Texas/24-008749-002/2024(H5N1)	698	41995
NS|PP755585.1|A/cattle/Texas/24-008749-002/2024(H5N1)	699	42154
NS|PP755585.1|A/cattle/Texas/24-008749-002/2024(H5N1)	700	42162
NS|PP755585.1|A/cattle/Texas/24-008749-002/2024(H5N1)	701	42017
NS|PP755585.1|A/cattle/Texas/24-008749-002/2024(H5N1)	702	41521
NS|PP755585.1|A/cattle/Texas/24-008749-002/2024(H5N1)	703	41625
NS|PP755585.1|A/cattle/Texas/24-008749-002/2024(H5N1)	704	40464
NS|PP755585.1|A/cattle/Texas/24-008749-002/2024(H5N1)	705	40428
NS|PP755585.1|A/cattle/Texas/24-008749-002/2024(H5N1)	706	40402
NS|PP755585.1|A/cattle/Texas/24-008749-002/2024(H5N1)	707	40367
NS|PP755585.1|A/cattle/Texas/24-008749-002/2024(H5N1)	708	40380
NS|PP755585.1|A/cattle/Texas/24-008749-002/2024(H5N1)	709	40776
NS|PP755585.1|A/cattle/Texas/24-008749-002/2024(H5N1)	710	43214
NS|PP755585.1|A/cattle/Texas/24-008749-002/2024(H5N1)	711	43336
NS|PP755585.1|A/cattle/Texas/24-008749-002/2024(H5N1)	712	43015
NS|PP755585.1|A/cattle/Texas/24-008749-002/2024(H5N1)	713	43030
NS|PP755585.1|A/cattle/Texas/24-008749-002/2024(H5N1)	714	49674
NS|PP755585.1|A/cattle/Texas/24-008749-002/2024(H5N1)	715	47485
NS|PP755585.1|A/cattle/Texas/24-008749-002/2024(H5N1)	716	47202
NS|PP755585.1|A/cattle/Texas/24-008749-002/2024(H5N1)	717	47781
NS|PP755585.1|A/cattle/Texas/24-008749-002/2024(H5N1)	718	46731
NS|PP755585.1|A/cattle/Texas/24-008749-002/2024(H5N1)	719	47933
NS|PP755585.1|A/cattle/Texas/24-008749-002/2024(H5N1)	720	47960
NS|PP755585.1|A/cattle/Texas/24-008749-002/2024(H5N1)	721	47946
NS|PP755585.1|A/cattle/Texas/24-008749-002/2024(H5N1)	722	47494
NS|PP755585.1|A/cattle/Texas/24-008749-002/2024(H5N1)	723	47483
NS|PP755585.1|A/cattle/Texas/24-008749-002/2024(H5N1)	724	47712
NS|PP755585.1|A/cattle/Texas/24-008749-002/2024(H5N1)	725	46842
NS|PP755585.1|A/cattle/Texas/24-008749-002/2024(H5N1)	726	46808
NS|PP755585.1|A/cattle/Texas/24-008749-002/2024(H5N1)	727	46804
NS|PP755585.1|A/cattle/Texas/24-008749-002/2024(H5N1)	728	44337
NS|PP755585.1|A/cattle/Texas/24-008749-002/2024(H5N1)	729	45232
NS|PP755585.1|A/cattle/Texas/24-008749-002/2024(H5N1)	730	45185
NS|PP755585.1|A/cattle/Texas/24-008749-002/2024(H5N1)	731	44850
NS|PP755585.1|A/cattle/Texas/24-008749-002/2024(H5N1)	732	44810
NS|PP755585.1|A/cattle/Texas/24-008749-002/2024(H5N1)	733	44303
NS|PP755585.1|A/cattle/Texas/24-008749-002/2024(H5N1)	734	44342
NS|PP755585.1|A/cattle/Texas/24-008749-002/2024(H5N1)	735	44300
NS|PP755585.1|A/cattle/Texas/24-008749-002/2024(H5N1)	736	44325
NS|PP755585.1|A/cattle/Texas/24-008749-002/2024(H5N1)	737	44246
NS|PP755585.1|A/cattle/Texas/24-008749-002/2024(H5N1)	738	41888
NS|PP755585.1|A/cattle/Texas/24-008749-002/2024(H5N1)	739	41294
NS|PP755585.1|A/cattle/Texas/24-008749-002/2024(H5N1)	740	41035
NS|PP755585.1|A/cattle/Texas/24-008749-002/2024(H5N1)	741	41007
NS|PP755585.1|A/cattle/Texas/24-008749-002/2024(H5N1)	742	40945
NS|PP755585.1|A/cattle/Texas/24-008749-002/2024(H5N1)	743	40871
NS|PP755585.1|A/cattle/Texas/24-008749-002/2024(H5N1)	744	40814
NS|PP755585.1|A/cattle/Texas/24-008749-002/2024(H5N1)	745	40789
NS|PP755585.1|A/cattle/Texas/24-008749-002/2024(H5N1)	746	40785
NS|PP755585.1|A/cattle/Texas/24-008749-002/2024(H5N1)	747	40769
NS|PP755585.1|A/cattle/Texas/24-008749-002/2024(H5N1)	748	40711
NS|PP755585.1|A/cattle/Texas/24-008749-002/2024(H5N1)	749	40629
NS|PP755585.1|A/cattle/Texas/24-008749-002/2024(H5N1)	750	40531
NS|PP755585.1|A/cattle/Texas/24-008749-002/2024(H5N1)	751	40406
NS|PP755585.1|A/cattle/Texas/24-008749-002/2024(H5N1)	752	40254
NS|PP755585.1|A/cattle/Texas/24-008749-002/2024(H5N1)	753	40249
NS|PP755585.1|A/cattle/Texas/24-008749-002/2024(H5N1)	754	39830
NS|PP755585.1|A/cattle/Texas/24-008749-002/2024(H5N1)	755	39760
NS|PP755585.1|A/cattle/Texas/24-008749-002/2024(H5N1)	756	39738
NS|PP755585.1|A/cattle/Texas/24-008749-002/2024(H5N1)	757	39737
NS|PP755585.1|A/cattle/Texas/24-008749-002/2024(H5N1)	758	39719
NS|PP755585.1|A/cattle/Texas/24-008749-002/2024(H5N1)	759	39474
NS|PP755585.1|A/cattle/Texas/24-008749-002/2024(H5N1)	760	39274
NS|PP755585.1|A/cattle/Texas/24-008749-002/2024(H5N1)	761	39275
NS|PP755585.1|A/cattle/Texas/24-008749-002/2024(H5N1)	762	39273
NS|PP755585.1|A/cattle/Texas/24-008749-002/2024(H5N1)	763	39193
NS|PP755585.1|A/cattle/Texas/24-008749-002/2024(H5N1)	764	39173
NS|PP755585.1|A/cattle/Texas/24-008749-002/2024(H5N1)	765	38725
NS|PP755585.1|A/cattle/Texas/24-008749-002/2024(H5N1)	766	38704
NS|PP755585.1|A/cattle/Texas/24-008749-002/2024(H5N1)	767	38558
NS|PP755585.1|A/cattle/Texas/24-008749-002/2024(H5N1)	768	37348
NS|PP755585.1|A/cattle/Texas/24-008749-002/2024(H5N1)	769	37073
NS|PP755585.1|A/cattle/Texas/24-008749-002/2024(H5N1)	770	37021
NS|PP755585.1|A/cattle/Texas/24-008749-002/2024(H5N1)	771	36982
NS|PP755585.1|A/cattle/Texas/24-008749-002/2024(H5N1)	772	36976
NS|PP755585.1|A/cattle/Texas/24-008749-002/2024(H5N1)	773	36694
NS|PP755585.1|A/cattle/Texas/24-008749-002/2024(H5N1)	774	35633
NS|PP755585.1|A/cattle/Texas/24-008749-002/2024(H5N1)	775	34750
NS|PP755585.1|A/cattle/Texas/24-008749-002/2024(H5N1)	776	34717
NS|PP755585.1|A/cattle/Texas/24-008749-002/2024(H5N1)	777	34859
NS|PP755585.1|A/cattle/Texas/24-008749-002/2024(H5N1)	778	34549
NS|PP755585.1|A/cattle/Texas/24-008749-002/2024(H5N1)	779	34071
NS|PP755585.1|A/cattle/Texas/24-008749-002/2024(H5N1)	780	34172
NS|PP755585.1|A/cattle/Texas/24-008749-002/2024(H5N1)	781	34161
NS|PP755585.1|A/cattle/Texas/24-008749-002/2024(H5N1)	782	33982
NS|PP755585.1|A/cattle/Texas/24-008749-002/2024(H5N1)	783	33967
NS|PP755585.1|A/cattle/Texas/24-008749-002/2024(H5N1)	784	33854
NS|PP755585.1|A/cattle/Texas/24-008749-002/2024(H5N1)	785	31656
NS|PP755585.1|A/cattle/Texas/24-008749-002/2024(H5N1)	786	28360
NS|PP755585.1|A/cattle/Texas/24-008749-002/2024(H5N1)	787	28303
NS|PP755585.1|A/cattle/Texas/24-008749-002/2024(H5N1)	788	28101
NS|PP755585.1|A/cattle/Texas/24-008749-002/2024(H5N1)	789	26968
NS|PP755585.1|A/cattle/Texas/24-008749-002/2024(H5N1)	790	27082
NS|PP755585.1|A/cattle/Texas/24-008749-002/2024(H5N1)	791	26296
NS|PP755585.1|A/cattle/Texas/24-008749-002/2024(H5N1)	792	26289
NS|PP755585.1|A/cattle/Texas/24-008749-002/2024(H5N1)	793	26224
NS|PP755585.1|A/cattle/Texas/24-008749-002/2024(H5N1)	794	25942
NS|PP755585.1|A/cattle/Texas/24-008749-002/2024(H5N1)	795	25083
NS|PP755585.1|A/cattle/Texas/24-008749-002/2024(H5N1)	796	25042
NS|PP755585.1|A/cattle/Texas/24-008749-002/2024(H5N1)	797	25039
NS|PP755585.1|A/cattle/Texas/24-008749-002/2024(H5N1)	798	24940
NS|PP755585.1|A/cattle/Texas/24-008749-002/2024(H5N1)	799	23466
NS|PP755585.1|A/cattle/Texas/24-008749-002/2024(H5N1)	800	23499
NS|PP755585.1|A/cattle/Texas/24-008749-002/2024(H5N1)	801	23440
NS|PP755585.1|A/cattle/Texas/24-008749-002/2024(H5N1)	802	23419
NS|PP755585.1|A/cattle/Texas/24-008749-002/2024(H5N1)	803	23296
NS|PP755585.1|A/cattle/Texas/24-008749-002/2024(H5N1)	804	22930
NS|PP755585.1|A/cattle/Texas/24-008749-002/2024(H5N1)	805	22925
NS|PP755585.1|A/cattle/Texas/24-008749-002/2024(H5N1)	806	22901
NS|PP755585.1|A/cattle/Texas/24-008749-002/2024(H5N1)	807	22797
NS|PP755585.1|A/cattle/Texas/24-008749-002/2024(H5N1)	808	22849
NS|PP755585.1|A/cattle/Texas/24-008749-002/2024(H5N1)	809	21503
NS|PP755585.1|A/cattle/Texas/24-008749-002/2024(H5N1)	810	21435
NS|PP755585.1|A/cattle/Texas/24-008749-002/2024(H5N1)	811	21340
NS|PP755585.1|A/cattle/Texas/24-008749-002/2024(H5N1)	812	21314
NS|PP755585.1|A/cattle/Texas/24-008749-002/2024(H5N1)	813	21307
NS|PP755585.1|A/cattle/Texas/24-008749-002/2024(H5N1)	814	21058
NS|PP755585.1|A/cattle/Texas/24-008749-002/2024(H5N1)	815	20901
NS|PP755585.1|A/cattle/Texas/24-008749-002/2024(H5N1)	816	20721
NS|PP755585.1|A/cattle/Texas/24-008749-002/2024(H5N1)	817	19076
NS|PP755585.1|A/cattle/Texas/24-008749-002/2024(H5N1)	818	19059
NS|PP755585.1|A/cattle/Texas/24-008749-002/2024(H5N1)	819	19050
NS|PP755585.1|A/cattle/Texas/24-008749-002/2024(H5N1)	820	18499
NS|PP755585.1|A/cattle/Texas/24-008749-002/2024(H5N1)	821	18493
NS|PP755585.1|A/cattle/Texas/24-008749-002/2024(H5N1)	822	18169
NS|PP755585.1|A/cattle/Texas/24-008749-002/2024(H5N1)	823	18137
NS|PP755585.1|A/cattle/Texas/24-008749-002/2024(H5N1)	824	18043
NS|PP755585.1|A/cattle/Texas/24-008749-002/2024(H5N1)	825	17917
NS|PP755585.1|A/cattle/Texas/24-008749-002/2024(H5N1)	826	17902
NS|PP755585.1|A/cattle/Texas/24-008749-002/2024(H5N1)	827	17882
NS|PP755585.1|A/cattle/Texas/24-008749-002/2024(H5N1)	828	17834
NS|PP755585.1|A/cattle/Texas/24-008749-002/2024(H5N1)	829	17831
NS|PP755585.1|A/cattle/Texas/24-008749-002/2024(H5N1)	830	17607
NS|PP755585.1|A/cattle/Texas/24-008749-002/2024(H5N1)	831	17212
NS|PP755585.1|A/cattle/Texas/24-008749-002/2024(H5N1)	832	17172
NS|PP755585.1|A/cattle/Texas/24-008749-002/2024(H5N1)	833	16898
NS|PP755585.1|A/cattle/Texas/24-008749-002/2024(H5N1)	834	16894
NS|PP755585.1|A/cattle/Texas/24-008749-002/2024(H5N1)	835	16866
NS|PP755585.1|A/cattle/Texas/24-008749-002/2024(H5N1)	836	16820
NS|PP755585.1|A/cattle/Texas/24-008749-002/2024(H5N1)	837	16679
NS|PP755585.1|A/cattle/Texas/24-008749-002/2024(H5N1)	838	16458
