NP|PP755584.1|A/cattle/Texas/24-008749-002/2024(H5N1)	1	3851
NP|PP755584.1|A/cattle/Texas/24-008749-002/2024(H5N1)	2	3863
NP|PP755584.1|A/cattle/Texas/24-008749-002/2024(H5N1)	3	3868
NP|PP755584.1|A/cattle/Texas/24-008749-002/2024(H5N1)	4	3877
NP|PP755584.1|A/cattle/Texas/24-008749-002/2024(H5N1)	5	3885
NP|PP755584.1|A/cattle/Texas/24-008749-002/2024(H5N1)	6	3909
NP|PP755584.1|A/cattle/Texas/24-008749-002/2024(H5N1)	7	4016
NP|PP755584.1|A/cattle/Texas/24-008749-002/2024(H5N1)	8	4029
NP|PP755584.1|A/cattle/Texas/24-008749-002/2024(H5N1)	9	4033
NP|PP755584.1|A/cattle/Texas/24-008749-002/2024(H5N1)	10	4039
NP|PP755584.1|A/cattle/Texas/24-008749-002/2024(H5N1)	11	4043
NP|PP755584.1|A/cattle/Texas/24-008749-002/2024(H5N1)	12	4045
NP|PP755584.1|A/cattle/Texas/24-008749-002/2024(H5N1)	13	4061
NP|PP755584.1|A/cattle/Texas/24-008749-002/2024(H5N1)	14	4174
NP|PP755584.1|A/cattle/Texas/24-008749-002/2024(H5N1)	15	4186
NP|PP755584.1|A/cattle/Texas/24-008749-002/2024(H5N1)	16	4218
NP|PP755584.1|A/cattle/Texas/24-008749-002/2024(H5N1)	17	4246
NP|PP755584.1|A/cattle/Texas/24-008749-002/2024(H5N1)	18	4254
NP|PP755584.1|A/cattle/Texas/24-008749-002/2024(H5N1)	19	4352
NP|PP755584.1|A/cattle/Texas/24-008749-002/2024(H5N1)	20	4357
NP|PP755584.1|A/cattle/Texas/24-008749-002/2024(H5N1)	21	4366
NP|PP755584.1|A/cattle/Texas/24-008749-002/2024(H5N1)	22	4381
NP|PP755584.1|A/cattle/Texas/24-008749-002/2024(H5N1)	23	4381
NP|PP755584.1|A/cattle/Texas/24-008749-002/2024(H5N1)	24	4418
NP|PP755584.1|A/cattle/Texas/24-008749-002/2024(H5N1)	25	4418
NP|PP755584.1|A/cattle/Texas/24-008749-002/2024(H5N1)	26	4498
NP|PP755584.1|A/cattle/Texas/24-008749-002/2024(H5N1)	27	4564
NP|PP755584.1|A/cattle/Texas/24-008749-002/2024(H5N1)	28	4564
NP|PP755584.1|A/cattle/Texas/24-008749-002/2024(H5N1)	29	4570
NP|PP755584.1|A/cattle/Texas/24-008749-002/2024(H5N1)	30	4570
NP|PP755584.1|A/cattle/Texas/24-008749-002/2024(H5N1)	31	4590
NP|PP755584.1|A/cattle/Texas/24-008749-002/2024(H5N1)	32	4599
NP|PP755584.1|A/cattle/Texas/24-008749-002/2024(H5N1)	33	4597
NP|PP755584.1|A/cattle/Texas/24-008749-002/2024(H5N1)	34	4602
NP|PP755584.1|A/cattle/Texas/24-008749-002/2024(H5N1)	35	4627
NP|PP755584.1|A/cattle/Texas/24-008749-002/2024(H5N1)	36	4698
NP|PP755584.1|A/cattle/Texas/24-008749-002/2024(H5N1)	37	4722
NP|PP755584.1|A/cattle/Texas/24-008749-002/2024(H5N1)	38	4726
NP|PP755584.1|A/cattle/Texas/24-008749-002/2024(H5N1)	39	4741
NP|PP755584.1|A/cattle/Texas/24-008749-002/2024(H5N1)	40	4735
NP|PP755584.1|A/cattle/Texas/24-008749-002/2024(H5N1)	41	4740
NP|PP755584.1|A/cattle/Texas/24-008749-002/2024(H5N1)	42	4774
NP|PP755584.1|A/cattle/Texas/24-008749-002/2024(H5N1)	43	4847
NP|PP755584.1|A/cattle/Texas/24-008749-002/2024(H5N1)	44	4969
NP|PP755584.1|A/cattle/Texas/24-008749-002/2024(H5N1)	45	4956
NP|PP755584.1|A/cattle/Texas/24-008749-002/2024(H5N1)	46	4998
NP|PP755584.1|A/cattle/Texas/24-008749-002/2024(H5N1)	47	5004
NP|PP755584.1|A/cattle/Texas/24-008749-002/2024(H5N1)	48	5008
NP|PP755584.1|A/cattle/Texas/24-008749-002/2024(H5N1)	49	5019
NP|PP755584.1|A/cattle/Texas/24-008749-002/2024(H5N1)	50	5029
NP|PP755584.1|A/cattle/Texas/24-008749-002/2024(H5N1)	51	5028
NP|PP755584.1|A/cattle/Texas/24-008749-002/2024(H5N1)	52	5037
NP|PP755584.1|A/cattle/Texas/24-008749-002/2024(H5N1)	53	5052
NP|PP755584.1|A/cattle/Texas/24-008749-002/2024(H5N1)	54	5065
NP|PP755584.1|A/cattle/Texas/24-008749-002/2024(H5N1)	55	5113
NP|PP755584.1|A/cattle/Texas/24-008749-002/2024(H5N1)	56	5115
NP|PP755584.1|A/cattle/Texas/24-008749-002/2024(H5N1)	57	5171
NP|PP755584.1|A/cattle/Texas/24-008749-002/2024(H5N1)	58	5173
NP|PP755584.1|A/cattle/Texas/24-008749-002/2024(H5N1)	59	5170
NP|PP755584.1|A/cattle/Texas/24-008749-002/2024(H5N1)	60	5199
NP|PP755584.1|A/cattle/Texas/24-008749-002/2024(H5N1)	61	5213
NP|PP755584.1|A/cattle/Texas/24-008749-002/2024(H5N1)	62	5249
NP|PP755584.1|A/cattle/Texas/24-008749-002/2024(H5N1)	63	5251
NP|PP755584.1|A/cattle/Texas/24-008749-002/2024(H5N1)	64	5233
NP|PP755584.1|A/cattle/Texas/24-008749-002/2024(H5N1)	65	5262
NP|PP755584.1|A/cattle/Texas/24-008749-002/2024(H5N1)	66	5263
NP|PP755584.1|A/cattle/Texas/24-008749-002/2024(H5N1)	67	5325
NP|PP755584.1|A/cattle/Texas/24-008749-002/2024(H5N1)	68	5328
NP|PP755584.1|A/cattle/Texas/24-008749-002/2024(H5N1)	69	5323
NP|PP755584.1|A/cattle/Texas/24-008749-002/2024(H5N1)	70	5333
NP|PP755584.1|A/cattle/Texas/24-008749-002/2024(H5N1)	71	5328
NP|PP755584.1|A/cattle/Texas/24-008749-002/2024(H5N1)	72	5426
NP|PP755584.1|A/cattle/Texas/24-008749-002/2024(H5N1)	73	5433
NP|PP755584.1|A/cattle/Texas/24-008749-002/2024(H5N1)	74	5433
NP|PP755584.1|A/cattle/Texas/24-008749-002/2024(H5N1)	75	5460
NP|PP755584.1|A/cattle/Texas/24-008749-002/2024(H5N1)	76	5448
NP|PP755584.1|A/cattle/Texas/24-008749-002/2024(H5N1)	77	5496
NP|PP755584.1|A/cattle/Texas/24-008749-002/2024(H5N1)	78	5493
NP|PP755584.1|A/cattle/Texas/24-008749-002/2024(H5N1)	79	5494
NP|PP755584.1|A/cattle/Texas/24-008749-002/2024(H5N1)	80	5517
NP|PP755584.1|A/cattle/Texas/24-008749-002/2024(H5N1)	81	5511
NP|PP755584.1|A/cattle/Texas/24-008749-002/2024(H5N1)	82	5541
NP|PP755584.1|A/cattle/Texas/24-008749-002/2024(H5N1)	83	5573
NP|PP755584.1|A/cattle/Texas/24-008749-002/2024(H5N1)	84	5576
NP|PP755584.1|A/cattle/Texas/24-008749-002/2024(H5N1)	85	5635
NP|PP755584.1|A/cattle/Texas/24-008749-002/2024(H5N1)	86	5628
NP|PP755584.1|A/cattle/Texas/24-008749-002/2024(H5N1)	87	5626
NP|PP755584.1|A/cattle/Texas/24-008749-002/2024(H5N1)	88	5632
NP|PP755584.1|A/cattle/Texas/24-008749-002/2024(H5N1)	89	5695
NP|PP755584.1|A/cattle/Texas/24-008749-002/2024(H5N1)	90	5710
NP|PP755584.1|A/cattle/Texas/24-008749-002/2024(H5N1)	91	5699
NP|PP755584.1|A/cattle/Texas/24-008749-002/2024(H5N1)	92	5701
NP|PP755584.1|A/cattle/Texas/24-008749-002/2024(H5N1)	93	5722
NP|PP755584.1|A/cattle/Texas/24-008749-002/2024(H5N1)	94	5724
NP|PP755584.1|A/cattle/Texas/24-008749-002/2024(H5N1)	95	5720
NP|PP755584.1|A/cattle/Texas/24-008749-002/2024(H5N1)	96	5728
NP|PP755584.1|A/cattle/Texas/24-008749-002/2024(H5N1)	97	5732
NP|PP755584.1|A/cattle/Texas/24-008749-002/2024(H5N1)	98	5721
NP|PP755584.1|A/cattle/Texas/24-008749-002/2024(H5N1)	99	5757
NP|PP755584.1|A/cattle/Texas/24-008749-002/2024(H5N1)	100	5754
NP|PP755584.1|A/cattle/Texas/24-008749-002/2024(H5N1)	101	5759
NP|PP755584.1|A/cattle/Texas/24-008749-002/2024(H5N1)	102	5781
NP|PP755584.1|A/cattle/Texas/24-008749-002/2024(H5N1)	103	5788
NP|PP755584.1|A/cattle/Texas/24-008749-002/2024(H5N1)	104	5801
NP|PP755584.1|A/cattle/Texas/24-008749-002/2024(H5N1)	105	5913
NP|PP755584.1|A/cattle/Texas/24-008749-002/2024(H5N1)	106	5024
NP|PP755584.1|A/cattle/Texas/24-008749-002/2024(H5N1)	107	4795
NP|PP755584.1|A/cattle/Texas/24-008749-002/2024(H5N1)	108	4482
NP|PP755584.1|A/cattle/Texas/24-008749-002/2024(H5N1)	109	4490
NP|PP755584.1|A/cattle/Texas/24-008749-002/2024(H5N1)	110	4642
NP|PP755584.1|A/cattle/Texas/24-008749-002/2024(H5N1)	111	4637
NP|PP755584.1|A/cattle/Texas/24-008749-002/2024(H5N1)	112	4589
NP|PP755584.1|A/cattle/Texas/24-008749-002/2024(H5N1)	113	4590
NP|PP755584.1|A/cattle/Texas/24-008749-002/2024(H5N1)	114	4708
NP|PP755584.1|A/cattle/Texas/24-008749-002/2024(H5N1)	115	4722
NP|PP755584.1|A/cattle/Texas/24-008749-002/2024(H5N1)	116	4764
NP|PP755584.1|A/cattle/Texas/24-008749-002/2024(H5N1)	117	4406
NP|PP755584.1|A/cattle/Texas/24-008749-002/2024(H5N1)	118	4405
NP|PP755584.1|A/cattle/Texas/24-008749-002/2024(H5N1)	119	4723
NP|PP755584.1|A/cattle/Texas/24-008749-002/2024(H5N1)	120	4739
NP|PP755584.1|A/cattle/Texas/24-008749-002/2024(H5N1)	121	4876
NP|PP755584.1|A/cattle/Texas/24-008749-002/2024(H5N1)	122	4729
NP|PP755584.1|A/cattle/Texas/24-008749-002/2024(H5N1)	123	4712
NP|PP755584.1|A/cattle/Texas/24-008749-002/2024(H5N1)	124	4730
NP|PP755584.1|A/cattle/Texas/24-008749-002/2024(H5N1)	125	4700
NP|PP755584.1|A/cattle/Texas/24-008749-002/2024(H5N1)	126	5088
NP|PP755584.1|A/cattle/Texas/24-008749-002/2024(H5N1)	127	5157
NP|PP755584.1|A/cattle/Texas/24-008749-002/2024(H5N1)	128	5131
NP|PP755584.1|A/cattle/Texas/24-008749-002/2024(H5N1)	129	5136
NP|PP755584.1|A/cattle/Texas/24-008749-002/2024(H5N1)	130	5052
NP|PP755584.1|A/cattle/Texas/24-008749-002/2024(H5N1)	131	5109
NP|PP755584.1|A/cattle/Texas/24-008749-002/2024(H5N1)	132	5095
NP|PP755584.1|A/cattle/Texas/24-008749-002/2024(H5N1)	133	5108
NP|PP755584.1|A/cattle/Texas/24-008749-002/2024(H5N1)	134	4982
NP|PP755584.1|A/cattle/Texas/24-008749-002/2024(H5N1)	135	4781
NP|PP755584.1|A/cattle/Texas/24-008749-002/2024(H5N1)	136	4930
NP|PP755584.1|A/cattle/Texas/24-008749-002/2024(H5N1)	137	4937
NP|PP755584.1|A/cattle/Texas/24-008749-002/2024(H5N1)	138	5102
NP|PP755584.1|A/cattle/Texas/24-008749-002/2024(H5N1)	139	5147
NP|PP755584.1|A/cattle/Texas/24-008749-002/2024(H5N1)	140	5129
NP|PP755584.1|A/cattle/Texas/24-008749-002/2024(H5N1)	141	5024
NP|PP755584.1|A/cattle/Texas/24-008749-002/2024(H5N1)	142	5011
NP|PP755584.1|A/cattle/Texas/24-008749-002/2024(H5N1)	143	5012
NP|PP755584.1|A/cattle/Texas/24-008749-002/2024(H5N1)	144	5158
NP|PP755584.1|A/cattle/Texas/24-008749-002/2024(H5N1)	145	5117
NP|PP755584.1|A/cattle/Texas/24-008749-002/2024(H5N1)	146	5106
NP|PP755584.1|A/cattle/Texas/24-008749-002/2024(H5N1)	147	4998
NP|PP755584.1|A/cattle/Texas/24-008749-002/2024(H5N1)	148	4938
NP|PP755584.1|A/cattle/Texas/24-008749-002/2024(H5N1)	149	5001
NP|PP755584.1|A/cattle/Texas/24-008749-002/2024(H5N1)	150	5054
NP|PP755584.1|A/cattle/Texas/24-008749-002/2024(H5N1)	151	5132
NP|PP755584.1|A/cattle/Texas/24-008749-002/2024(H5N1)	152	5208
NP|PP755584.1|A/cattle/Texas/24-008749-002/2024(H5N1)	153	5217
NP|PP755584.1|A/cattle/Texas/24-008749-002/2024(H5N1)	154	5301
NP|PP755584.1|A/cattle/Texas/24-008749-002/2024(H5N1)	155	5311
NP|PP755584.1|A/cattle/Texas/24-008749-002/2024(H5N1)	156	5303
NP|PP755584.1|A/cattle/Texas/24-008749-002/2024(H5N1)	157	5306
NP|PP755584.1|A/cattle/Texas/24-008749-002/2024(H5N1)	158	5325
NP|PP755584.1|A/cattle/Texas/24-008749-002/2024(H5N1)	159	5320
NP|PP755584.1|A/cattle/Texas/24-008749-002/2024(H5N1)	160	5336
NP|PP755584.1|A/cattle/Texas/24-008749-002/2024(H5N1)	161	5341
NP|PP755584.1|A/cattle/Texas/24-008749-002/2024(H5N1)	162	5343
NP|PP755584.1|A/cattle/Texas/24-008749-002/2024(H5N1)	163	5336
NP|PP755584.1|A/cattle/Texas/24-008749-002/2024(H5N1)	164	5362
NP|PP755584.1|A/cattle/Texas/24-008749-002/2024(H5N1)	165	5288
NP|PP755584.1|A/cattle/Texas/24-008749-002/2024(H5N1)	166	5259
NP|PP755584.1|A/cattle/Texas/24-008749-002/2024(H5N1)	167	5235
NP|PP755584.1|A/cattle/Texas/24-008749-002/2024(H5N1)	168	5272
NP|PP755584.1|A/cattle/Texas/24-008749-002/2024(H5N1)	169	5500
NP|PP755584.1|A/cattle/Texas/24-008749-002/2024(H5N1)	170	5427
NP|PP755584.1|A/cattle/Texas/24-008749-002/2024(H5N1)	171	5422
NP|PP755584.1|A/cattle/Texas/24-008749-002/2024(H5N1)	172	5439
NP|PP755584.1|A/cattle/Texas/24-008749-002/2024(H5N1)	173	5424
NP|PP755584.1|A/cattle/Texas/24-008749-002/2024(H5N1)	174	5442
NP|PP755584.1|A/cattle/Texas/24-008749-002/2024(H5N1)	175	5415
NP|PP755584.1|A/cattle/Texas/24-008749-002/2024(H5N1)	176	5415
NP|PP755584.1|A/cattle/Texas/24-008749-002/2024(H5N1)	177	5444
NP|PP755584.1|A/cattle/Texas/24-008749-002/2024(H5N1)	178	5366
NP|PP755584.1|A/cattle/Texas/24-008749-002/2024(H5N1)	179	5464
NP|PP755584.1|A/cattle/Texas/24-008749-002/2024(H5N1)	180	5610
NP|PP755584.1|A/cattle/Texas/24-008749-002/2024(H5N1)	181	5612
NP|PP755584.1|A/cattle/Texas/24-008749-002/2024(H5N1)	182	5611
NP|PP755584.1|A/cattle/Texas/24-008749-002/2024(H5N1)	183	5624
NP|PP755584.1|A/cattle/Texas/24-008749-002/2024(H5N1)	184	5709
NP|PP755584.1|A/cattle/Texas/24-008749-002/2024(H5N1)	185	5848
NP|PP755584.1|A/cattle/Texas/24-008749-002/2024(H5N1)	186	5898
NP|PP755584.1|A/cattle/Texas/24-008749-002/2024(H5N1)	187	5907
NP|PP755584.1|A/cattle/Texas/24-008749-002/2024(H5N1)	188	5895
NP|PP755584.1|A/cattle/Texas/24-008749-002/2024(H5N1)	189	5893
NP|PP755584.1|A/cattle/Texas/24-008749-002/2024(H5N1)	190	5886
NP|PP755584.1|A/cattle/Texas/24-008749-002/2024(H5N1)	191	5900
NP|PP755584.1|A/cattle/Texas/24-008749-002/2024(H5N1)	192	5905
NP|PP755584.1|A/cattle/Texas/24-008749-002/2024(H5N1)	193	5863
NP|PP755584.1|A/cattle/Texas/24-008749-002/2024(H5N1)	194	5876
NP|PP755584.1|A/cattle/Texas/24-008749-002/2024(H5N1)	195	5858
NP|PP755584.1|A/cattle/Texas/24-008749-002/2024(H5N1)	196	5860
NP|PP755584.1|A/cattle/Texas/24-008749-002/2024(H5N1)	197	5824
NP|PP755584.1|A/cattle/Texas/24-008749-002/2024(H5N1)	198	5822
NP|PP755584.1|A/cattle/Texas/24-008749-002/2024(H5N1)	199	5906
NP|PP755584.1|A/cattle/Texas/24-008749-002/2024(H5N1)	200	5895
NP|PP755584.1|A/cattle/Texas/24-008749-002/2024(H5N1)	201	5907
NP|PP755584.1|A/cattle/Texas/24-008749-002/2024(H5N1)	202	5905
NP|PP755584.1|A/cattle/Texas/24-008749-002/2024(H5N1)	203	5926
NP|PP755584.1|A/cattle/Texas/24-008749-002/2024(H5N1)	204	5881
NP|PP755584.1|A/cattle/Texas/24-008749-002/2024(H5N1)	205	5865
NP|PP755584.1|A/cattle/Texas/24-008749-002/2024(H5N1)	206	5867
NP|PP755584.1|A/cattle/Texas/24-008749-002/2024(H5N1)	207	5853
NP|PP755584.1|A/cattle/Texas/24-008749-002/2024(H5N1)	208	5824
NP|PP755584.1|A/cattle/Texas/24-008749-002/2024(H5N1)	209	5847
NP|PP755584.1|A/cattle/Texas/24-008749-002/2024(H5N1)	210	5837
NP|PP755584.1|A/cattle/Texas/24-008749-002/2024(H5N1)	211	5818
NP|PP755584.1|A/cattle/Texas/24-008749-002/2024(H5N1)	212	5826
NP|PP755584.1|A/cattle/Texas/24-008749-002/2024(H5N1)	213	5794
NP|PP755584.1|A/cattle/Texas/24-008749-002/2024(H5N1)	214	5837
NP|PP755584.1|A/cattle/Texas/24-008749-002/2024(H5N1)	215	5836
NP|PP755584.1|A/cattle/Texas/24-008749-002/2024(H5N1)	216	5815
NP|PP755584.1|A/cattle/Texas/24-008749-002/2024(H5N1)	217	5809
NP|PP755584.1|A/cattle/Texas/24-008749-002/2024(H5N1)	218	5766
NP|PP755584.1|A/cattle/Texas/24-008749-002/2024(H5N1)	219	5773
NP|PP755584.1|A/cattle/Texas/24-008749-002/2024(H5N1)	220	5781
NP|PP755584.1|A/cattle/Texas/24-008749-002/2024(H5N1)	221	5781
NP|PP755584.1|A/cattle/Texas/24-008749-002/2024(H5N1)	222	5816
NP|PP755584.1|A/cattle/Texas/24-008749-002/2024(H5N1)	223	5739
NP|PP755584.1|A/cattle/Texas/24-008749-002/2024(H5N1)	224	5734
NP|PP755584.1|A/cattle/Texas/24-008749-002/2024(H5N1)	225	5845
NP|PP755584.1|A/cattle/Texas/24-008749-002/2024(H5N1)	226	5866
NP|PP755584.1|A/cattle/Texas/24-008749-002/2024(H5N1)	227	5906
NP|PP755584.1|A/cattle/Texas/24-008749-002/2024(H5N1)	228	5897
NP|PP755584.1|A/cattle/Texas/24-008749-002/2024(H5N1)	229	5964
NP|PP755584.1|A/cattle/Texas/24-008749-002/2024(H5N1)	230	5983
NP|PP755584.1|A/cattle/Texas/24-008749-002/2024(H5N1)	231	6006
NP|PP755584.1|A/cattle/Texas/24-008749-002/2024(H5N1)	232	6044
NP|PP755584.1|A/cattle/Texas/24-008749-002/2024(H5N1)	233	6064
NP|PP755584.1|A/cattle/Texas/24-008749-002/2024(H5N1)	234	6032
NP|PP755584.1|A/cattle/Texas/24-008749-002/2024(H5N1)	235	5994
NP|PP755584.1|A/cattle/Texas/24-008749-002/2024(H5N1)	236	5986
NP|PP755584.1|A/cattle/Texas/24-008749-002/2024(H5N1)	237	5970
NP|PP755584.1|A/cattle/Texas/24-008749-002/2024(H5N1)	238	5980
NP|PP755584.1|A/cattle/Texas/24-008749-002/2024(H5N1)	239	5964
NP|PP755584.1|A/cattle/Texas/24-008749-002/2024(H5N1)	240	6009
NP|PP755584.1|A/cattle/Texas/24-008749-002/2024(H5N1)	241	6245
NP|PP755584.1|A/cattle/Texas/24-008749-002/2024(H5N1)	242	6268
NP|PP755584.1|A/cattle/Texas/24-008749-002/2024(H5N1)	243	6282
NP|PP755584.1|A/cattle/Texas/24-008749-002/2024(H5N1)	244	6307
NP|PP755584.1|A/cattle/Texas/24-008749-002/2024(H5N1)	245	6301
NP|PP755584.1|A/cattle/Texas/24-008749-002/2024(H5N1)	246	6468
NP|PP755584.1|A/cattle/Texas/24-008749-002/2024(H5N1)	247	6573
NP|PP755584.1|A/cattle/Texas/24-008749-002/2024(H5N1)	248	6576
NP|PP755584.1|A/cattle/Texas/24-008749-002/2024(H5N1)	249	6571
NP|PP755584.1|A/cattle/Texas/24-008749-002/2024(H5N1)	250	6513
NP|PP755584.1|A/cattle/Texas/24-008749-002/2024(H5N1)	251	6708
NP|PP755584.1|A/cattle/Texas/24-008749-002/2024(H5N1)	252	6775
NP|PP755584.1|A/cattle/Texas/24-008749-002/2024(H5N1)	253	6819
NP|PP755584.1|A/cattle/Texas/24-008749-002/2024(H5N1)	254	6899
NP|PP755584.1|A/cattle/Texas/24-008749-002/2024(H5N1)	255	6755
NP|PP755584.1|A/cattle/Texas/24-008749-002/2024(H5N1)	256	6773
NP|PP755584.1|A/cattle/Texas/24-008749-002/2024(H5N1)	257	6781
NP|PP755584.1|A/cattle/Texas/24-008749-002/2024(H5N1)	258	6803
NP|PP755584.1|A/cattle/Texas/24-008749-002/2024(H5N1)	259	6807
NP|PP755584.1|A/cattle/Texas/24-008749-002/2024(H5N1)	260	6617
NP|PP755584.1|A/cattle/Texas/24-008749-002/2024(H5N1)	261	6623
NP|PP755584.1|A/cattle/Texas/24-008749-002/2024(H5N1)	262	6645
NP|PP755584.1|A/cattle/Texas/24-008749-002/2024(H5N1)	263	6758
NP|PP755584.1|A/cattle/Texas/24-008749-002/2024(H5N1)	264	6763
NP|PP755584.1|A/cattle/Texas/24-008749-002/2024(H5N1)	265	6664
NP|PP755584.1|A/cattle/Texas/24-008749-002/2024(H5N1)	266	6619
NP|PP755584.1|A/cattle/Texas/24-008749-002/2024(H5N1)	267	6657
NP|PP755584.1|A/cattle/Texas/24-008749-002/2024(H5N1)	268	6669
NP|PP755584.1|A/cattle/Texas/24-008749-002/2024(H5N1)	269	6668
NP|PP755584.1|A/cattle/Texas/24-008749-002/2024(H5N1)	270	6401
NP|PP755584.1|A/cattle/Texas/24-008749-002/2024(H5N1)	271	6376
NP|PP755584.1|A/cattle/Texas/24-008749-002/2024(H5N1)	272	6251
NP|PP755584.1|A/cattle/Texas/24-008749-002/2024(H5N1)	273	6312
NP|PP755584.1|A/cattle/Texas/24-008749-002/2024(H5N1)	274	6288
NP|PP755584.1|A/cattle/Texas/24-008749-002/2024(H5N1)	275	5826
NP|PP755584.1|A/cattle/Texas/24-008749-002/2024(H5N1)	276	5744
NP|PP755584.1|A/cattle/Texas/24-008749-002/2024(H5N1)	277	5675
NP|PP755584.1|A/cattle/Texas/24-008749-002/2024(H5N1)	278	5720
NP|PP755584.1|A/cattle/Texas/24-008749-002/2024(H5N1)	279	5654
NP|PP755584.1|A/cattle/Texas/24-008749-002/2024(H5N1)	280	5693
NP|PP755584.1|A/cattle/Texas/24-008749-002/2024(H5N1)	281	5733
NP|PP755584.1|A/cattle/Texas/24-008749-002/2024(H5N1)	282	5695
NP|PP755584.1|A/cattle/Texas/24-008749-002/2024(H5N1)	283	5726
NP|PP755584.1|A/cattle/Texas/24-008749-002/2024(H5N1)	284	5699
NP|PP755584.1|A/cattle/Texas/24-008749-002/2024(H5N1)	285	5701
NP|PP755584.1|A/cattle/Texas/24-008749-002/2024(H5N1)	286	5885
NP|PP755584.1|A/cattle/Texas/24-008749-002/2024(H5N1)	287	5811
NP|PP755584.1|A/cattle/Texas/24-008749-002/2024(H5N1)	288	5600
NP|PP755584.1|A/cattle/Texas/24-008749-002/2024(H5N1)	289	5569
NP|PP755584.1|A/cattle/Texas/24-008749-002/2024(H5N1)	290	5538
NP|PP755584.1|A/cattle/Texas/24-008749-002/2024(H5N1)	291	5553
NP|PP755584.1|A/cattle/Texas/24-008749-002/2024(H5N1)	292	5527
NP|PP755584.1|A/cattle/Texas/24-008749-002/2024(H5N1)	293	5637
NP|PP755584.1|A/cattle/Texas/24-008749-002/2024(H5N1)	294	5656
NP|PP755584.1|A/cattle/Texas/24-008749-002/2024(H5N1)	295	5513
NP|PP755584.1|A/cattle/Texas/24-008749-002/2024(H5N1)	296	5549
NP|PP755584.1|A/cattle/Texas/24-008749-002/2024(H5N1)	297	5603
NP|PP755584.1|A/cattle/Texas/24-008749-002/2024(H5N1)	298	5653
NP|PP755584.1|A/cattle/Texas/24-008749-002/2024(H5N1)	299	5669
NP|PP755584.1|A/cattle/Texas/24-008749-002/2024(H5N1)	300	5586
NP|PP755584.1|A/cattle/Texas/24-008749-002/2024(H5N1)	301	5594
NP|PP755584.1|A/cattle/Texas/24-008749-002/2024(H5N1)	302	5630
NP|PP755584.1|A/cattle/Texas/24-008749-002/2024(H5N1)	303	5614
NP|PP755584.1|A/cattle/Texas/24-008749-002/2024(H5N1)	304	5609
NP|PP755584.1|A/cattle/Texas/24-008749-002/2024(H5N1)	305	5546
NP|PP755584.1|A/cattle/Texas/24-008749-002/2024(H5N1)	306	5541
NP|PP755584.1|A/cattle/Texas/24-008749-002/2024(H5N1)	307	5662
NP|PP755584.1|A/cattle/Texas/24-008749-002/2024(H5N1)	308	5653
NP|PP755584.1|A/cattle/Texas/24-008749-002/2024(H5N1)	309	5577
NP|PP755584.1|A/cattle/Texas/24-008749-002/2024(H5N1)	310	5584
NP|PP755584.1|A/cattle/Texas/24-008749-002/2024(H5N1)	311	5640
NP|PP755584.1|A/cattle/Texas/24-008749-002/2024(H5N1)	312	5655
NP|PP755584.1|A/cattle/Texas/24-008749-002/2024(H5N1)	313	5695
NP|PP755584.1|A/cattle/Texas/24-008749-002/2024(H5N1)	314	5699
NP|PP755584.1|A/cattle/Texas/24-008749-002/2024(H5N1)	315	5670
NP|PP755584.1|A/cattle/Texas/24-008749-002/2024(H5N1)	316	5700
NP|PP755584.1|A/cattle/Texas/24-008749-002/2024(H5N1)	317	5707
NP|PP755584.1|A/cattle/Texas/24-008749-002/2024(H5N1)	318	5673
NP|PP755584.1|A/cattle/Texas/24-008749-002/2024(H5N1)	319	5774
NP|PP755584.1|A/cattle/Texas/24-008749-002/2024(H5N1)	320	5647
NP|PP755584.1|A/cattle/Texas/24-008749-002/2024(H5N1)	321	5661
NP|PP755584.1|A/cattle/Texas/24-008749-002/2024(H5N1)	322	5700
NP|PP755584.1|A/cattle/Texas/24-008749-002/2024(H5N1)	323	5682
NP|PP755584.1|A/cattle/Texas/24-008749-002/2024(H5N1)	324	5683
NP|PP755584.1|A/cattle/Texas/24-008749-002/2024(H5N1)	325	5722
NP|PP755584.1|A/cattle/Texas/24-008749-002/2024(H5N1)	326	5756
NP|PP755584.1|A/cattle/Texas/24-008749-002/2024(H5N1)	327	5688
NP|PP755584.1|A/cattle/Texas/24-008749-002/2024(H5N1)	328	5707
NP|PP755584.1|A/cattle/Texas/24-008749-002/2024(H5N1)	329	5591
NP|PP755584.1|A/cattle/Texas/24-008749-002/2024(H5N1)	330	5664
NP|PP755584.1|A/cattle/Texas/24-008749-002/2024(H5N1)	331	5713
NP|PP755584.1|A/cattle/Texas/24-008749-002/2024(H5N1)	332	5753
NP|PP755584.1|A/cattle/Texas/24-008749-002/2024(H5N1)	333	5742
NP|PP755584.1|A/cattle/Texas/24-008749-002/2024(H5N1)	334	5721
NP|PP755584.1|A/cattle/Texas/24-008749-002/2024(H5N1)	335	5759
NP|PP755584.1|A/cattle/Texas/24-008749-002/2024(H5N1)	336	5651
NP|PP755584.1|A/cattle/Texas/24-008749-002/2024(H5N1)	337	5719
NP|PP755584.1|A/cattle/Texas/24-008749-002/2024(H5N1)	338	5714
NP|PP755584.1|A/cattle/Texas/24-008749-002/2024(H5N1)	339	5699
NP|PP755584.1|A/cattle/Texas/24-008749-002/2024(H5N1)	340	5766
NP|PP755584.1|A/cattle/Texas/24-008749-002/2024(H5N1)	341	5825
NP|PP755584.1|A/cattle/Texas/24-008749-002/2024(H5N1)	342	5801
NP|PP755584.1|A/cattle/Texas/24-008749-002/2024(H5N1)	343	5803
NP|PP755584.1|A/cattle/Texas/24-008749-002/2024(H5N1)	344	5727
NP|PP755584.1|A/cattle/Texas/24-008749-002/2024(H5N1)	345	5724
NP|PP755584.1|A/cattle/Texas/24-008749-002/2024(H5N1)	346	5765
NP|PP755584.1|A/cattle/Texas/24-008749-002/2024(H5N1)	347	5835
NP|PP755584.1|A/cattle/Texas/24-008749-002/2024(H5N1)	348	5831
NP|PP755584.1|A/cattle/Texas/24-008749-002/2024(H5N1)	349	5749
NP|PP755584.1|A/cattle/Texas/24-008749-002/2024(H5N1)	350	5768
NP|PP755584.1|A/cattle/Texas/24-008749-002/2024(H5N1)	351	5814
NP|PP755584.1|A/cattle/Texas/24-008749-002/2024(H5N1)	352	5794
NP|PP755584.1|A/cattle/Texas/24-008749-002/2024(H5N1)	353	5798
NP|PP755584.1|A/cattle/Texas/24-008749-002/2024(H5N1)	354	5879
NP|PP755584.1|A/cattle/Texas/24-008749-002/2024(H5N1)	355	5882
NP|PP755584.1|A/cattle/Texas/24-008749-002/2024(H5N1)	356	5895
NP|PP755584.1|A/cattle/Texas/24-008749-002/2024(H5N1)	357	5992
NP|PP755584.1|A/cattle/Texas/24-008749-002/2024(H5N1)	358	5996
NP|PP755584.1|A/cattle/Texas/24-008749-002/2024(H5N1)	359	5953
NP|PP755584.1|A/cattle/Texas/24-008749-002/2024(H5N1)	360	5967
NP|PP755584.1|A/cattle/Texas/24-008749-002/2024(H5N1)	361	5965
NP|PP755584.1|A/cattle/Texas/24-008749-002/2024(H5N1)	362	5962
NP|PP755584.1|A/cattle/Texas/24-008749-002/2024(H5N1)	363	6031
NP|PP755584.1|A/cattle/Texas/24-008749-002/2024(H5N1)	364	6156
NP|PP755584.1|A/cattle/Texas/24-008749-002/2024(H5N1)	365	6158
NP|PP755584.1|A/cattle/Texas/24-008749-002/2024(H5N1)	366	6224
NP|PP755584.1|A/cattle/Texas/24-008749-002/2024(H5N1)	367	6261
NP|PP755584.1|A/cattle/Texas/24-008749-002/2024(H5N1)	368	6275
NP|PP755584.1|A/cattle/Texas/24-008749-002/2024(H5N1)	369	6337
NP|PP755584.1|A/cattle/Texas/24-008749-002/2024(H5N1)	370	6365
NP|PP755584.1|A/cattle/Texas/24-008749-002/2024(H5N1)	371	6429
NP|PP755584.1|A/cattle/Texas/24-008749-002/2024(H5N1)	372	6557
NP|PP755584.1|A/cattle/Texas/24-008749-002/2024(H5N1)	373	6556
NP|PP755584.1|A/cattle/Texas/24-008749-002/2024(H5N1)	374	6978
NP|PP755584.1|A/cattle/Texas/24-008749-002/2024(H5N1)	375	6929
NP|PP755584.1|A/cattle/Texas/24-008749-002/2024(H5N1)	376	6836
NP|PP755584.1|A/cattle/Texas/24-008749-002/2024(H5N1)	377	6838
NP|PP755584.1|A/cattle/Texas/24-008749-002/2024(H5N1)	378	6790
NP|PP755584.1|A/cattle/Texas/24-008749-002/2024(H5N1)	379	6771
NP|PP755584.1|A/cattle/Texas/24-008749-002/2024(H5N1)	380	6682
NP|PP755584.1|A/cattle/Texas/24-008749-002/2024(H5N1)	381	6909
NP|PP755584.1|A/cattle/Texas/24-008749-002/2024(H5N1)	382	6863
NP|PP755584.1|A/cattle/Texas/24-008749-002/2024(H5N1)	383	6949
NP|PP755584.1|A/cattle/Texas/24-008749-002/2024(H5N1)	384	6948
NP|PP755584.1|A/cattle/Texas/24-008749-002/2024(H5N1)	385	6941
NP|PP755584.1|A/cattle/Texas/24-008749-002/2024(H5N1)	386	6954
NP|PP755584.1|A/cattle/Texas/24-008749-002/2024(H5N1)	387	6948
NP|PP755584.1|A/cattle/Texas/24-008749-002/2024(H5N1)	388	6946
NP|PP755584.1|A/cattle/Texas/24-008749-002/2024(H5N1)	389	6983
NP|PP755584.1|A/cattle/Texas/24-008749-002/2024(H5N1)	390	6733
NP|PP755584.1|A/cattle/Texas/24-008749-002/2024(H5N1)	391	6741
NP|PP755584.1|A/cattle/Texas/24-008749-002/2024(H5N1)	392	6695
NP|PP755584.1|A/cattle/Texas/24-008749-002/2024(H5N1)	393	6715
NP|PP755584.1|A/cattle/Texas/24-008749-002/2024(H5N1)	394	6824
NP|PP755584.1|A/cattle/Texas/24-008749-002/2024(H5N1)	395	6842
NP|PP755584.1|A/cattle/Texas/24-008749-002/2024(H5N1)	396	6827
NP|PP755584.1|A/cattle/Texas/24-008749-002/2024(H5N1)	397	6712
NP|PP755584.1|A/cattle/Texas/24-008749-002/2024(H5N1)	398	6582
NP|PP755584.1|A/cattle/Texas/24-008749-002/2024(H5N1)	399	6600
NP|PP755584.1|A/cattle/Texas/24-008749-002/2024(H5N1)	400	6594
NP|PP755584.1|A/cattle/Texas/24-008749-002/2024(H5N1)	401	6434
NP|PP755584.1|A/cattle/Texas/24-008749-002/2024(H5N1)	402	6454
NP|PP755584.1|A/cattle/Texas/24-008749-002/2024(H5N1)	403	6292
NP|PP755584.1|A/cattle/Texas/24-008749-002/2024(H5N1)	404	6287
NP|PP755584.1|A/cattle/Texas/24-008749-002/2024(H5N1)	405	6422
NP|PP755584.1|A/cattle/Texas/24-008749-002/2024(H5N1)	406	6426
NP|PP755584.1|A/cattle/Texas/24-008749-002/2024(H5N1)	407	6430
NP|PP755584.1|A/cattle/Texas/24-008749-002/2024(H5N1)	408	6410
NP|PP755584.1|A/cattle/Texas/24-008749-002/2024(H5N1)	409	6409
NP|PP755584.1|A/cattle/Texas/24-008749-002/2024(H5N1)	410	6408
NP|PP755584.1|A/cattle/Texas/24-008749-002/2024(H5N1)	411	6414
NP|PP755584.1|A/cattle/Texas/24-008749-002/2024(H5N1)	412	6418
NP|PP755584.1|A/cattle/Texas/24-008749-002/2024(H5N1)	413	6496
NP|PP755584.1|A/cattle/Texas/24-008749-002/2024(H5N1)	414	6353
NP|PP755584.1|A/cattle/Texas/24-008749-002/2024(H5N1)	415	6353
NP|PP755584.1|A/cattle/Texas/24-008749-002/2024(H5N1)	416	6325
NP|PP755584.1|A/cattle/Texas/24-008749-002/2024(H5N1)	417	6325
NP|PP755584.1|A/cattle/Texas/24-008749-002/2024(H5N1)	418	6434
NP|PP755584.1|A/cattle/Texas/24-008749-002/2024(H5N1)	419	6445
NP|PP755584.1|A/cattle/Texas/24-008749-002/2024(H5N1)	420	6441
NP|PP755584.1|A/cattle/Texas/24-008749-002/2024(H5N1)	421	6433
NP|PP755584.1|A/cattle/Texas/24-008749-002/2024(H5N1)	422	6428
NP|PP755584.1|A/cattle/Texas/24-008749-002/2024(H5N1)	423	6404
NP|PP755584.1|A/cattle/Texas/24-008749-002/2024(H5N1)	424	6459
NP|PP755584.1|A/cattle/Texas/24-008749-002/2024(H5N1)	425	6492
NP|PP755584.1|A/cattle/Texas/24-008749-002/2024(H5N1)	426	6471
NP|PP755584.1|A/cattle/Texas/24-008749-002/2024(H5N1)	427	6498
NP|PP755584.1|A/cattle/Texas/24-008749-002/2024(H5N1)	428	6453
NP|PP755584.1|A/cattle/Texas/24-008749-002/2024(H5N1)	429	6517
NP|PP755584.1|A/cattle/Texas/24-008749-002/2024(H5N1)	430	6522
NP|PP755584.1|A/cattle/Texas/24-008749-002/2024(H5N1)	431	6484
NP|PP755584.1|A/cattle/Texas/24-008749-002/2024(H5N1)	432	6500
NP|PP755584.1|A/cattle/Texas/24-008749-002/2024(H5N1)	433	6442
NP|PP755584.1|A/cattle/Texas/24-008749-002/2024(H5N1)	434	6461
NP|PP755584.1|A/cattle/Texas/24-008749-002/2024(H5N1)	435	6451
NP|PP755584.1|A/cattle/Texas/24-008749-002/2024(H5N1)	436	6475
NP|PP755584.1|A/cattle/Texas/24-008749-002/2024(H5N1)	437	6460
NP|PP755584.1|A/cattle/Texas/24-008749-002/2024(H5N1)	438	6350
NP|PP755584.1|A/cattle/Texas/24-008749-002/2024(H5N1)	439	6420
NP|PP755584.1|A/cattle/Texas/24-008749-002/2024(H5N1)	440	6415
NP|PP755584.1|A/cattle/Texas/24-008749-002/2024(H5N1)	441	6432
NP|PP755584.1|A/cattle/Texas/24-008749-002/2024(H5N1)	442	6436
NP|PP755584.1|A/cattle/Texas/24-008749-002/2024(H5N1)	443	6375
NP|PP755584.1|A/cattle/Texas/24-008749-002/2024(H5N1)	444	6394
NP|PP755584.1|A/cattle/Texas/24-008749-002/2024(H5N1)	445	6364
NP|PP755584.1|A/cattle/Texas/24-008749-002/2024(H5N1)	446	6240
NP|PP755584.1|A/cattle/Texas/24-008749-002/2024(H5N1)	447	6271
NP|PP755584.1|A/cattle/Texas/24-008749-002/2024(H5N1)	448	6223
NP|PP755584.1|A/cattle/Texas/24-008749-002/2024(H5N1)	449	6363
NP|PP755584.1|A/cattle/Texas/24-008749-002/2024(H5N1)	450	6333
NP|PP755584.1|A/cattle/Texas/24-008749-002/2024(H5N1)	451	6325
NP|PP755584.1|A/cattle/Texas/24-008749-002/2024(H5N1)	452	6347
NP|PP755584.1|A/cattle/Texas/24-008749-002/2024(H5N1)	453	6190
NP|PP755584.1|A/cattle/Texas/24-008749-002/2024(H5N1)	454	6190
NP|PP755584.1|A/cattle/Texas/24-008749-002/2024(H5N1)	455	6230
NP|PP755584.1|A/cattle/Texas/24-008749-002/2024(H5N1)	456	6220
NP|PP755584.1|A/cattle/Texas/24-008749-002/2024(H5N1)	457	6235
NP|PP755584.1|A/cattle/Texas/24-008749-002/2024(H5N1)	458	6135
NP|PP755584.1|A/cattle/Texas/24-008749-002/2024(H5N1)	459	6143
NP|PP755584.1|A/cattle/Texas/24-008749-002/2024(H5N1)	460	6150
NP|PP755584.1|A/cattle/Texas/24-008749-002/2024(H5N1)	461	6121
NP|PP755584.1|A/cattle/Texas/24-008749-002/2024(H5N1)	462	6140
NP|PP755584.1|A/cattle/Texas/24-008749-002/2024(H5N1)	463	6151
NP|PP755584.1|A/cattle/Texas/24-008749-002/2024(H5N1)	464	6085
NP|PP755584.1|A/cattle/Texas/24-008749-002/2024(H5N1)	465	6076
NP|PP755584.1|A/cattle/Texas/24-008749-002/2024(H5N1)	466	6049
NP|PP755584.1|A/cattle/Texas/24-008749-002/2024(H5N1)	467	6066
NP|PP755584.1|A/cattle/Texas/24-008749-002/2024(H5N1)	468	6095
NP|PP755584.1|A/cattle/Texas/24-008749-002/2024(H5N1)	469	6014
NP|PP755584.1|A/cattle/Texas/24-008749-002/2024(H5N1)	470	5914
NP|PP755584.1|A/cattle/Texas/24-008749-002/2024(H5N1)	471	5899
NP|PP755584.1|A/cattle/Texas/24-008749-002/2024(H5N1)	472	5949
NP|PP755584.1|A/cattle/Texas/24-008749-002/2024(H5N1)	473	5995
NP|PP755584.1|A/cattle/Texas/24-008749-002/2024(H5N1)	474	6053
NP|PP755584.1|A/cattle/Texas/24-008749-002/2024(H5N1)	475	6054
NP|PP755584.1|A/cattle/Texas/24-008749-002/2024(H5N1)	476	5998
NP|PP755584.1|A/cattle/Texas/24-008749-002/2024(H5N1)	477	5990
NP|PP755584.1|A/cattle/Texas/24-008749-002/2024(H5N1)	478	6020
NP|PP755584.1|A/cattle/Texas/24-008749-002/2024(H5N1)	479	6155
NP|PP755584.1|A/cattle/Texas/24-008749-002/2024(H5N1)	480	6171
NP|PP755584.1|A/cattle/Texas/24-008749-002/2024(H5N1)	481	6164
NP|PP755584.1|A/cattle/Texas/24-008749-002/2024(H5N1)	482	6104
NP|PP755584.1|A/cattle/Texas/24-008749-002/2024(H5N1)	483	6167
NP|PP755584.1|A/cattle/Texas/24-008749-002/2024(H5N1)	484	6222
NP|PP755584.1|A/cattle/Texas/24-008749-002/2024(H5N1)	485	6254
NP|PP755584.1|A/cattle/Texas/24-008749-002/2024(H5N1)	486	6205
NP|PP755584.1|A/cattle/Texas/24-008749-002/2024(H5N1)	487	6187
NP|PP755584.1|A/cattle/Texas/24-008749-002/2024(H5N1)	488	5925
NP|PP755584.1|A/cattle/Texas/24-008749-002/2024(H5N1)	489	6015
NP|PP755584.1|A/cattle/Texas/24-008749-002/2024(H5N1)	490	5936
NP|PP755584.1|A/cattle/Texas/24-008749-002/2024(H5N1)	491	5926
NP|PP755584.1|A/cattle/Texas/24-008749-002/2024(H5N1)	492	5931
NP|PP755584.1|A/cattle/Texas/24-008749-002/2024(H5N1)	493	5891
NP|PP755584.1|A/cattle/Texas/24-008749-002/2024(H5N1)	494	5954
NP|PP755584.1|A/cattle/Texas/24-008749-002/2024(H5N1)	495	5918
NP|PP755584.1|A/cattle/Texas/24-008749-002/2024(H5N1)	496	6009
NP|PP755584.1|A/cattle/Texas/24-008749-002/2024(H5N1)	497	6010
NP|PP755584.1|A/cattle/Texas/24-008749-002/2024(H5N1)	498	5977
NP|PP755584.1|A/cattle/Texas/24-008749-002/2024(H5N1)	499	6165
NP|PP755584.1|A/cattle/Texas/24-008749-002/2024(H5N1)	500	6147
NP|PP755584.1|A/cattle/Texas/24-008749-002/2024(H5N1)	501	6125
NP|PP755584.1|A/cattle/Texas/24-008749-002/2024(H5N1)	502	6149
NP|PP755584.1|A/cattle/Texas/24-008749-002/2024(H5N1)	503	6085
NP|PP755584.1|A/cattle/Texas/24-008749-002/2024(H5N1)	504	6138
NP|PP755584.1|A/cattle/Texas/24-008749-002/2024(H5N1)	505	6072
NP|PP755584.1|A/cattle/Texas/24-008749-002/2024(H5N1)	506	6315
NP|PP755584.1|A/cattle/Texas/24-008749-002/2024(H5N1)	507	6307
NP|PP755584.1|A/cattle/Texas/24-008749-002/2024(H5N1)	508	6199
NP|PP755584.1|A/cattle/Texas/24-008749-002/2024(H5N1)	509	6205
NP|PP755584.1|A/cattle/Texas/24-008749-002/2024(H5N1)	510	6368
NP|PP755584.1|A/cattle/Texas/24-008749-002/2024(H5N1)	511	6425
NP|PP755584.1|A/cattle/Texas/24-008749-002/2024(H5N1)	512	6443
NP|PP755584.1|A/cattle/Texas/24-008749-002/2024(H5N1)	513	6392
NP|PP755584.1|A/cattle/Texas/24-008749-002/2024(H5N1)	514	6524
NP|PP755584.1|A/cattle/Texas/24-008749-002/2024(H5N1)	515	6365
NP|PP755584.1|A/cattle/Texas/24-008749-002/2024(H5N1)	516	6826
NP|PP755584.1|A/cattle/Texas/24-008749-002/2024(H5N1)	517	6795
NP|PP755584.1|A/cattle/Texas/24-008749-002/2024(H5N1)	518	6773
NP|PP755584.1|A/cattle/Texas/24-008749-002/2024(H5N1)	519	6795
NP|PP755584.1|A/cattle/Texas/24-008749-002/2024(H5N1)	520	6739
NP|PP755584.1|A/cattle/Texas/24-008749-002/2024(H5N1)	521	6736
NP|PP755584.1|A/cattle/Texas/24-008749-002/2024(H5N1)	522	6688
NP|PP755584.1|A/cattle/Texas/24-008749-002/2024(H5N1)	523	6595
NP|PP755584.1|A/cattle/Texas/24-008749-002/2024(H5N1)	524	6594
NP|PP755584.1|A/cattle/Texas/24-008749-002/2024(H5N1)	525	6263
NP|PP755584.1|A/cattle/Texas/24-008749-002/2024(H5N1)	526	6271
NP|PP755584.1|A/cattle/Texas/24-008749-002/2024(H5N1)	527	6259
NP|PP755584.1|A/cattle/Texas/24-008749-002/2024(H5N1)	528	6257
NP|PP755584.1|A/cattle/Texas/24-008749-002/2024(H5N1)	529	6255
NP|PP755584.1|A/cattle/Texas/24-008749-002/2024(H5N1)	530	6269
NP|PP755584.1|A/cattle/Texas/24-008749-002/2024(H5N1)	531	6275
NP|PP755584.1|A/cattle/Texas/24-008749-002/2024(H5N1)	532	6066
NP|PP755584.1|A/cattle/Texas/24-008749-002/2024(H5N1)	533	6102
NP|PP755584.1|A/cattle/Texas/24-008749-002/2024(H5N1)	534	6022
NP|PP755584.1|A/cattle/Texas/24-008749-002/2024(H5N1)	535	6096
NP|PP755584.1|A/cattle/Texas/24-008749-002/2024(H5N1)	536	6088
NP|PP755584.1|A/cattle/Texas/24-008749-002/2024(H5N1)	537	6084
NP|PP755584.1|A/cattle/Texas/24-008749-002/2024(H5N1)	538	6088
NP|PP755584.1|A/cattle/Texas/24-008749-002/2024(H5N1)	539	6101
NP|PP755584.1|A/cattle/Texas/24-008749-002/2024(H5N1)	540	5984
NP|PP755584.1|A/cattle/Texas/24-008749-002/2024(H5N1)	541	5994
NP|PP755584.1|A/cattle/Texas/24-008749-002/2024(H5N1)	542	5982
NP|PP755584.1|A/cattle/Texas/24-008749-002/2024(H5N1)	543	5983
NP|PP755584.1|A/cattle/Texas/24-008749-002/2024(H5N1)	544	5999
NP|PP755584.1|A/cattle/Texas/24-008749-002/2024(H5N1)	545	5893
NP|PP755584.1|A/cattle/Texas/24-008749-002/2024(H5N1)	546	5948
NP|PP755584.1|A/cattle/Texas/24-008749-002/2024(H5N1)	547	6020
NP|PP755584.1|A/cattle/Texas/24-008749-002/2024(H5N1)	548	6142
NP|PP755584.1|A/cattle/Texas/24-008749-002/2024(H5N1)	549	6155
NP|PP755584.1|A/cattle/Texas/24-008749-002/2024(H5N1)	550	6146
NP|PP755584.1|A/cattle/Texas/24-008749-002/2024(H5N1)	551	6145
NP|PP755584.1|A/cattle/Texas/24-008749-002/2024(H5N1)	552	6134
NP|PP755584.1|A/cattle/Texas/24-008749-002/2024(H5N1)	553	6101
NP|PP755584.1|A/cattle/Texas/24-008749-002/2024(H5N1)	554	6334
NP|PP755584.1|A/cattle/Texas/24-008749-002/2024(H5N1)	555	6283
NP|PP755584.1|A/cattle/Texas/24-008749-002/2024(H5N1)	556	6151
NP|PP755584.1|A/cattle/Texas/24-008749-002/2024(H5N1)	557	6179
NP|PP755584.1|A/cattle/Texas/24-008749-002/2024(H5N1)	558	6183
NP|PP755584.1|A/cattle/Texas/24-008749-002/2024(H5N1)	559	6185
NP|PP755584.1|A/cattle/Texas/24-008749-002/2024(H5N1)	560	6399
NP|PP755584.1|A/cattle/Texas/24-008749-002/2024(H5N1)	561	6410
NP|PP755584.1|A/cattle/Texas/24-008749-002/2024(H5N1)	562	6406
NP|PP755584.1|A/cattle/Texas/24-008749-002/2024(H5N1)	563	6395
NP|PP755584.1|A/cattle/Texas/24-008749-002/2024(H5N1)	564	6271
NP|PP755584.1|A/cattle/Texas/24-008749-002/2024(H5N1)	565	6400
NP|PP755584.1|A/cattle/Texas/24-008749-002/2024(H5N1)	566	6424
NP|PP755584.1|A/cattle/Texas/24-008749-002/2024(H5N1)	567	6431
NP|PP755584.1|A/cattle/Texas/24-008749-002/2024(H5N1)	568	6460
NP|PP755584.1|A/cattle/Texas/24-008749-002/2024(H5N1)	569	6297
NP|PP755584.1|A/cattle/Texas/24-008749-002/2024(H5N1)	570	6329
NP|PP755584.1|A/cattle/Texas/24-008749-002/2024(H5N1)	571	6541
NP|PP755584.1|A/cattle/Texas/24-008749-002/2024(H5N1)	572	6533
NP|PP755584.1|A/cattle/Texas/24-008749-002/2024(H5N1)	573	6532
NP|PP755584.1|A/cattle/Texas/24-008749-002/2024(H5N1)	574	6589
NP|PP755584.1|A/cattle/Texas/24-008749-002/2024(H5N1)	575	6553
NP|PP755584.1|A/cattle/Texas/24-008749-002/2024(H5N1)	576	6623
NP|PP755584.1|A/cattle/Texas/24-008749-002/2024(H5N1)	577	6606
NP|PP755584.1|A/cattle/Texas/24-008749-002/2024(H5N1)	578	6578
NP|PP755584.1|A/cattle/Texas/24-008749-002/2024(H5N1)	579	6594
NP|PP755584.1|A/cattle/Texas/24-008749-002/2024(H5N1)	580	6598
NP|PP755584.1|A/cattle/Texas/24-008749-002/2024(H5N1)	581	6645
NP|PP755584.1|A/cattle/Texas/24-008749-002/2024(H5N1)	582	6684
NP|PP755584.1|A/cattle/Texas/24-008749-002/2024(H5N1)	583	6591
NP|PP755584.1|A/cattle/Texas/24-008749-002/2024(H5N1)	584	6592
NP|PP755584.1|A/cattle/Texas/24-008749-002/2024(H5N1)	585	6561
NP|PP755584.1|A/cattle/Texas/24-008749-002/2024(H5N1)	586	6569
NP|PP755584.1|A/cattle/Texas/24-008749-002/2024(H5N1)	587	6537
NP|PP755584.1|A/cattle/Texas/24-008749-002/2024(H5N1)	588	6463
NP|PP755584.1|A/cattle/Texas/24-008749-002/2024(H5N1)	589	6462
NP|PP755584.1|A/cattle/Texas/24-008749-002/2024(H5N1)	590	6399
NP|PP755584.1|A/cattle/Texas/24-008749-002/2024(H5N1)	591	6403
NP|PP755584.1|A/cattle/Texas/24-008749-002/2024(H5N1)	592	6415
NP|PP755584.1|A/cattle/Texas/24-008749-002/2024(H5N1)	593	6462
NP|PP755584.1|A/cattle/Texas/24-008749-002/2024(H5N1)	594	6463
NP|PP755584.1|A/cattle/Texas/24-008749-002/2024(H5N1)	595	6369
NP|PP755584.1|A/cattle/Texas/24-008749-002/2024(H5N1)	596	6369
NP|PP755584.1|A/cattle/Texas/24-008749-002/2024(H5N1)	597	6329
NP|PP755584.1|A/cattle/Texas/24-008749-002/2024(H5N1)	598	6301
NP|PP755584.1|A/cattle/Texas/24-008749-002/2024(H5N1)	599	6405
NP|PP755584.1|A/cattle/Texas/24-008749-002/2024(H5N1)	600	6294
NP|PP755584.1|A/cattle/Texas/24-008749-002/2024(H5N1)	601	6299
NP|PP755584.1|A/cattle/Texas/24-008749-002/2024(H5N1)	602	6276
NP|PP755584.1|A/cattle/Texas/24-008749-002/2024(H5N1)	603	6251
NP|PP755584.1|A/cattle/Texas/24-008749-002/2024(H5N1)	604	6253
NP|PP755584.1|A/cattle/Texas/24-008749-002/2024(H5N1)	605	6272
NP|PP755584.1|A/cattle/Texas/24-008749-002/2024(H5N1)	606	6220
NP|PP755584.1|A/cattle/Texas/24-008749-002/2024(H5N1)	607	6223
NP|PP755584.1|A/cattle/Texas/24-008749-002/2024(H5N1)	608	6193
NP|PP755584.1|A/cattle/Texas/24-008749-002/2024(H5N1)	609	6183
NP|PP755584.1|A/cattle/Texas/24-008749-002/2024(H5N1)	610	6094
NP|PP755584.1|A/cattle/Texas/24-008749-002/2024(H5N1)	611	6094
NP|PP755584.1|A/cattle/Texas/24-008749-002/2024(H5N1)	612	6124
NP|PP755584.1|A/cattle/Texas/24-008749-002/2024(H5N1)	613	6111
NP|PP755584.1|A/cattle/Texas/24-008749-002/2024(H5N1)	614	6103
NP|PP755584.1|A/cattle/Texas/24-008749-002/2024(H5N1)	615	6198
NP|PP755584.1|A/cattle/Texas/24-008749-002/2024(H5N1)	616	6192
NP|PP755584.1|A/cattle/Texas/24-008749-002/2024(H5N1)	617	6195
NP|PP755584.1|A/cattle/Texas/24-008749-002/2024(H5N1)	618	6100
NP|PP755584.1|A/cattle/Texas/24-008749-002/2024(H5N1)	619	6094
NP|PP755584.1|A/cattle/Texas/24-008749-002/2024(H5N1)	620	6096
NP|PP755584.1|A/cattle/Texas/24-008749-002/2024(H5N1)	621	6092
NP|PP755584.1|A/cattle/Texas/24-008749-002/2024(H5N1)	622	6118
NP|PP755584.1|A/cattle/Texas/24-008749-002/2024(H5N1)	623	6065
NP|PP755584.1|A/cattle/Texas/24-008749-002/2024(H5N1)	624	5959
NP|PP755584.1|A/cattle/Texas/24-008749-002/2024(H5N1)	625	6073
NP|PP755584.1|A/cattle/Texas/24-008749-002/2024(H5N1)	626	6074
NP|PP755584.1|A/cattle/Texas/24-008749-002/2024(H5N1)	627	6113
NP|PP755584.1|A/cattle/Texas/24-008749-002/2024(H5N1)	628	6091
NP|PP755584.1|A/cattle/Texas/24-008749-002/2024(H5N1)	629	6049
NP|PP755584.1|A/cattle/Texas/24-008749-002/2024(H5N1)	630	5800
NP|PP755584.1|A/cattle/Texas/24-008749-002/2024(H5N1)	631	5810
NP|PP755584.1|A/cattle/Texas/24-008749-002/2024(H5N1)	632	5741
NP|PP755584.1|A/cattle/Texas/24-008749-002/2024(H5N1)	633	5746
NP|PP755584.1|A/cattle/Texas/24-008749-002/2024(H5N1)	634	5629
NP|PP755584.1|A/cattle/Texas/24-008749-002/2024(H5N1)	635	5577
NP|PP755584.1|A/cattle/Texas/24-008749-002/2024(H5N1)	636	5569
NP|PP755584.1|A/cattle/Texas/24-008749-002/2024(H5N1)	637	5542
NP|PP755584.1|A/cattle/Texas/24-008749-002/2024(H5N1)	638	5542
NP|PP755584.1|A/cattle/Texas/24-008749-002/2024(H5N1)	639	5578
NP|PP755584.1|A/cattle/Texas/24-008749-002/2024(H5N1)	640	5476
NP|PP755584.1|A/cattle/Texas/24-008749-002/2024(H5N1)	641	5624
NP|PP755584.1|A/cattle/Texas/24-008749-002/2024(H5N1)	642	5759
NP|PP755584.1|A/cattle/Texas/24-008749-002/2024(H5N1)	643	5770
NP|PP755584.1|A/cattle/Texas/24-008749-002/2024(H5N1)	644	5699
NP|PP755584.1|A/cattle/Texas/24-008749-002/2024(H5N1)	645	5695
NP|PP755584.1|A/cattle/Texas/24-008749-002/2024(H5N1)	646	5680
NP|PP755584.1|A/cattle/Texas/24-008749-002/2024(H5N1)	647	5656
NP|PP755584.1|A/cattle/Texas/24-008749-002/2024(H5N1)	648	5861
NP|PP755584.1|A/cattle/Texas/24-008749-002/2024(H5N1)	649	5817
NP|PP755584.1|A/cattle/Texas/24-008749-002/2024(H5N1)	650	5717
NP|PP755584.1|A/cattle/Texas/24-008749-002/2024(H5N1)	651	5772
NP|PP755584.1|A/cattle/Texas/24-008749-002/2024(H5N1)	652	5979
NP|PP755584.1|A/cattle/Texas/24-008749-002/2024(H5N1)	653	6021
NP|PP755584.1|A/cattle/Texas/24-008749-002/2024(H5N1)	654	5946
NP|PP755584.1|A/cattle/Texas/24-008749-002/2024(H5N1)	655	5937
NP|PP755584.1|A/cattle/Texas/24-008749-002/2024(H5N1)	656	5960
NP|PP755584.1|A/cattle/Texas/24-008749-002/2024(H5N1)	657	5782
NP|PP755584.1|A/cattle/Texas/24-008749-002/2024(H5N1)	658	5786
NP|PP755584.1|A/cattle/Texas/24-008749-002/2024(H5N1)	659	5849
NP|PP755584.1|A/cattle/Texas/24-008749-002/2024(H5N1)	660	5848
NP|PP755584.1|A/cattle/Texas/24-008749-002/2024(H5N1)	661	5670
NP|PP755584.1|A/cattle/Texas/24-008749-002/2024(H5N1)	662	5636
NP|PP755584.1|A/cattle/Texas/24-008749-002/2024(H5N1)	663	5718
NP|PP755584.1|A/cattle/Texas/24-008749-002/2024(H5N1)	664	5784
NP|PP755584.1|A/cattle/Texas/24-008749-002/2024(H5N1)	665	5631
NP|PP755584.1|A/cattle/Texas/24-008749-002/2024(H5N1)	666	5719
NP|PP755584.1|A/cattle/Texas/24-008749-002/2024(H5N1)	667	5268
NP|PP755584.1|A/cattle/Texas/24-008749-002/2024(H5N1)	668	5268
NP|PP755584.1|A/cattle/Texas/24-008749-002/2024(H5N1)	669	5353
NP|PP755584.1|A/cattle/Texas/24-008749-002/2024(H5N1)	670	5346
NP|PP755584.1|A/cattle/Texas/24-008749-002/2024(H5N1)	671	5339
NP|PP755584.1|A/cattle/Texas/24-008749-002/2024(H5N1)	672	5472
NP|PP755584.1|A/cattle/Texas/24-008749-002/2024(H5N1)	673	5440
NP|PP755584.1|A/cattle/Texas/24-008749-002/2024(H5N1)	674	5452
NP|PP755584.1|A/cattle/Texas/24-008749-002/2024(H5N1)	675	5331
NP|PP755584.1|A/cattle/Texas/24-008749-002/2024(H5N1)	676	5383
NP|PP755584.1|A/cattle/Texas/24-008749-002/2024(H5N1)	677	5418
NP|PP755584.1|A/cattle/Texas/24-008749-002/2024(H5N1)	678	5426
NP|PP755584.1|A/cattle/Texas/24-008749-002/2024(H5N1)	679	5428
NP|PP755584.1|A/cattle/Texas/24-008749-002/2024(H5N1)	680	5430
NP|PP755584.1|A/cattle/Texas/24-008749-002/2024(H5N1)	681	5420
NP|PP755584.1|A/cattle/Texas/24-008749-002/2024(H5N1)	682	5448
NP|PP755584.1|A/cattle/Texas/24-008749-002/2024(H5N1)	683	5473
NP|PP755584.1|A/cattle/Texas/24-008749-002/2024(H5N1)	684	5405
NP|PP755584.1|A/cattle/Texas/24-008749-002/2024(H5N1)	685	5406
NP|PP755584.1|A/cattle/Texas/24-008749-002/2024(H5N1)	686	5338
NP|PP755584.1|A/cattle/Texas/24-008749-002/2024(H5N1)	687	5521
NP|PP755584.1|A/cattle/Texas/24-008749-002/2024(H5N1)	688	5553
NP|PP755584.1|A/cattle/Texas/24-008749-002/2024(H5N1)	689	5546
NP|PP755584.1|A/cattle/Texas/24-008749-002/2024(H5N1)	690	5570
NP|PP755584.1|A/cattle/Texas/24-008749-002/2024(H5N1)	691	5553
NP|PP755584.1|A/cattle/Texas/24-008749-002/2024(H5N1)	692	5559
NP|PP755584.1|A/cattle/Texas/24-008749-002/2024(H5N1)	693	5573
NP|PP755584.1|A/cattle/Texas/24-008749-002/2024(H5N1)	694	5571
NP|PP755584.1|A/cattle/Texas/24-008749-002/2024(H5N1)	695	5629
NP|PP755584.1|A/cattle/Texas/24-008749-002/2024(H5N1)	696	5442
NP|PP755584.1|A/cattle/Texas/24-008749-002/2024(H5N1)	697	5448
NP|PP755584.1|A/cattle/Texas/24-008749-002/2024(H5N1)	698	5498
NP|PP755584.1|A/cattle/Texas/24-008749-002/2024(H5N1)	699	5477
NP|PP755584.1|A/cattle/Texas/24-008749-002/2024(H5N1)	700	5506
NP|PP755584.1|A/cattle/Texas/24-008749-002/2024(H5N1)	701	5543
NP|PP755584.1|A/cattle/Texas/24-008749-002/2024(H5N1)	702	5549
NP|PP755584.1|A/cattle/Texas/24-008749-002/2024(H5N1)	703	5716
NP|PP755584.1|A/cattle/Texas/24-008749-002/2024(H5N1)	704	5578
NP|PP755584.1|A/cattle/Texas/24-008749-002/2024(H5N1)	705	5459
NP|PP755584.1|A/cattle/Texas/24-008749-002/2024(H5N1)	706	5405
NP|PP755584.1|A/cattle/Texas/24-008749-002/2024(H5N1)	707	5469
NP|PP755584.1|A/cattle/Texas/24-008749-002/2024(H5N1)	708	5478
NP|PP755584.1|A/cattle/Texas/24-008749-002/2024(H5N1)	709	5607
NP|PP755584.1|A/cattle/Texas/24-008749-002/2024(H5N1)	710	5643
NP|PP755584.1|A/cattle/Texas/24-008749-002/2024(H5N1)	711	5640
NP|PP755584.1|A/cattle/Texas/24-008749-002/2024(H5N1)	712	5956
NP|PP755584.1|A/cattle/Texas/24-008749-002/2024(H5N1)	713	5997
NP|PP755584.1|A/cattle/Texas/24-008749-002/2024(H5N1)	714	5979
NP|PP755584.1|A/cattle/Texas/24-008749-002/2024(H5N1)	715	6004
NP|PP755584.1|A/cattle/Texas/24-008749-002/2024(H5N1)	716	5877
NP|PP755584.1|A/cattle/Texas/24-008749-002/2024(H5N1)	717	5848
NP|PP755584.1|A/cattle/Texas/24-008749-002/2024(H5N1)	718	5941
NP|PP755584.1|A/cattle/Texas/24-008749-002/2024(H5N1)	719	5942
NP|PP755584.1|A/cattle/Texas/24-008749-002/2024(H5N1)	720	6122
NP|PP755584.1|A/cattle/Texas/24-008749-002/2024(H5N1)	721	5831
NP|PP755584.1|A/cattle/Texas/24-008749-002/2024(H5N1)	722	5890
NP|PP755584.1|A/cattle/Texas/24-008749-002/2024(H5N1)	723	5958
NP|PP755584.1|A/cattle/Texas/24-008749-002/2024(H5N1)	724	5974
NP|PP755584.1|A/cattle/Texas/24-008749-002/2024(H5N1)	725	5888
NP|PP755584.1|A/cattle/Texas/24-008749-002/2024(H5N1)	726	5884
NP|PP755584.1|A/cattle/Texas/24-008749-002/2024(H5N1)	727	5790
NP|PP755584.1|A/cattle/Texas/24-008749-002/2024(H5N1)	728	5820
NP|PP755584.1|A/cattle/Texas/24-008749-002/2024(H5N1)	729	5902
NP|PP755584.1|A/cattle/Texas/24-008749-002/2024(H5N1)	730	5881
NP|PP755584.1|A/cattle/Texas/24-008749-002/2024(H5N1)	731	5834
NP|PP755584.1|A/cattle/Texas/24-008749-002/2024(H5N1)	732	5797
NP|PP755584.1|A/cattle/Texas/24-008749-002/2024(H5N1)	733	5770
NP|PP755584.1|A/cattle/Texas/24-008749-002/2024(H5N1)	734	5791
NP|PP755584.1|A/cattle/Texas/24-008749-002/2024(H5N1)	735	5828
NP|PP755584.1|A/cattle/Texas/24-008749-002/2024(H5N1)	736	5838
NP|PP755584.1|A/cattle/Texas/24-008749-002/2024(H5N1)	737	5825
NP|PP755584.1|A/cattle/Texas/24-008749-002/2024(H5N1)	738	5827
NP|PP755584.1|A/cattle/Texas/24-008749-002/2024(H5N1)	739	5870
NP|PP755584.1|A/cattle/Texas/24-008749-002/2024(H5N1)	740	6097
NP|PP755584.1|A/cattle/Texas/24-008749-002/2024(H5N1)	741	6124
NP|PP755584.1|A/cattle/Texas/24-008749-002/2024(H5N1)	742	6122
NP|PP755584.1|A/cattle/Texas/24-008749-002/2024(H5N1)	743	6092
NP|PP755584.1|A/cattle/Texas/24-008749-002/2024(H5N1)	744	6042
NP|PP755584.1|A/cattle/Texas/24-008749-002/2024(H5N1)	745	6052
NP|PP755584.1|A/cattle/Texas/24-008749-002/2024(H5N1)	746	6075
NP|PP755584.1|A/cattle/Texas/24-008749-002/2024(H5N1)	747	6101
NP|PP755584.1|A/cattle/Texas/24-008749-002/2024(H5N1)	748	6127
NP|PP755584.1|A/cattle/Texas/24-008749-002/2024(H5N1)	749	6079
NP|PP755584.1|A/cattle/Texas/24-008749-002/2024(H5N1)	750	6037
NP|PP755584.1|A/cattle/Texas/24-008749-002/2024(H5N1)	751	6026
NP|PP755584.1|A/cattle/Texas/24-008749-002/2024(H5N1)	752	6085
NP|PP755584.1|A/cattle/Texas/24-008749-002/2024(H5N1)	753	6078
NP|PP755584.1|A/cattle/Texas/24-008749-002/2024(H5N1)	754	6083
NP|PP755584.1|A/cattle/Texas/24-008749-002/2024(H5N1)	755	6086
NP|PP755584.1|A/cattle/Texas/24-008749-002/2024(H5N1)	756	6069
NP|PP755584.1|A/cattle/Texas/24-008749-002/2024(H5N1)	757	6162
NP|PP755584.1|A/cattle/Texas/24-008749-002/2024(H5N1)	758	6197
NP|PP755584.1|A/cattle/Texas/24-008749-002/2024(H5N1)	759	6182
NP|PP755584.1|A/cattle/Texas/24-008749-002/2024(H5N1)	760	6184
NP|PP755584.1|A/cattle/Texas/24-008749-002/2024(H5N1)	761	6185
NP|PP755584.1|A/cattle/Texas/24-008749-002/2024(H5N1)	762	6187
NP|PP755584.1|A/cattle/Texas/24-008749-002/2024(H5N1)	763	6211
NP|PP755584.1|A/cattle/Texas/24-008749-002/2024(H5N1)	764	6307
NP|PP755584.1|A/cattle/Texas/24-008749-002/2024(H5N1)	765	6308
NP|PP755584.1|A/cattle/Texas/24-008749-002/2024(H5N1)	766	6278
NP|PP755584.1|A/cattle/Texas/24-008749-002/2024(H5N1)	767	6274
NP|PP755584.1|A/cattle/Texas/24-008749-002/2024(H5N1)	768	6317
NP|PP755584.1|A/cattle/Texas/24-008749-002/2024(H5N1)	769	6317
NP|PP755584.1|A/cattle/Texas/24-008749-002/2024(H5N1)	770	6318
NP|PP755584.1|A/cattle/Texas/24-008749-002/2024(H5N1)	771	6318
NP|PP755584.1|A/cattle/Texas/24-008749-002/2024(H5N1)	772	6269
NP|PP755584.1|A/cattle/Texas/24-008749-002/2024(H5N1)	773	6274
NP|PP755584.1|A/cattle/Texas/24-008749-002/2024(H5N1)	774	6260
NP|PP755584.1|A/cattle/Texas/24-008749-002/2024(H5N1)	775	6150
NP|PP755584.1|A/cattle/Texas/24-008749-002/2024(H5N1)	776	6158
NP|PP755584.1|A/cattle/Texas/24-008749-002/2024(H5N1)	777	6413
NP|PP755584.1|A/cattle/Texas/24-008749-002/2024(H5N1)	778	6412
NP|PP755584.1|A/cattle/Texas/24-008749-002/2024(H5N1)	779	6417
NP|PP755584.1|A/cattle/Texas/24-008749-002/2024(H5N1)	780	6419
NP|PP755584.1|A/cattle/Texas/24-008749-002/2024(H5N1)	781	6442
NP|PP755584.1|A/cattle/Texas/24-008749-002/2024(H5N1)	782	6520
NP|PP755584.1|A/cattle/Texas/24-008749-002/2024(H5N1)	783	6585
NP|PP755584.1|A/cattle/Texas/24-008749-002/2024(H5N1)	784	6588
NP|PP755584.1|A/cattle/Texas/24-008749-002/2024(H5N1)	785	6577
NP|PP755584.1|A/cattle/Texas/24-008749-002/2024(H5N1)	786	6549
NP|PP755584.1|A/cattle/Texas/24-008749-002/2024(H5N1)	787	6719
NP|PP755584.1|A/cattle/Texas/24-008749-002/2024(H5N1)	788	6785
NP|PP755584.1|A/cattle/Texas/24-008749-002/2024(H5N1)	789	6809
NP|PP755584.1|A/cattle/Texas/24-008749-002/2024(H5N1)	790	6729
NP|PP755584.1|A/cattle/Texas/24-008749-002/2024(H5N1)	791	6593
NP|PP755584.1|A/cattle/Texas/24-008749-002/2024(H5N1)	792	6674
NP|PP755584.1|A/cattle/Texas/24-008749-002/2024(H5N1)	793	6720
NP|PP755584.1|A/cattle/Texas/24-008749-002/2024(H5N1)	794	6749
NP|PP755584.1|A/cattle/Texas/24-008749-002/2024(H5N1)	795	6747
NP|PP755584.1|A/cattle/Texas/24-008749-002/2024(H5N1)	796	6562
NP|PP755584.1|A/cattle/Texas/24-008749-002/2024(H5N1)	797	6425
NP|PP755584.1|A/cattle/Texas/24-008749-002/2024(H5N1)	798	6479
NP|PP755584.1|A/cattle/Texas/24-008749-002/2024(H5N1)	799	6465
NP|PP755584.1|A/cattle/Texas/24-008749-002/2024(H5N1)	800	6516
NP|PP755584.1|A/cattle/Texas/24-008749-002/2024(H5N1)	801	6434
NP|PP755584.1|A/cattle/Texas/24-008749-002/2024(H5N1)	802	6322
NP|PP755584.1|A/cattle/Texas/24-008749-002/2024(H5N1)	803	6188
NP|PP755584.1|A/cattle/Texas/24-008749-002/2024(H5N1)	804	6352
NP|PP755584.1|A/cattle/Texas/24-008749-002/2024(H5N1)	805	6340
NP|PP755584.1|A/cattle/Texas/24-008749-002/2024(H5N1)	806	6320
NP|PP755584.1|A/cattle/Texas/24-008749-002/2024(H5N1)	807	6269
NP|PP755584.1|A/cattle/Texas/24-008749-002/2024(H5N1)	808	6264
NP|PP755584.1|A/cattle/Texas/24-008749-002/2024(H5N1)	809	6214
NP|PP755584.1|A/cattle/Texas/24-008749-002/2024(H5N1)	810	6209
NP|PP755584.1|A/cattle/Texas/24-008749-002/2024(H5N1)	811	6371
NP|PP755584.1|A/cattle/Texas/24-008749-002/2024(H5N1)	812	6262
NP|PP755584.1|A/cattle/Texas/24-008749-002/2024(H5N1)	813	6264
NP|PP755584.1|A/cattle/Texas/24-008749-002/2024(H5N1)	814	6372
NP|PP755584.1|A/cattle/Texas/24-008749-002/2024(H5N1)	815	6877
NP|PP755584.1|A/cattle/Texas/24-008749-002/2024(H5N1)	816	6891
NP|PP755584.1|A/cattle/Texas/24-008749-002/2024(H5N1)	817	6790
NP|PP755584.1|A/cattle/Texas/24-008749-002/2024(H5N1)	818	6832
NP|PP755584.1|A/cattle/Texas/24-008749-002/2024(H5N1)	819	6877
NP|PP755584.1|A/cattle/Texas/24-008749-002/2024(H5N1)	820	6794
NP|PP755584.1|A/cattle/Texas/24-008749-002/2024(H5N1)	821	6776
NP|PP755584.1|A/cattle/Texas/24-008749-002/2024(H5N1)	822	6703
NP|PP755584.1|A/cattle/Texas/24-008749-002/2024(H5N1)	823	6521
NP|PP755584.1|A/cattle/Texas/24-008749-002/2024(H5N1)	824	6551
NP|PP755584.1|A/cattle/Texas/24-008749-002/2024(H5N1)	825	6547
NP|PP755584.1|A/cattle/Texas/24-008749-002/2024(H5N1)	826	6579
NP|PP755584.1|A/cattle/Texas/24-008749-002/2024(H5N1)	827	6522
NP|PP755584.1|A/cattle/Texas/24-008749-002/2024(H5N1)	828	6492
NP|PP755584.1|A/cattle/Texas/24-008749-002/2024(H5N1)	829	6518
NP|PP755584.1|A/cattle/Texas/24-008749-002/2024(H5N1)	830	6502
NP|PP755584.1|A/cattle/Texas/24-008749-002/2024(H5N1)	831	6456
NP|PP755584.1|A/cattle/Texas/24-008749-002/2024(H5N1)	832	6479
NP|PP755584.1|A/cattle/Texas/24-008749-002/2024(H5N1)	833	6458
NP|PP755584.1|A/cattle/Texas/24-008749-002/2024(H5N1)	834	6466
NP|PP755584.1|A/cattle/Texas/24-008749-002/2024(H5N1)	835	6454
NP|PP755584.1|A/cattle/Texas/24-008749-002/2024(H5N1)	836	6457
NP|PP755584.1|A/cattle/Texas/24-008749-002/2024(H5N1)	837	6285
NP|PP755584.1|A/cattle/Texas/24-008749-002/2024(H5N1)	838	6298
NP|PP755584.1|A/cattle/Texas/24-008749-002/2024(H5N1)	839	6405
NP|PP755584.1|A/cattle/Texas/24-008749-002/2024(H5N1)	840	6440
NP|PP755584.1|A/cattle/Texas/24-008749-002/2024(H5N1)	841	6420
NP|PP755584.1|A/cattle/Texas/24-008749-002/2024(H5N1)	842	6674
NP|PP755584.1|A/cattle/Texas/24-008749-002/2024(H5N1)	843	6687
NP|PP755584.1|A/cattle/Texas/24-008749-002/2024(H5N1)	844	6676
NP|PP755584.1|A/cattle/Texas/24-008749-002/2024(H5N1)	845	6854
NP|PP755584.1|A/cattle/Texas/24-008749-002/2024(H5N1)	846	6767
NP|PP755584.1|A/cattle/Texas/24-008749-002/2024(H5N1)	847	6921
NP|PP755584.1|A/cattle/Texas/24-008749-002/2024(H5N1)	848	6836
NP|PP755584.1|A/cattle/Texas/24-008749-002/2024(H5N1)	849	6835
NP|PP755584.1|A/cattle/Texas/24-008749-002/2024(H5N1)	850	7185
NP|PP755584.1|A/cattle/Texas/24-008749-002/2024(H5N1)	851	7146
NP|PP755584.1|A/cattle/Texas/24-008749-002/2024(H5N1)	852	7226
NP|PP755584.1|A/cattle/Texas/24-008749-002/2024(H5N1)	853	7230
NP|PP755584.1|A/cattle/Texas/24-008749-002/2024(H5N1)	854	7087
NP|PP755584.1|A/cattle/Texas/24-008749-002/2024(H5N1)	855	7147
NP|PP755584.1|A/cattle/Texas/24-008749-002/2024(H5N1)	856	7154
NP|PP755584.1|A/cattle/Texas/24-008749-002/2024(H5N1)	857	7149
NP|PP755584.1|A/cattle/Texas/24-008749-002/2024(H5N1)	858	7140
NP|PP755584.1|A/cattle/Texas/24-008749-002/2024(H5N1)	859	6742
NP|PP755584.1|A/cattle/Texas/24-008749-002/2024(H5N1)	860	6780
NP|PP755584.1|A/cattle/Texas/24-008749-002/2024(H5N1)	861	6831
NP|PP755584.1|A/cattle/Texas/24-008749-002/2024(H5N1)	862	7030
NP|PP755584.1|A/cattle/Texas/24-008749-002/2024(H5N1)	863	6822
NP|PP755584.1|A/cattle/Texas/24-008749-002/2024(H5N1)	864	6752
NP|PP755584.1|A/cattle/Texas/24-008749-002/2024(H5N1)	865	6746
NP|PP755584.1|A/cattle/Texas/24-008749-002/2024(H5N1)	866	6738
NP|PP755584.1|A/cattle/Texas/24-008749-002/2024(H5N1)	867	6785
NP|PP755584.1|A/cattle/Texas/24-008749-002/2024(H5N1)	868	6783
NP|PP755584.1|A/cattle/Texas/24-008749-002/2024(H5N1)	869	6694
NP|PP755584.1|A/cattle/Texas/24-008749-002/2024(H5N1)	870	6768
NP|PP755584.1|A/cattle/Texas/24-008749-002/2024(H5N1)	871	6570
NP|PP755584.1|A/cattle/Texas/24-008749-002/2024(H5N1)	872	6582
NP|PP755584.1|A/cattle/Texas/24-008749-002/2024(H5N1)	873	6525
NP|PP755584.1|A/cattle/Texas/24-008749-002/2024(H5N1)	874	6468
NP|PP755584.1|A/cattle/Texas/24-008749-002/2024(H5N1)	875	6488
NP|PP755584.1|A/cattle/Texas/24-008749-002/2024(H5N1)	876	6511
NP|PP755584.1|A/cattle/Texas/24-008749-002/2024(H5N1)	877	6508
NP|PP755584.1|A/cattle/Texas/24-008749-002/2024(H5N1)	878	6526
NP|PP755584.1|A/cattle/Texas/24-008749-002/2024(H5N1)	879	6493
NP|PP755584.1|A/cattle/Texas/24-008749-002/2024(H5N1)	880	6594
NP|PP755584.1|A/cattle/Texas/24-008749-002/2024(H5N1)	881	6585
NP|PP755584.1|A/cattle/Texas/24-008749-002/2024(H5N1)	882	6734
NP|PP755584.1|A/cattle/Texas/24-008749-002/2024(H5N1)	883	6753
NP|PP755584.1|A/cattle/Texas/24-008749-002/2024(H5N1)	884	6748
NP|PP755584.1|A/cattle/Texas/24-008749-002/2024(H5N1)	885	6835
NP|PP755584.1|A/cattle/Texas/24-008749-002/2024(H5N1)	886	6821
NP|PP755584.1|A/cattle/Texas/24-008749-002/2024(H5N1)	887	6841
NP|PP755584.1|A/cattle/Texas/24-008749-002/2024(H5N1)	888	6855
NP|PP755584.1|A/cattle/Texas/24-008749-002/2024(H5N1)	889	6760
NP|PP755584.1|A/cattle/Texas/24-008749-002/2024(H5N1)	890	6762
NP|PP755584.1|A/cattle/Texas/24-008749-002/2024(H5N1)	891	6624
NP|PP755584.1|A/cattle/Texas/24-008749-002/2024(H5N1)	892	6620
NP|PP755584.1|A/cattle/Texas/24-008749-002/2024(H5N1)	893	6620
NP|PP755584.1|A/cattle/Texas/24-008749-002/2024(H5N1)	894	6669
NP|PP755584.1|A/cattle/Texas/24-008749-002/2024(H5N1)	895	6672
NP|PP755584.1|A/cattle/Texas/24-008749-002/2024(H5N1)	896	6664
NP|PP755584.1|A/cattle/Texas/24-008749-002/2024(H5N1)	897	6634
NP|PP755584.1|A/cattle/Texas/24-008749-002/2024(H5N1)	898	6623
NP|PP755584.1|A/cattle/Texas/24-008749-002/2024(H5N1)	899	6723
NP|PP755584.1|A/cattle/Texas/24-008749-002/2024(H5N1)	900	6728
NP|PP755584.1|A/cattle/Texas/24-008749-002/2024(H5N1)	901	6715
NP|PP755584.1|A/cattle/Texas/24-008749-002/2024(H5N1)	902	6721
NP|PP755584.1|A/cattle/Texas/24-008749-002/2024(H5N1)	903	6649
NP|PP755584.1|A/cattle/Texas/24-008749-002/2024(H5N1)	904	6686
NP|PP755584.1|A/cattle/Texas/24-008749-002/2024(H5N1)	905	6855
NP|PP755584.1|A/cattle/Texas/24-008749-002/2024(H5N1)	906	6858
NP|PP755584.1|A/cattle/Texas/24-008749-002/2024(H5N1)	907	6893
NP|PP755584.1|A/cattle/Texas/24-008749-002/2024(H5N1)	908	6822
NP|PP755584.1|A/cattle/Texas/24-008749-002/2024(H5N1)	909	6798
NP|PP755584.1|A/cattle/Texas/24-008749-002/2024(H5N1)	910	6900
NP|PP755584.1|A/cattle/Texas/24-008749-002/2024(H5N1)	911	6896
NP|PP755584.1|A/cattle/Texas/24-008749-002/2024(H5N1)	912	6901
NP|PP755584.1|A/cattle/Texas/24-008749-002/2024(H5N1)	913	6784
NP|PP755584.1|A/cattle/Texas/24-008749-002/2024(H5N1)	914	6796
NP|PP755584.1|A/cattle/Texas/24-008749-002/2024(H5N1)	915	6822
NP|PP755584.1|A/cattle/Texas/24-008749-002/2024(H5N1)	916	6789
NP|PP755584.1|A/cattle/Texas/24-008749-002/2024(H5N1)	917	6739
NP|PP755584.1|A/cattle/Texas/24-008749-002/2024(H5N1)	918	6805
NP|PP755584.1|A/cattle/Texas/24-008749-002/2024(H5N1)	919	7125
NP|PP755584.1|A/cattle/Texas/24-008749-002/2024(H5N1)	920	7122
NP|PP755584.1|A/cattle/Texas/24-008749-002/2024(H5N1)	921	7132
NP|PP755584.1|A/cattle/Texas/24-008749-002/2024(H5N1)	922	7127
NP|PP755584.1|A/cattle/Texas/24-008749-002/2024(H5N1)	923	7117
NP|PP755584.1|A/cattle/Texas/24-008749-002/2024(H5N1)	924	7119
NP|PP755584.1|A/cattle/Texas/24-008749-002/2024(H5N1)	925	7305
NP|PP755584.1|A/cattle/Texas/24-008749-002/2024(H5N1)	926	7310
NP|PP755584.1|A/cattle/Texas/24-008749-002/2024(H5N1)	927	7281
NP|PP755584.1|A/cattle/Texas/24-008749-002/2024(H5N1)	928	6941
NP|PP755584.1|A/cattle/Texas/24-008749-002/2024(H5N1)	929	6996
NP|PP755584.1|A/cattle/Texas/24-008749-002/2024(H5N1)	930	7113
NP|PP755584.1|A/cattle/Texas/24-008749-002/2024(H5N1)	931	7097
NP|PP755584.1|A/cattle/Texas/24-008749-002/2024(H5N1)	932	7142
NP|PP755584.1|A/cattle/Texas/24-008749-002/2024(H5N1)	933	7068
NP|PP755584.1|A/cattle/Texas/24-008749-002/2024(H5N1)	934	7045
NP|PP755584.1|A/cattle/Texas/24-008749-002/2024(H5N1)	935	7166
NP|PP755584.1|A/cattle/Texas/24-008749-002/2024(H5N1)	936	7155
NP|PP755584.1|A/cattle/Texas/24-008749-002/2024(H5N1)	937	7182
NP|PP755584.1|A/cattle/Texas/24-008749-002/2024(H5N1)	938	6975
NP|PP755584.1|A/cattle/Texas/24-008749-002/2024(H5N1)	939	6926
NP|PP755584.1|A/cattle/Texas/24-008749-002/2024(H5N1)	940	6913
NP|PP755584.1|A/cattle/Texas/24-008749-002/2024(H5N1)	941	6907
NP|PP755584.1|A/cattle/Texas/24-008749-002/2024(H5N1)	942	6935
NP|PP755584.1|A/cattle/Texas/24-008749-002/2024(H5N1)	943	6754
NP|PP755584.1|A/cattle/Texas/24-008749-002/2024(H5N1)	944	6770
NP|PP755584.1|A/cattle/Texas/24-008749-002/2024(H5N1)	945	7098
NP|PP755584.1|A/cattle/Texas/24-008749-002/2024(H5N1)	946	7099
NP|PP755584.1|A/cattle/Texas/24-008749-002/2024(H5N1)	947	7099
NP|PP755584.1|A/cattle/Texas/24-008749-002/2024(H5N1)	948	7054
NP|PP755584.1|A/cattle/Texas/24-008749-002/2024(H5N1)	949	7022
NP|PP755584.1|A/cattle/Texas/24-008749-002/2024(H5N1)	950	7024
NP|PP755584.1|A/cattle/Texas/24-008749-002/2024(H5N1)	951	6983
NP|PP755584.1|A/cattle/Texas/24-008749-002/2024(H5N1)	952	6972
NP|PP755584.1|A/cattle/Texas/24-008749-002/2024(H5N1)	953	6872
NP|PP755584.1|A/cattle/Texas/24-008749-002/2024(H5N1)	954	6685
NP|PP755584.1|A/cattle/Texas/24-008749-002/2024(H5N1)	955	6718
NP|PP755584.1|A/cattle/Texas/24-008749-002/2024(H5N1)	956	6851
NP|PP755584.1|A/cattle/Texas/24-008749-002/2024(H5N1)	957	7045
NP|PP755584.1|A/cattle/Texas/24-008749-002/2024(H5N1)	958	7064
NP|PP755584.1|A/cattle/Texas/24-008749-002/2024(H5N1)	959	7044
NP|PP755584.1|A/cattle/Texas/24-008749-002/2024(H5N1)	960	7065
NP|PP755584.1|A/cattle/Texas/24-008749-002/2024(H5N1)	961	7053
NP|PP755584.1|A/cattle/Texas/24-008749-002/2024(H5N1)	962	6919
NP|PP755584.1|A/cattle/Texas/24-008749-002/2024(H5N1)	963	6892
NP|PP755584.1|A/cattle/Texas/24-008749-002/2024(H5N1)	964	6755
NP|PP755584.1|A/cattle/Texas/24-008749-002/2024(H5N1)	965	6718
NP|PP755584.1|A/cattle/Texas/24-008749-002/2024(H5N1)	966	6153
NP|PP755584.1|A/cattle/Texas/24-008749-002/2024(H5N1)	967	6159
NP|PP755584.1|A/cattle/Texas/24-008749-002/2024(H5N1)	968	6179
NP|PP755584.1|A/cattle/Texas/24-008749-002/2024(H5N1)	969	6166
NP|PP755584.1|A/cattle/Texas/24-008749-002/2024(H5N1)	970	6185
NP|PP755584.1|A/cattle/Texas/24-008749-002/2024(H5N1)	971	6182
NP|PP755584.1|A/cattle/Texas/24-008749-002/2024(H5N1)	972	6162
NP|PP755584.1|A/cattle/Texas/24-008749-002/2024(H5N1)	973	6191
NP|PP755584.1|A/cattle/Texas/24-008749-002/2024(H5N1)	974	6203
NP|PP755584.1|A/cattle/Texas/24-008749-002/2024(H5N1)	975	6177
NP|PP755584.1|A/cattle/Texas/24-008749-002/2024(H5N1)	976	6169
NP|PP755584.1|A/cattle/Texas/24-008749-002/2024(H5N1)	977	6139
NP|PP755584.1|A/cattle/Texas/24-008749-002/2024(H5N1)	978	6202
NP|PP755584.1|A/cattle/Texas/24-008749-002/2024(H5N1)	979	6177
NP|PP755584.1|A/cattle/Texas/24-008749-002/2024(H5N1)	980	6161
NP|PP755584.1|A/cattle/Texas/24-008749-002/2024(H5N1)	981	6178
NP|PP755584.1|A/cattle/Texas/24-008749-002/2024(H5N1)	982	6187
NP|PP755584.1|A/cattle/Texas/24-008749-002/2024(H5N1)	983	6245
NP|PP755584.1|A/cattle/Texas/24-008749-002/2024(H5N1)	984	6765
NP|PP755584.1|A/cattle/Texas/24-008749-002/2024(H5N1)	985	6808
NP|PP755584.1|A/cattle/Texas/24-008749-002/2024(H5N1)	986	6866
NP|PP755584.1|A/cattle/Texas/24-008749-002/2024(H5N1)	987	6878
NP|PP755584.1|A/cattle/Texas/24-008749-002/2024(H5N1)	988	6865
NP|PP755584.1|A/cattle/Texas/24-008749-002/2024(H5N1)	989	6868
NP|PP755584.1|A/cattle/Texas/24-008749-002/2024(H5N1)	990	6768
NP|PP755584.1|A/cattle/Texas/24-008749-002/2024(H5N1)	991	6964
NP|PP755584.1|A/cattle/Texas/24-008749-002/2024(H5N1)	992	6998
NP|PP755584.1|A/cattle/Texas/24-008749-002/2024(H5N1)	993	6676
NP|PP755584.1|A/cattle/Texas/24-008749-002/2024(H5N1)	994	6785
NP|PP755584.1|A/cattle/Texas/24-008749-002/2024(H5N1)	995	6657
NP|PP755584.1|A/cattle/Texas/24-008749-002/2024(H5N1)	996	6679
NP|PP755584.1|A/cattle/Texas/24-008749-002/2024(H5N1)	997	6654
NP|PP755584.1|A/cattle/Texas/24-008749-002/2024(H5N1)	998	6461
NP|PP755584.1|A/cattle/Texas/24-008749-002/2024(H5N1)	999	6534
NP|PP755584.1|A/cattle/Texas/24-008749-002/2024(H5N1)	1000	6198
NP|PP755584.1|A/cattle/Texas/24-008749-002/2024(H5N1)	1001	6353
NP|PP755584.1|A/cattle/Texas/24-008749-002/2024(H5N1)	1002	6364
NP|PP755584.1|A/cattle/Texas/24-008749-002/2024(H5N1)	1003	6279
NP|PP755584.1|A/cattle/Texas/24-008749-002/2024(H5N1)	1004	6321
NP|PP755584.1|A/cattle/Texas/24-008749-002/2024(H5N1)	1005	6397
NP|PP755584.1|A/cattle/Texas/24-008749-002/2024(H5N1)	1006	6395
NP|PP755584.1|A/cattle/Texas/24-008749-002/2024(H5N1)	1007	6411
NP|PP755584.1|A/cattle/Texas/24-008749-002/2024(H5N1)	1008	6353
NP|PP755584.1|A/cattle/Texas/24-008749-002/2024(H5N1)	1009	6468
NP|PP755584.1|A/cattle/Texas/24-008749-002/2024(H5N1)	1010	6564
NP|PP755584.1|A/cattle/Texas/24-008749-002/2024(H5N1)	1011	6561
NP|PP755584.1|A/cattle/Texas/24-008749-002/2024(H5N1)	1012	6567
NP|PP755584.1|A/cattle/Texas/24-008749-002/2024(H5N1)	1013	6296
NP|PP755584.1|A/cattle/Texas/24-008749-002/2024(H5N1)	1014	6295
NP|PP755584.1|A/cattle/Texas/24-008749-002/2024(H5N1)	1015	6304
NP|PP755584.1|A/cattle/Texas/24-008749-002/2024(H5N1)	1016	6335
NP|PP755584.1|A/cattle/Texas/24-008749-002/2024(H5N1)	1017	6405
NP|PP755584.1|A/cattle/Texas/24-008749-002/2024(H5N1)	1018	6390
NP|PP755584.1|A/cattle/Texas/24-008749-002/2024(H5N1)	1019	6478
NP|PP755584.1|A/cattle/Texas/24-008749-002/2024(H5N1)	1020	6475
NP|PP755584.1|A/cattle/Texas/24-008749-002/2024(H5N1)	1021	6401
NP|PP755584.1|A/cattle/Texas/24-008749-002/2024(H5N1)	1022	6389
NP|PP755584.1|A/cattle/Texas/24-008749-002/2024(H5N1)	1023	6393
NP|PP755584.1|A/cattle/Texas/24-008749-002/2024(H5N1)	1024	6389
NP|PP755584.1|A/cattle/Texas/24-008749-002/2024(H5N1)	1025	6388
NP|PP755584.1|A/cattle/Texas/24-008749-002/2024(H5N1)	1026	6367
NP|PP755584.1|A/cattle/Texas/24-008749-002/2024(H5N1)	1027	6473
NP|PP755584.1|A/cattle/Texas/24-008749-002/2024(H5N1)	1028	6407
NP|PP755584.1|A/cattle/Texas/24-008749-002/2024(H5N1)	1029	6422
NP|PP755584.1|A/cattle/Texas/24-008749-002/2024(H5N1)	1030	6436
NP|PP755584.1|A/cattle/Texas/24-008749-002/2024(H5N1)	1031	6358
NP|PP755584.1|A/cattle/Texas/24-008749-002/2024(H5N1)	1032	6359
NP|PP755584.1|A/cattle/Texas/24-008749-002/2024(H5N1)	1033	6318
NP|PP755584.1|A/cattle/Texas/24-008749-002/2024(H5N1)	1034	6302
NP|PP755584.1|A/cattle/Texas/24-008749-002/2024(H5N1)	1035	6336
NP|PP755584.1|A/cattle/Texas/24-008749-002/2024(H5N1)	1036	6242
NP|PP755584.1|A/cattle/Texas/24-008749-002/2024(H5N1)	1037	6305
NP|PP755584.1|A/cattle/Texas/24-008749-002/2024(H5N1)	1038	6296
NP|PP755584.1|A/cattle/Texas/24-008749-002/2024(H5N1)	1039	6296
NP|PP755584.1|A/cattle/Texas/24-008749-002/2024(H5N1)	1040	6303
NP|PP755584.1|A/cattle/Texas/24-008749-002/2024(H5N1)	1041	6255
NP|PP755584.1|A/cattle/Texas/24-008749-002/2024(H5N1)	1042	6196
NP|PP755584.1|A/cattle/Texas/24-008749-002/2024(H5N1)	1043	6191
NP|PP755584.1|A/cattle/Texas/24-008749-002/2024(H5N1)	1044	6214
NP|PP755584.1|A/cattle/Texas/24-008749-002/2024(H5N1)	1045	6157
NP|PP755584.1|A/cattle/Texas/24-008749-002/2024(H5N1)	1046	6394
NP|PP755584.1|A/cattle/Texas/24-008749-002/2024(H5N1)	1047	6605
NP|PP755584.1|A/cattle/Texas/24-008749-002/2024(H5N1)	1048	6615
NP|PP755584.1|A/cattle/Texas/24-008749-002/2024(H5N1)	1049	6617
NP|PP755584.1|A/cattle/Texas/24-008749-002/2024(H5N1)	1050	6592
NP|PP755584.1|A/cattle/Texas/24-008749-002/2024(H5N1)	1051	6605
NP|PP755584.1|A/cattle/Texas/24-008749-002/2024(H5N1)	1052	6714
NP|PP755584.1|A/cattle/Texas/24-008749-002/2024(H5N1)	1053	6740
NP|PP755584.1|A/cattle/Texas/24-008749-002/2024(H5N1)	1054	6752
NP|PP755584.1|A/cattle/Texas/24-008749-002/2024(H5N1)	1055	6603
NP|PP755584.1|A/cattle/Texas/24-008749-002/2024(H5N1)	1056	6587
NP|PP755584.1|A/cattle/Texas/24-008749-002/2024(H5N1)	1057	6646
NP|PP755584.1|A/cattle/Texas/24-008749-002/2024(H5N1)	1058	6691
NP|PP755584.1|A/cattle/Texas/24-008749-002/2024(H5N1)	1059	6676
NP|PP755584.1|A/cattle/Texas/24-008749-002/2024(H5N1)	1060	6688
NP|PP755584.1|A/cattle/Texas/24-008749-002/2024(H5N1)	1061	6601
NP|PP755584.1|A/cattle/Texas/24-008749-002/2024(H5N1)	1062	6606
NP|PP755584.1|A/cattle/Texas/24-008749-002/2024(H5N1)	1063	6599
NP|PP755584.1|A/cattle/Texas/24-008749-002/2024(H5N1)	1064	6797
NP|PP755584.1|A/cattle/Texas/24-008749-002/2024(H5N1)	1065	6839
NP|PP755584.1|A/cattle/Texas/24-008749-002/2024(H5N1)	1066	6848
NP|PP755584.1|A/cattle/Texas/24-008749-002/2024(H5N1)	1067	6826
NP|PP755584.1|A/cattle/Texas/24-008749-002/2024(H5N1)	1068	6934
NP|PP755584.1|A/cattle/Texas/24-008749-002/2024(H5N1)	1069	6733
NP|PP755584.1|A/cattle/Texas/24-008749-002/2024(H5N1)	1070	6651
NP|PP755584.1|A/cattle/Texas/24-008749-002/2024(H5N1)	1071	6706
NP|PP755584.1|A/cattle/Texas/24-008749-002/2024(H5N1)	1072	6812
NP|PP755584.1|A/cattle/Texas/24-008749-002/2024(H5N1)	1073	6700
NP|PP755584.1|A/cattle/Texas/24-008749-002/2024(H5N1)	1074	6764
NP|PP755584.1|A/cattle/Texas/24-008749-002/2024(H5N1)	1075	6788
NP|PP755584.1|A/cattle/Texas/24-008749-002/2024(H5N1)	1076	6792
NP|PP755584.1|A/cattle/Texas/24-008749-002/2024(H5N1)	1077	6912
NP|PP755584.1|A/cattle/Texas/24-008749-002/2024(H5N1)	1078	6928
NP|PP755584.1|A/cattle/Texas/24-008749-002/2024(H5N1)	1079	6923
NP|PP755584.1|A/cattle/Texas/24-008749-002/2024(H5N1)	1080	6901
NP|PP755584.1|A/cattle/Texas/24-008749-002/2024(H5N1)	1081	6817
NP|PP755584.1|A/cattle/Texas/24-008749-002/2024(H5N1)	1082	6845
NP|PP755584.1|A/cattle/Texas/24-008749-002/2024(H5N1)	1083	6819
NP|PP755584.1|A/cattle/Texas/24-008749-002/2024(H5N1)	1084	6821
NP|PP755584.1|A/cattle/Texas/24-008749-002/2024(H5N1)	1085	6852
NP|PP755584.1|A/cattle/Texas/24-008749-002/2024(H5N1)	1086	6751
NP|PP755584.1|A/cattle/Texas/24-008749-002/2024(H5N1)	1087	6915
NP|PP755584.1|A/cattle/Texas/24-008749-002/2024(H5N1)	1088	7135
NP|PP755584.1|A/cattle/Texas/24-008749-002/2024(H5N1)	1089	7137
NP|PP755584.1|A/cattle/Texas/24-008749-002/2024(H5N1)	1090	7123
NP|PP755584.1|A/cattle/Texas/24-008749-002/2024(H5N1)	1091	7074
NP|PP755584.1|A/cattle/Texas/24-008749-002/2024(H5N1)	1092	7065
NP|PP755584.1|A/cattle/Texas/24-008749-002/2024(H5N1)	1093	7238
NP|PP755584.1|A/cattle/Texas/24-008749-002/2024(H5N1)	1094	7223
NP|PP755584.1|A/cattle/Texas/24-008749-002/2024(H5N1)	1095	7216
NP|PP755584.1|A/cattle/Texas/24-008749-002/2024(H5N1)	1096	6921
NP|PP755584.1|A/cattle/Texas/24-008749-002/2024(H5N1)	1097	6940
NP|PP755584.1|A/cattle/Texas/24-008749-002/2024(H5N1)	1098	7177
NP|PP755584.1|A/cattle/Texas/24-008749-002/2024(H5N1)	1099	7178
NP|PP755584.1|A/cattle/Texas/24-008749-002/2024(H5N1)	1100	7175
NP|PP755584.1|A/cattle/Texas/24-008749-002/2024(H5N1)	1101	7198
NP|PP755584.1|A/cattle/Texas/24-008749-002/2024(H5N1)	1102	7235
NP|PP755584.1|A/cattle/Texas/24-008749-002/2024(H5N1)	1103	7258
NP|PP755584.1|A/cattle/Texas/24-008749-002/2024(H5N1)	1104	7261
NP|PP755584.1|A/cattle/Texas/24-008749-002/2024(H5N1)	1105	7252
NP|PP755584.1|A/cattle/Texas/24-008749-002/2024(H5N1)	1106	7252
NP|PP755584.1|A/cattle/Texas/24-008749-002/2024(H5N1)	1107	7120
NP|PP755584.1|A/cattle/Texas/24-008749-002/2024(H5N1)	1108	6941
NP|PP755584.1|A/cattle/Texas/24-008749-002/2024(H5N1)	1109	6955
NP|PP755584.1|A/cattle/Texas/24-008749-002/2024(H5N1)	1110	7071
NP|PP755584.1|A/cattle/Texas/24-008749-002/2024(H5N1)	1111	7055
NP|PP755584.1|A/cattle/Texas/24-008749-002/2024(H5N1)	1112	7054
NP|PP755584.1|A/cattle/Texas/24-008749-002/2024(H5N1)	1113	7047
NP|PP755584.1|A/cattle/Texas/24-008749-002/2024(H5N1)	1114	7110
NP|PP755584.1|A/cattle/Texas/24-008749-002/2024(H5N1)	1115	7136
NP|PP755584.1|A/cattle/Texas/24-008749-002/2024(H5N1)	1116	7167
NP|PP755584.1|A/cattle/Texas/24-008749-002/2024(H5N1)	1117	7197
NP|PP755584.1|A/cattle/Texas/24-008749-002/2024(H5N1)	1118	7229
NP|PP755584.1|A/cattle/Texas/24-008749-002/2024(H5N1)	1119	7133
NP|PP755584.1|A/cattle/Texas/24-008749-002/2024(H5N1)	1120	7162
NP|PP755584.1|A/cattle/Texas/24-008749-002/2024(H5N1)	1121	7146
NP|PP755584.1|A/cattle/Texas/24-008749-002/2024(H5N1)	1122	7163
NP|PP755584.1|A/cattle/Texas/24-008749-002/2024(H5N1)	1123	7160
NP|PP755584.1|A/cattle/Texas/24-008749-002/2024(H5N1)	1124	7182
NP|PP755584.1|A/cattle/Texas/24-008749-002/2024(H5N1)	1125	7290
NP|PP755584.1|A/cattle/Texas/24-008749-002/2024(H5N1)	1126	7291
NP|PP755584.1|A/cattle/Texas/24-008749-002/2024(H5N1)	1127	7299
NP|PP755584.1|A/cattle/Texas/24-008749-002/2024(H5N1)	1128	7304
NP|PP755584.1|A/cattle/Texas/24-008749-002/2024(H5N1)	1129	7263
NP|PP755584.1|A/cattle/Texas/24-008749-002/2024(H5N1)	1130	7282
NP|PP755584.1|A/cattle/Texas/24-008749-002/2024(H5N1)	1131	7384
NP|PP755584.1|A/cattle/Texas/24-008749-002/2024(H5N1)	1132	7380
NP|PP755584.1|A/cattle/Texas/24-008749-002/2024(H5N1)	1133	7271
NP|PP755584.1|A/cattle/Texas/24-008749-002/2024(H5N1)	1134	7095
NP|PP755584.1|A/cattle/Texas/24-008749-002/2024(H5N1)	1135	7122
NP|PP755584.1|A/cattle/Texas/24-008749-002/2024(H5N1)	1136	7062
NP|PP755584.1|A/cattle/Texas/24-008749-002/2024(H5N1)	1137	7048
NP|PP755584.1|A/cattle/Texas/24-008749-002/2024(H5N1)	1138	7074
NP|PP755584.1|A/cattle/Texas/24-008749-002/2024(H5N1)	1139	7058
NP|PP755584.1|A/cattle/Texas/24-008749-002/2024(H5N1)	1140	7061
NP|PP755584.1|A/cattle/Texas/24-008749-002/2024(H5N1)	1141	7093
NP|PP755584.1|A/cattle/Texas/24-008749-002/2024(H5N1)	1142	6816
NP|PP755584.1|A/cattle/Texas/24-008749-002/2024(H5N1)	1143	6888
NP|PP755584.1|A/cattle/Texas/24-008749-002/2024(H5N1)	1144	6859
NP|PP755584.1|A/cattle/Texas/24-008749-002/2024(H5N1)	1145	6791
NP|PP755584.1|A/cattle/Texas/24-008749-002/2024(H5N1)	1146	6867
NP|PP755584.1|A/cattle/Texas/24-008749-002/2024(H5N1)	1147	6846
NP|PP755584.1|A/cattle/Texas/24-008749-002/2024(H5N1)	1148	6903
NP|PP755584.1|A/cattle/Texas/24-008749-002/2024(H5N1)	1149	7143
NP|PP755584.1|A/cattle/Texas/24-008749-002/2024(H5N1)	1150	7096
NP|PP755584.1|A/cattle/Texas/24-008749-002/2024(H5N1)	1151	7133
NP|PP755584.1|A/cattle/Texas/24-008749-002/2024(H5N1)	1152	7151
NP|PP755584.1|A/cattle/Texas/24-008749-002/2024(H5N1)	1153	7192
NP|PP755584.1|A/cattle/Texas/24-008749-002/2024(H5N1)	1154	7190
NP|PP755584.1|A/cattle/Texas/24-008749-002/2024(H5N1)	1155	7149
NP|PP755584.1|A/cattle/Texas/24-008749-002/2024(H5N1)	1156	7001
NP|PP755584.1|A/cattle/Texas/24-008749-002/2024(H5N1)	1157	7033
NP|PP755584.1|A/cattle/Texas/24-008749-002/2024(H5N1)	1158	7075
NP|PP755584.1|A/cattle/Texas/24-008749-002/2024(H5N1)	1159	7087
NP|PP755584.1|A/cattle/Texas/24-008749-002/2024(H5N1)	1160	7033
NP|PP755584.1|A/cattle/Texas/24-008749-002/2024(H5N1)	1161	6857
NP|PP755584.1|A/cattle/Texas/24-008749-002/2024(H5N1)	1162	6861
NP|PP755584.1|A/cattle/Texas/24-008749-002/2024(H5N1)	1163	6859
NP|PP755584.1|A/cattle/Texas/24-008749-002/2024(H5N1)	1164	6857
NP|PP755584.1|A/cattle/Texas/24-008749-002/2024(H5N1)	1165	6858
NP|PP755584.1|A/cattle/Texas/24-008749-002/2024(H5N1)	1166	6850
NP|PP755584.1|A/cattle/Texas/24-008749-002/2024(H5N1)	1167	6876
NP|PP755584.1|A/cattle/Texas/24-008749-002/2024(H5N1)	1168	6909
NP|PP755584.1|A/cattle/Texas/24-008749-002/2024(H5N1)	1169	6796
NP|PP755584.1|A/cattle/Texas/24-008749-002/2024(H5N1)	1170	6800
NP|PP755584.1|A/cattle/Texas/24-008749-002/2024(H5N1)	1171	6788
NP|PP755584.1|A/cattle/Texas/24-008749-002/2024(H5N1)	1172	6806
NP|PP755584.1|A/cattle/Texas/24-008749-002/2024(H5N1)	1173	6866
NP|PP755584.1|A/cattle/Texas/24-008749-002/2024(H5N1)	1174	6858
NP|PP755584.1|A/cattle/Texas/24-008749-002/2024(H5N1)	1175	6905
NP|PP755584.1|A/cattle/Texas/24-008749-002/2024(H5N1)	1176	6990
NP|PP755584.1|A/cattle/Texas/24-008749-002/2024(H5N1)	1177	6995
NP|PP755584.1|A/cattle/Texas/24-008749-002/2024(H5N1)	1178	6964
NP|PP755584.1|A/cattle/Texas/24-008749-002/2024(H5N1)	1179	6952
NP|PP755584.1|A/cattle/Texas/24-008749-002/2024(H5N1)	1180	6928
NP|PP755584.1|A/cattle/Texas/24-008749-002/2024(H5N1)	1181	6983
NP|PP755584.1|A/cattle/Texas/24-008749-002/2024(H5N1)	1182	6983
NP|PP755584.1|A/cattle/Texas/24-008749-002/2024(H5N1)	1183	6988
NP|PP755584.1|A/cattle/Texas/24-008749-002/2024(H5N1)	1184	6859
NP|PP755584.1|A/cattle/Texas/24-008749-002/2024(H5N1)	1185	6861
NP|PP755584.1|A/cattle/Texas/24-008749-002/2024(H5N1)	1186	6853
NP|PP755584.1|A/cattle/Texas/24-008749-002/2024(H5N1)	1187	6926
NP|PP755584.1|A/cattle/Texas/24-008749-002/2024(H5N1)	1188	6846
NP|PP755584.1|A/cattle/Texas/24-008749-002/2024(H5N1)	1189	7028
NP|PP755584.1|A/cattle/Texas/24-008749-002/2024(H5N1)	1190	7090
NP|PP755584.1|A/cattle/Texas/24-008749-002/2024(H5N1)	1191	7152
NP|PP755584.1|A/cattle/Texas/24-008749-002/2024(H5N1)	1192	7150
NP|PP755584.1|A/cattle/Texas/24-008749-002/2024(H5N1)	1193	7134
NP|PP755584.1|A/cattle/Texas/24-008749-002/2024(H5N1)	1194	7154
NP|PP755584.1|A/cattle/Texas/24-008749-002/2024(H5N1)	1195	7148
NP|PP755584.1|A/cattle/Texas/24-008749-002/2024(H5N1)	1196	7109
NP|PP755584.1|A/cattle/Texas/24-008749-002/2024(H5N1)	1197	6939
NP|PP755584.1|A/cattle/Texas/24-008749-002/2024(H5N1)	1198	6781
NP|PP755584.1|A/cattle/Texas/24-008749-002/2024(H5N1)	1199	6859
NP|PP755584.1|A/cattle/Texas/24-008749-002/2024(H5N1)	1200	6756
NP|PP755584.1|A/cattle/Texas/24-008749-002/2024(H5N1)	1201	6753
NP|PP755584.1|A/cattle/Texas/24-008749-002/2024(H5N1)	1202	6675
NP|PP755584.1|A/cattle/Texas/24-008749-002/2024(H5N1)	1203	6660
NP|PP755584.1|A/cattle/Texas/24-008749-002/2024(H5N1)	1204	6656
NP|PP755584.1|A/cattle/Texas/24-008749-002/2024(H5N1)	1205	6643
NP|PP755584.1|A/cattle/Texas/24-008749-002/2024(H5N1)	1206	6614
NP|PP755584.1|A/cattle/Texas/24-008749-002/2024(H5N1)	1207	6614
NP|PP755584.1|A/cattle/Texas/24-008749-002/2024(H5N1)	1208	6586
NP|PP755584.1|A/cattle/Texas/24-008749-002/2024(H5N1)	1209	6512
NP|PP755584.1|A/cattle/Texas/24-008749-002/2024(H5N1)	1210	6567
NP|PP755584.1|A/cattle/Texas/24-008749-002/2024(H5N1)	1211	6624
NP|PP755584.1|A/cattle/Texas/24-008749-002/2024(H5N1)	1212	6594
NP|PP755584.1|A/cattle/Texas/24-008749-002/2024(H5N1)	1213	6668
NP|PP755584.1|A/cattle/Texas/24-008749-002/2024(H5N1)	1214	6594
NP|PP755584.1|A/cattle/Texas/24-008749-002/2024(H5N1)	1215	6554
NP|PP755584.1|A/cattle/Texas/24-008749-002/2024(H5N1)	1216	6579
NP|PP755584.1|A/cattle/Texas/24-008749-002/2024(H5N1)	1217	6578
NP|PP755584.1|A/cattle/Texas/24-008749-002/2024(H5N1)	1218	6575
NP|PP755584.1|A/cattle/Texas/24-008749-002/2024(H5N1)	1219	6434
NP|PP755584.1|A/cattle/Texas/24-008749-002/2024(H5N1)	1220	6460
NP|PP755584.1|A/cattle/Texas/24-008749-002/2024(H5N1)	1221	6488
NP|PP755584.1|A/cattle/Texas/24-008749-002/2024(H5N1)	1222	6539
NP|PP755584.1|A/cattle/Texas/24-008749-002/2024(H5N1)	1223	6430
NP|PP755584.1|A/cattle/Texas/24-008749-002/2024(H5N1)	1224	6373
NP|PP755584.1|A/cattle/Texas/24-008749-002/2024(H5N1)	1225	6329
NP|PP755584.1|A/cattle/Texas/24-008749-002/2024(H5N1)	1226	6256
NP|PP755584.1|A/cattle/Texas/24-008749-002/2024(H5N1)	1227	6406
NP|PP755584.1|A/cattle/Texas/24-008749-002/2024(H5N1)	1228	6425
NP|PP755584.1|A/cattle/Texas/24-008749-002/2024(H5N1)	1229	6348
NP|PP755584.1|A/cattle/Texas/24-008749-002/2024(H5N1)	1230	6530
NP|PP755584.1|A/cattle/Texas/24-008749-002/2024(H5N1)	1231	6503
NP|PP755584.1|A/cattle/Texas/24-008749-002/2024(H5N1)	1232	6508
NP|PP755584.1|A/cattle/Texas/24-008749-002/2024(H5N1)	1233	6505
NP|PP755584.1|A/cattle/Texas/24-008749-002/2024(H5N1)	1234	6473
NP|PP755584.1|A/cattle/Texas/24-008749-002/2024(H5N1)	1235	6586
NP|PP755584.1|A/cattle/Texas/24-008749-002/2024(H5N1)	1236	6427
NP|PP755584.1|A/cattle/Texas/24-008749-002/2024(H5N1)	1237	6296
NP|PP755584.1|A/cattle/Texas/24-008749-002/2024(H5N1)	1238	6300
NP|PP755584.1|A/cattle/Texas/24-008749-002/2024(H5N1)	1239	6217
NP|PP755584.1|A/cattle/Texas/24-008749-002/2024(H5N1)	1240	6397
NP|PP755584.1|A/cattle/Texas/24-008749-002/2024(H5N1)	1241	6340
NP|PP755584.1|A/cattle/Texas/24-008749-002/2024(H5N1)	1242	6351
NP|PP755584.1|A/cattle/Texas/24-008749-002/2024(H5N1)	1243	6352
NP|PP755584.1|A/cattle/Texas/24-008749-002/2024(H5N1)	1244	6202
NP|PP755584.1|A/cattle/Texas/24-008749-002/2024(H5N1)	1245	6235
NP|PP755584.1|A/cattle/Texas/24-008749-002/2024(H5N1)	1246	6363
NP|PP755584.1|A/cattle/Texas/24-008749-002/2024(H5N1)	1247	6377
NP|PP755584.1|A/cattle/Texas/24-008749-002/2024(H5N1)	1248	6409
NP|PP755584.1|A/cattle/Texas/24-008749-002/2024(H5N1)	1249	6141
NP|PP755584.1|A/cattle/Texas/24-008749-002/2024(H5N1)	1250	6142
NP|PP755584.1|A/cattle/Texas/24-008749-002/2024(H5N1)	1251	6158
NP|PP755584.1|A/cattle/Texas/24-008749-002/2024(H5N1)	1252	6111
NP|PP755584.1|A/cattle/Texas/24-008749-002/2024(H5N1)	1253	6105
NP|PP755584.1|A/cattle/Texas/24-008749-002/2024(H5N1)	1254	6089
NP|PP755584.1|A/cattle/Texas/24-008749-002/2024(H5N1)	1255	6105
NP|PP755584.1|A/cattle/Texas/24-008749-002/2024(H5N1)	1256	6094
NP|PP755584.1|A/cattle/Texas/24-008749-002/2024(H5N1)	1257	6110
NP|PP755584.1|A/cattle/Texas/24-008749-002/2024(H5N1)	1258	6111
NP|PP755584.1|A/cattle/Texas/24-008749-002/2024(H5N1)	1259	6104
NP|PP755584.1|A/cattle/Texas/24-008749-002/2024(H5N1)	1260	6003
NP|PP755584.1|A/cattle/Texas/24-008749-002/2024(H5N1)	1261	6001
NP|PP755584.1|A/cattle/Texas/24-008749-002/2024(H5N1)	1262	6014
NP|PP755584.1|A/cattle/Texas/24-008749-002/2024(H5N1)	1263	6019
NP|PP755584.1|A/cattle/Texas/24-008749-002/2024(H5N1)	1264	5966
NP|PP755584.1|A/cattle/Texas/24-008749-002/2024(H5N1)	1265	5995
NP|PP755584.1|A/cattle/Texas/24-008749-002/2024(H5N1)	1266	5919
NP|PP755584.1|A/cattle/Texas/24-008749-002/2024(H5N1)	1267	5912
NP|PP755584.1|A/cattle/Texas/24-008749-002/2024(H5N1)	1268	5881
NP|PP755584.1|A/cattle/Texas/24-008749-002/2024(H5N1)	1269	5882
NP|PP755584.1|A/cattle/Texas/24-008749-002/2024(H5N1)	1270	5941
NP|PP755584.1|A/cattle/Texas/24-008749-002/2024(H5N1)	1271	5929
NP|PP755584.1|A/cattle/Texas/24-008749-002/2024(H5N1)	1272	5968
NP|PP755584.1|A/cattle/Texas/24-008749-002/2024(H5N1)	1273	5964
NP|PP755584.1|A/cattle/Texas/24-008749-002/2024(H5N1)	1274	5956
NP|PP755584.1|A/cattle/Texas/24-008749-002/2024(H5N1)	1275	5886
NP|PP755584.1|A/cattle/Texas/24-008749-002/2024(H5N1)	1276	5904
NP|PP755584.1|A/cattle/Texas/24-008749-002/2024(H5N1)	1277	5916
NP|PP755584.1|A/cattle/Texas/24-008749-002/2024(H5N1)	1278	5866
NP|PP755584.1|A/cattle/Texas/24-008749-002/2024(H5N1)	1279	5815
NP|PP755584.1|A/cattle/Texas/24-008749-002/2024(H5N1)	1280	5809
NP|PP755584.1|A/cattle/Texas/24-008749-002/2024(H5N1)	1281	5683
NP|PP755584.1|A/cattle/Texas/24-008749-002/2024(H5N1)	1282	5702
NP|PP755584.1|A/cattle/Texas/24-008749-002/2024(H5N1)	1283	5509
NP|PP755584.1|A/cattle/Texas/24-008749-002/2024(H5N1)	1284	5557
NP|PP755584.1|A/cattle/Texas/24-008749-002/2024(H5N1)	1285	5567
NP|PP755584.1|A/cattle/Texas/24-008749-002/2024(H5N1)	1286	5511
NP|PP755584.1|A/cattle/Texas/24-008749-002/2024(H5N1)	1287	5512
NP|PP755584.1|A/cattle/Texas/24-008749-002/2024(H5N1)	1288	5511
NP|PP755584.1|A/cattle/Texas/24-008749-002/2024(H5N1)	1289	5491
NP|PP755584.1|A/cattle/Texas/24-008749-002/2024(H5N1)	1290	5495
NP|PP755584.1|A/cattle/Texas/24-008749-002/2024(H5N1)	1291	5486
NP|PP755584.1|A/cattle/Texas/24-008749-002/2024(H5N1)	1292	5628
NP|PP755584.1|A/cattle/Texas/24-008749-002/2024(H5N1)	1293	5615
NP|PP755584.1|A/cattle/Texas/24-008749-002/2024(H5N1)	1294	5547
NP|PP755584.1|A/cattle/Texas/24-008749-002/2024(H5N1)	1295	5578
NP|PP755584.1|A/cattle/Texas/24-008749-002/2024(H5N1)	1296	5641
NP|PP755584.1|A/cattle/Texas/24-008749-002/2024(H5N1)	1297	5636
NP|PP755584.1|A/cattle/Texas/24-008749-002/2024(H5N1)	1298	5562
NP|PP755584.1|A/cattle/Texas/24-008749-002/2024(H5N1)	1299	5247
NP|PP755584.1|A/cattle/Texas/24-008749-002/2024(H5N1)	1300	5248
NP|PP755584.1|A/cattle/Texas/24-008749-002/2024(H5N1)	1301	5329
NP|PP755584.1|A/cattle/Texas/24-008749-002/2024(H5N1)	1302	5332
NP|PP755584.1|A/cattle/Texas/24-008749-002/2024(H5N1)	1303	5185
NP|PP755584.1|A/cattle/Texas/24-008749-002/2024(H5N1)	1304	5140
NP|PP755584.1|A/cattle/Texas/24-008749-002/2024(H5N1)	1305	5218
NP|PP755584.1|A/cattle/Texas/24-008749-002/2024(H5N1)	1306	5171
NP|PP755584.1|A/cattle/Texas/24-008749-002/2024(H5N1)	1307	5189
NP|PP755584.1|A/cattle/Texas/24-008749-002/2024(H5N1)	1308	5191
NP|PP755584.1|A/cattle/Texas/24-008749-002/2024(H5N1)	1309	5158
NP|PP755584.1|A/cattle/Texas/24-008749-002/2024(H5N1)	1310	5175
NP|PP755584.1|A/cattle/Texas/24-008749-002/2024(H5N1)	1311	5122
NP|PP755584.1|A/cattle/Texas/24-008749-002/2024(H5N1)	1312	5129
NP|PP755584.1|A/cattle/Texas/24-008749-002/2024(H5N1)	1313	5117
NP|PP755584.1|A/cattle/Texas/24-008749-002/2024(H5N1)	1314	5112
NP|PP755584.1|A/cattle/Texas/24-008749-002/2024(H5N1)	1315	5132
NP|PP755584.1|A/cattle/Texas/24-008749-002/2024(H5N1)	1316	5170
NP|PP755584.1|A/cattle/Texas/24-008749-002/2024(H5N1)	1317	5177
NP|PP755584.1|A/cattle/Texas/24-008749-002/2024(H5N1)	1318	5142
NP|PP755584.1|A/cattle/Texas/24-008749-002/2024(H5N1)	1319	5080
NP|PP755584.1|A/cattle/Texas/24-008749-002/2024(H5N1)	1320	5076
NP|PP755584.1|A/cattle/Texas/24-008749-002/2024(H5N1)	1321	5065
NP|PP755584.1|A/cattle/Texas/24-008749-002/2024(H5N1)	1322	5091
NP|PP755584.1|A/cattle/Texas/24-008749-002/2024(H5N1)	1323	5110
NP|PP755584.1|A/cattle/Texas/24-008749-002/2024(H5N1)	1324	5062
NP|PP755584.1|A/cattle/Texas/24-008749-002/2024(H5N1)	1325	5015
NP|PP755584.1|A/cattle/Texas/24-008749-002/2024(H5N1)	1326	4877
NP|PP755584.1|A/cattle/Texas/24-008749-002/2024(H5N1)	1327	4880
NP|PP755584.1|A/cattle/Texas/24-008749-002/2024(H5N1)	1328	4826
NP|PP755584.1|A/cattle/Texas/24-008749-002/2024(H5N1)	1329	4830
NP|PP755584.1|A/cattle/Texas/24-008749-002/2024(H5N1)	1330	4903
NP|PP755584.1|A/cattle/Texas/24-008749-002/2024(H5N1)	1331	4844
NP|PP755584.1|A/cattle/Texas/24-008749-002/2024(H5N1)	1332	4873
NP|PP755584.1|A/cattle/Texas/24-008749-002/2024(H5N1)	1333	5456
NP|PP755584.1|A/cattle/Texas/24-008749-002/2024(H5N1)	1334	5451
NP|PP755584.1|A/cattle/Texas/24-008749-002/2024(H5N1)	1335	5537
NP|PP755584.1|A/cattle/Texas/24-008749-002/2024(H5N1)	1336	5519
NP|PP755584.1|A/cattle/Texas/24-008749-002/2024(H5N1)	1337	5546
NP|PP755584.1|A/cattle/Texas/24-008749-002/2024(H5N1)	1338	5468
NP|PP755584.1|A/cattle/Texas/24-008749-002/2024(H5N1)	1339	5491
NP|PP755584.1|A/cattle/Texas/24-008749-002/2024(H5N1)	1340	5328
NP|PP755584.1|A/cattle/Texas/24-008749-002/2024(H5N1)	1341	5362
NP|PP755584.1|A/cattle/Texas/24-008749-002/2024(H5N1)	1342	5631
NP|PP755584.1|A/cattle/Texas/24-008749-002/2024(H5N1)	1343	5699
NP|PP755584.1|A/cattle/Texas/24-008749-002/2024(H5N1)	1344	5705
NP|PP755584.1|A/cattle/Texas/24-008749-002/2024(H5N1)	1345	5776
NP|PP755584.1|A/cattle/Texas/24-008749-002/2024(H5N1)	1346	5711
NP|PP755584.1|A/cattle/Texas/24-008749-002/2024(H5N1)	1347	5700
NP|PP755584.1|A/cattle/Texas/24-008749-002/2024(H5N1)	1348	5689
NP|PP755584.1|A/cattle/Texas/24-008749-002/2024(H5N1)	1349	5732
NP|PP755584.1|A/cattle/Texas/24-008749-002/2024(H5N1)	1350	5691
NP|PP755584.1|A/cattle/Texas/24-008749-002/2024(H5N1)	1351	5687
NP|PP755584.1|A/cattle/Texas/24-008749-002/2024(H5N1)	1352	5665
NP|PP755584.1|A/cattle/Texas/24-008749-002/2024(H5N1)	1353	5657
NP|PP755584.1|A/cattle/Texas/24-008749-002/2024(H5N1)	1354	5626
NP|PP755584.1|A/cattle/Texas/24-008749-002/2024(H5N1)	1355	5650
NP|PP755584.1|A/cattle/Texas/24-008749-002/2024(H5N1)	1356	5601
NP|PP755584.1|A/cattle/Texas/24-008749-002/2024(H5N1)	1357	5681
NP|PP755584.1|A/cattle/Texas/24-008749-002/2024(H5N1)	1358	5638
NP|PP755584.1|A/cattle/Texas/24-008749-002/2024(H5N1)	1359	5638
NP|PP755584.1|A/cattle/Texas/24-008749-002/2024(H5N1)	1360	5650
NP|PP755584.1|A/cattle/Texas/24-008749-002/2024(H5N1)	1361	5692
NP|PP755584.1|A/cattle/Texas/24-008749-002/2024(H5N1)	1362	5696
NP|PP755584.1|A/cattle/Texas/24-008749-002/2024(H5N1)	1363	5696
NP|PP755584.1|A/cattle/Texas/24-008749-002/2024(H5N1)	1364	5660
NP|PP755584.1|A/cattle/Texas/24-008749-002/2024(H5N1)	1365	5708
NP|PP755584.1|A/cattle/Texas/24-008749-002/2024(H5N1)	1366	5603
NP|PP755584.1|A/cattle/Texas/24-008749-002/2024(H5N1)	1367	5624
NP|PP755584.1|A/cattle/Texas/24-008749-002/2024(H5N1)	1368	5600
NP|PP755584.1|A/cattle/Texas/24-008749-002/2024(H5N1)	1369	6500
NP|PP755584.1|A/cattle/Texas/24-008749-002/2024(H5N1)	1370	6473
NP|PP755584.1|A/cattle/Texas/24-008749-002/2024(H5N1)	1371	6541
NP|PP755584.1|A/cattle/Texas/24-008749-002/2024(H5N1)	1372	6570
NP|PP755584.1|A/cattle/Texas/24-008749-002/2024(H5N1)	1373	6556
NP|PP755584.1|A/cattle/Texas/24-008749-002/2024(H5N1)	1374	6672
NP|PP755584.1|A/cattle/Texas/24-008749-002/2024(H5N1)	1375	6653
NP|PP755584.1|A/cattle/Texas/24-008749-002/2024(H5N1)	1376	6600
NP|PP755584.1|A/cattle/Texas/24-008749-002/2024(H5N1)	1377	6593
NP|PP755584.1|A/cattle/Texas/24-008749-002/2024(H5N1)	1378	6473
NP|PP755584.1|A/cattle/Texas/24-008749-002/2024(H5N1)	1379	6472
NP|PP755584.1|A/cattle/Texas/24-008749-002/2024(H5N1)	1380	6459
NP|PP755584.1|A/cattle/Texas/24-008749-002/2024(H5N1)	1381	6250
NP|PP755584.1|A/cattle/Texas/24-008749-002/2024(H5N1)	1382	6249
NP|PP755584.1|A/cattle/Texas/24-008749-002/2024(H5N1)	1383	6221
NP|PP755584.1|A/cattle/Texas/24-008749-002/2024(H5N1)	1384	6220
NP|PP755584.1|A/cattle/Texas/24-008749-002/2024(H5N1)	1385	6226
NP|PP755584.1|A/cattle/Texas/24-008749-002/2024(H5N1)	1386	6103
NP|PP755584.1|A/cattle/Texas/24-008749-002/2024(H5N1)	1387	6164
NP|PP755584.1|A/cattle/Texas/24-008749-002/2024(H5N1)	1388	5992
NP|PP755584.1|A/cattle/Texas/24-008749-002/2024(H5N1)	1389	5870
NP|PP755584.1|A/cattle/Texas/24-008749-002/2024(H5N1)	1390	5862
NP|PP755584.1|A/cattle/Texas/24-008749-002/2024(H5N1)	1391	5858
NP|PP755584.1|A/cattle/Texas/24-008749-002/2024(H5N1)	1392	5840
NP|PP755584.1|A/cattle/Texas/24-008749-002/2024(H5N1)	1393	5839
NP|PP755584.1|A/cattle/Texas/24-008749-002/2024(H5N1)	1394	5824
NP|PP755584.1|A/cattle/Texas/24-008749-002/2024(H5N1)	1395	5824
NP|PP755584.1|A/cattle/Texas/24-008749-002/2024(H5N1)	1396	5614
NP|PP755584.1|A/cattle/Texas/24-008749-002/2024(H5N1)	1397	5586
NP|PP755584.1|A/cattle/Texas/24-008749-002/2024(H5N1)	1398	5561
NP|PP755584.1|A/cattle/Texas/24-008749-002/2024(H5N1)	1399	5560
NP|PP755584.1|A/cattle/Texas/24-008749-002/2024(H5N1)	1400	5560
NP|PP755584.1|A/cattle/Texas/24-008749-002/2024(H5N1)	1401	5559
NP|PP755584.1|A/cattle/Texas/24-008749-002/2024(H5N1)	1402	5551
NP|PP755584.1|A/cattle/Texas/24-008749-002/2024(H5N1)	1403	5551
NP|PP755584.1|A/cattle/Texas/24-008749-002/2024(H5N1)	1404	5530
NP|PP755584.1|A/cattle/Texas/24-008749-002/2024(H5N1)	1405	5521
NP|PP755584.1|A/cattle/Texas/24-008749-002/2024(H5N1)	1406	5504
NP|PP755584.1|A/cattle/Texas/24-008749-002/2024(H5N1)	1407	5489
NP|PP755584.1|A/cattle/Texas/24-008749-002/2024(H5N1)	1408	5469
NP|PP755584.1|A/cattle/Texas/24-008749-002/2024(H5N1)	1409	5463
NP|PP755584.1|A/cattle/Texas/24-008749-002/2024(H5N1)	1410	5466
NP|PP755584.1|A/cattle/Texas/24-008749-002/2024(H5N1)	1411	5428
NP|PP755584.1|A/cattle/Texas/24-008749-002/2024(H5N1)	1412	5423
NP|PP755584.1|A/cattle/Texas/24-008749-002/2024(H5N1)	1413	5399
NP|PP755584.1|A/cattle/Texas/24-008749-002/2024(H5N1)	1414	5401
NP|PP755584.1|A/cattle/Texas/24-008749-002/2024(H5N1)	1415	5370
NP|PP755584.1|A/cattle/Texas/24-008749-002/2024(H5N1)	1416	5373
NP|PP755584.1|A/cattle/Texas/24-008749-002/2024(H5N1)	1417	5368
NP|PP755584.1|A/cattle/Texas/24-008749-002/2024(H5N1)	1418	5364
NP|PP755584.1|A/cattle/Texas/24-008749-002/2024(H5N1)	1419	5358
NP|PP755584.1|A/cattle/Texas/24-008749-002/2024(H5N1)	1420	5331
NP|PP755584.1|A/cattle/Texas/24-008749-002/2024(H5N1)	1421	5280
NP|PP755584.1|A/cattle/Texas/24-008749-002/2024(H5N1)	1422	5285
NP|PP755584.1|A/cattle/Texas/24-008749-002/2024(H5N1)	1423	5242
NP|PP755584.1|A/cattle/Texas/24-008749-002/2024(H5N1)	1424	5242
NP|PP755584.1|A/cattle/Texas/24-008749-002/2024(H5N1)	1425	5176
NP|PP755584.1|A/cattle/Texas/24-008749-002/2024(H5N1)	1426	5161
NP|PP755584.1|A/cattle/Texas/24-008749-002/2024(H5N1)	1427	5109
NP|PP755584.1|A/cattle/Texas/24-008749-002/2024(H5N1)	1428	5098
NP|PP755584.1|A/cattle/Texas/24-008749-002/2024(H5N1)	1429	5096
NP|PP755584.1|A/cattle/Texas/24-008749-002/2024(H5N1)	1430	5072
NP|PP755584.1|A/cattle/Texas/24-008749-002/2024(H5N1)	1431	5042
NP|PP755584.1|A/cattle/Texas/24-008749-002/2024(H5N1)	1432	5019
NP|PP755584.1|A/cattle/Texas/24-008749-002/2024(H5N1)	1433	5037
NP|PP755584.1|A/cattle/Texas/24-008749-002/2024(H5N1)	1434	5026
NP|PP755584.1|A/cattle/Texas/24-008749-002/2024(H5N1)	1435	4975
NP|PP755584.1|A/cattle/Texas/24-008749-002/2024(H5N1)	1436	4964
NP|PP755584.1|A/cattle/Texas/24-008749-002/2024(H5N1)	1437	4949
NP|PP755584.1|A/cattle/Texas/24-008749-002/2024(H5N1)	1438	4965
NP|PP755584.1|A/cattle/Texas/24-008749-002/2024(H5N1)	1439	4960
NP|PP755584.1|A/cattle/Texas/24-008749-002/2024(H5N1)	1440	4951
NP|PP755584.1|A/cattle/Texas/24-008749-002/2024(H5N1)	1441	4940
NP|PP755584.1|A/cattle/Texas/24-008749-002/2024(H5N1)	1442	4707
NP|PP755584.1|A/cattle/Texas/24-008749-002/2024(H5N1)	1443	4714
NP|PP755584.1|A/cattle/Texas/24-008749-002/2024(H5N1)	1444	4713
NP|PP755584.1|A/cattle/Texas/24-008749-002/2024(H5N1)	1445	4713
NP|PP755584.1|A/cattle/Texas/24-008749-002/2024(H5N1)	1446	4694
NP|PP755584.1|A/cattle/Texas/24-008749-002/2024(H5N1)	1447	4538
NP|PP755584.1|A/cattle/Texas/24-008749-002/2024(H5N1)	1448	4535
NP|PP755584.1|A/cattle/Texas/24-008749-002/2024(H5N1)	1449	4511
NP|PP755584.1|A/cattle/Texas/24-008749-002/2024(H5N1)	1450	4510
NP|PP755584.1|A/cattle/Texas/24-008749-002/2024(H5N1)	1451	4509
NP|PP755584.1|A/cattle/Texas/24-008749-002/2024(H5N1)	1452	4387
NP|PP755584.1|A/cattle/Texas/24-008749-002/2024(H5N1)	1453	4363
NP|PP755584.1|A/cattle/Texas/24-008749-002/2024(H5N1)	1454	4350
NP|PP755584.1|A/cattle/Texas/24-008749-002/2024(H5N1)	1455	4243
NP|PP755584.1|A/cattle/Texas/24-008749-002/2024(H5N1)	1456	4241
NP|PP755584.1|A/cattle/Texas/24-008749-002/2024(H5N1)	1457	4188
NP|PP755584.1|A/cattle/Texas/24-008749-002/2024(H5N1)	1458	4174
NP|PP755584.1|A/cattle/Texas/24-008749-002/2024(H5N1)	1459	4163
NP|PP755584.1|A/cattle/Texas/24-008749-002/2024(H5N1)	1460	4156
NP|PP755584.1|A/cattle/Texas/24-008749-002/2024(H5N1)	1461	4138
NP|PP755584.1|A/cattle/Texas/24-008749-002/2024(H5N1)	1462	4108
NP|PP755584.1|A/cattle/Texas/24-008749-002/2024(H5N1)	1463	4091
NP|PP755584.1|A/cattle/Texas/24-008749-002/2024(H5N1)	1464	4051
NP|PP755584.1|A/cattle/Texas/24-008749-002/2024(H5N1)	1465	3977
NP|PP755584.1|A/cattle/Texas/24-008749-002/2024(H5N1)	1466	3977
NP|PP755584.1|A/cattle/Texas/24-008749-002/2024(H5N1)	1467	3942
NP|PP755584.1|A/cattle/Texas/24-008749-002/2024(H5N1)	1468	3930
NP|PP755584.1|A/cattle/Texas/24-008749-002/2024(H5N1)	1469	3930
NP|PP755584.1|A/cattle/Texas/24-008749-002/2024(H5N1)	1470	3909
NP|PP755584.1|A/cattle/Texas/24-008749-002/2024(H5N1)	1471	3909
NP|PP755584.1|A/cattle/Texas/24-008749-002/2024(H5N1)	1472	3905
NP|PP755584.1|A/cattle/Texas/24-008749-002/2024(H5N1)	1473	3887
NP|PP755584.1|A/cattle/Texas/24-008749-002/2024(H5N1)	1474	3833
NP|PP755584.1|A/cattle/Texas/24-008749-002/2024(H5N1)	1475	3825
NP|PP755584.1|A/cattle/Texas/24-008749-002/2024(H5N1)	1476	3821
NP|PP755584.1|A/cattle/Texas/24-008749-002/2024(H5N1)	1477	3821
NP|PP755584.1|A/cattle/Texas/24-008749-002/2024(H5N1)	1478	3819
NP|PP755584.1|A/cattle/Texas/24-008749-002/2024(H5N1)	1479	3740
NP|PP755584.1|A/cattle/Texas/24-008749-002/2024(H5N1)	1480	3717
NP|PP755584.1|A/cattle/Texas/24-008749-002/2024(H5N1)	1481	3688
NP|PP755584.1|A/cattle/Texas/24-008749-002/2024(H5N1)	1482	3649
NP|PP755584.1|A/cattle/Texas/24-008749-002/2024(H5N1)	1483	3621
NP|PP755584.1|A/cattle/Texas/24-008749-002/2024(H5N1)	1484	2931
NP|PP755584.1|A/cattle/Texas/24-008749-002/2024(H5N1)	1485	2931
NP|PP755584.1|A/cattle/Texas/24-008749-002/2024(H5N1)	1486	2811
NP|PP755584.1|A/cattle/Texas/24-008749-002/2024(H5N1)	1487	2807
NP|PP755584.1|A/cattle/Texas/24-008749-002/2024(H5N1)	1488	2796
NP|PP755584.1|A/cattle/Texas/24-008749-002/2024(H5N1)	1489	2746
NP|PP755584.1|A/cattle/Texas/24-008749-002/2024(H5N1)	1490	2736
NP|PP755584.1|A/cattle/Texas/24-008749-002/2024(H5N1)	1491	2689
NP|PP755584.1|A/cattle/Texas/24-008749-002/2024(H5N1)	1492	2185
NP|PP755584.1|A/cattle/Texas/24-008749-002/2024(H5N1)	1493	2179
NP|PP755584.1|A/cattle/Texas/24-008749-002/2024(H5N1)	1494	1977
NP|PP755584.1|A/cattle/Texas/24-008749-002/2024(H5N1)	1495	1970
NP|PP755584.1|A/cattle/Texas/24-008749-002/2024(H5N1)	1496	1961
NP|PP755584.1|A/cattle/Texas/24-008749-002/2024(H5N1)	1497	1959
