MP|PP755590.1|A/cattle/Texas/24-008749-003/2024(H5N1)	1	18514
MP|PP755590.1|A/cattle/Texas/24-008749-003/2024(H5N1)	2	18679
MP|PP755590.1|A/cattle/Texas/24-008749-003/2024(H5N1)	3	18706
MP|PP755590.1|A/cattle/Texas/24-008749-003/2024(H5N1)	4	18732
MP|PP755590.1|A/cattle/Texas/24-008749-003/2024(H5N1)	5	19867
MP|PP755590.1|A/cattle/Texas/24-008749-003/2024(H5N1)	6	20261
MP|PP755590.1|A/cattle/Texas/24-008749-003/2024(H5N1)	7	21959
MP|PP755590.1|A/cattle/Texas/24-008749-003/2024(H5N1)	8	22655
MP|PP755590.1|A/cattle/Texas/24-008749-003/2024(H5N1)	9	22866
MP|PP755590.1|A/cattle/Texas/24-008749-003/2024(H5N1)	10	22889
MP|PP755590.1|A/cattle/Texas/24-008749-003/2024(H5N1)	11	22968
MP|PP755590.1|A/cattle/Texas/24-008749-003/2024(H5N1)	12	23203
MP|PP755590.1|A/cattle/Texas/24-008749-003/2024(H5N1)	13	23299
MP|PP755590.1|A/cattle/Texas/24-008749-003/2024(H5N1)	14	23303
MP|PP755590.1|A/cattle/Texas/24-008749-003/2024(H5N1)	15	23304
MP|PP755590.1|A/cattle/Texas/24-008749-003/2024(H5N1)	16	23310
MP|PP755590.1|A/cattle/Texas/24-008749-003/2024(H5N1)	17	23515
MP|PP755590.1|A/cattle/Texas/24-008749-003/2024(H5N1)	18	23721
MP|PP755590.1|A/cattle/Texas/24-008749-003/2024(H5N1)	19	24558
MP|PP755590.1|A/cattle/Texas/24-008749-003/2024(H5N1)	20	24565
MP|PP755590.1|A/cattle/Texas/24-008749-003/2024(H5N1)	21	24577
MP|PP755590.1|A/cattle/Texas/24-008749-003/2024(H5N1)	22	24592
MP|PP755590.1|A/cattle/Texas/24-008749-003/2024(H5N1)	23	25199
MP|PP755590.1|A/cattle/Texas/24-008749-003/2024(H5N1)	24	25242
MP|PP755590.1|A/cattle/Texas/24-008749-003/2024(H5N1)	25	25329
MP|PP755590.1|A/cattle/Texas/24-008749-003/2024(H5N1)	26	26289
MP|PP755590.1|A/cattle/Texas/24-008749-003/2024(H5N1)	27	26366
MP|PP755590.1|A/cattle/Texas/24-008749-003/2024(H5N1)	28	26487
MP|PP755590.1|A/cattle/Texas/24-008749-003/2024(H5N1)	29	26539
MP|PP755590.1|A/cattle/Texas/24-008749-003/2024(H5N1)	30	26718
MP|PP755590.1|A/cattle/Texas/24-008749-003/2024(H5N1)	31	26875
MP|PP755590.1|A/cattle/Texas/24-008749-003/2024(H5N1)	32	26948
MP|PP755590.1|A/cattle/Texas/24-008749-003/2024(H5N1)	33	27762
MP|PP755590.1|A/cattle/Texas/24-008749-003/2024(H5N1)	34	28343
MP|PP755590.1|A/cattle/Texas/24-008749-003/2024(H5N1)	35	28357
MP|PP755590.1|A/cattle/Texas/24-008749-003/2024(H5N1)	36	29463
MP|PP755590.1|A/cattle/Texas/24-008749-003/2024(H5N1)	37	29463
MP|PP755590.1|A/cattle/Texas/24-008749-003/2024(H5N1)	38	30930
MP|PP755590.1|A/cattle/Texas/24-008749-003/2024(H5N1)	39	30962
MP|PP755590.1|A/cattle/Texas/24-008749-003/2024(H5N1)	40	31175
MP|PP755590.1|A/cattle/Texas/24-008749-003/2024(H5N1)	41	31176
MP|PP755590.1|A/cattle/Texas/24-008749-003/2024(H5N1)	42	31168
MP|PP755590.1|A/cattle/Texas/24-008749-003/2024(H5N1)	43	31330
MP|PP755590.1|A/cattle/Texas/24-008749-003/2024(H5N1)	44	31344
MP|PP755590.1|A/cattle/Texas/24-008749-003/2024(H5N1)	45	31410
MP|PP755590.1|A/cattle/Texas/24-008749-003/2024(H5N1)	46	31602
MP|PP755590.1|A/cattle/Texas/24-008749-003/2024(H5N1)	47	31985
MP|PP755590.1|A/cattle/Texas/24-008749-003/2024(H5N1)	48	32204
MP|PP755590.1|A/cattle/Texas/24-008749-003/2024(H5N1)	49	32246
MP|PP755590.1|A/cattle/Texas/24-008749-003/2024(H5N1)	50	32305
MP|PP755590.1|A/cattle/Texas/24-008749-003/2024(H5N1)	51	32311
MP|PP755590.1|A/cattle/Texas/24-008749-003/2024(H5N1)	52	32683
MP|PP755590.1|A/cattle/Texas/24-008749-003/2024(H5N1)	53	33220
MP|PP755590.1|A/cattle/Texas/24-008749-003/2024(H5N1)	54	33247
MP|PP755590.1|A/cattle/Texas/24-008749-003/2024(H5N1)	55	33269
MP|PP755590.1|A/cattle/Texas/24-008749-003/2024(H5N1)	56	33628
MP|PP755590.1|A/cattle/Texas/24-008749-003/2024(H5N1)	57	36085
MP|PP755590.1|A/cattle/Texas/24-008749-003/2024(H5N1)	58	36151
MP|PP755590.1|A/cattle/Texas/24-008749-003/2024(H5N1)	59	36306
MP|PP755590.1|A/cattle/Texas/24-008749-003/2024(H5N1)	60	36334
MP|PP755590.1|A/cattle/Texas/24-008749-003/2024(H5N1)	61	36533
MP|PP755590.1|A/cattle/Texas/24-008749-003/2024(H5N1)	62	36592
MP|PP755590.1|A/cattle/Texas/24-008749-003/2024(H5N1)	63	37073
MP|PP755590.1|A/cattle/Texas/24-008749-003/2024(H5N1)	64	37226
MP|PP755590.1|A/cattle/Texas/24-008749-003/2024(H5N1)	65	37405
MP|PP755590.1|A/cattle/Texas/24-008749-003/2024(H5N1)	66	37128
MP|PP755590.1|A/cattle/Texas/24-008749-003/2024(H5N1)	67	37124
MP|PP755590.1|A/cattle/Texas/24-008749-003/2024(H5N1)	68	37283
MP|PP755590.1|A/cattle/Texas/24-008749-003/2024(H5N1)	69	37320
MP|PP755590.1|A/cattle/Texas/24-008749-003/2024(H5N1)	70	38266
MP|PP755590.1|A/cattle/Texas/24-008749-003/2024(H5N1)	71	38276
MP|PP755590.1|A/cattle/Texas/24-008749-003/2024(H5N1)	72	38246
MP|PP755590.1|A/cattle/Texas/24-008749-003/2024(H5N1)	73	38523
MP|PP755590.1|A/cattle/Texas/24-008749-003/2024(H5N1)	74	38808
MP|PP755590.1|A/cattle/Texas/24-008749-003/2024(H5N1)	75	38817
MP|PP755590.1|A/cattle/Texas/24-008749-003/2024(H5N1)	76	39372
MP|PP755590.1|A/cattle/Texas/24-008749-003/2024(H5N1)	77	39362
MP|PP755590.1|A/cattle/Texas/24-008749-003/2024(H5N1)	78	39490
MP|PP755590.1|A/cattle/Texas/24-008749-003/2024(H5N1)	79	40266
MP|PP755590.1|A/cattle/Texas/24-008749-003/2024(H5N1)	80	43062
MP|PP755590.1|A/cattle/Texas/24-008749-003/2024(H5N1)	81	43198
MP|PP755590.1|A/cattle/Texas/24-008749-003/2024(H5N1)	82	43612
MP|PP755590.1|A/cattle/Texas/24-008749-003/2024(H5N1)	83	44287
MP|PP755590.1|A/cattle/Texas/24-008749-003/2024(H5N1)	84	44306
MP|PP755590.1|A/cattle/Texas/24-008749-003/2024(H5N1)	85	44792
MP|PP755590.1|A/cattle/Texas/24-008749-003/2024(H5N1)	86	44834
MP|PP755590.1|A/cattle/Texas/24-008749-003/2024(H5N1)	87	44823
MP|PP755590.1|A/cattle/Texas/24-008749-003/2024(H5N1)	88	44831
MP|PP755590.1|A/cattle/Texas/24-008749-003/2024(H5N1)	89	44496
MP|PP755590.1|A/cattle/Texas/24-008749-003/2024(H5N1)	90	44540
MP|PP755590.1|A/cattle/Texas/24-008749-003/2024(H5N1)	91	44635
MP|PP755590.1|A/cattle/Texas/24-008749-003/2024(H5N1)	92	44743
MP|PP755590.1|A/cattle/Texas/24-008749-003/2024(H5N1)	93	44778
MP|PP755590.1|A/cattle/Texas/24-008749-003/2024(H5N1)	94	44685
MP|PP755590.1|A/cattle/Texas/24-008749-003/2024(H5N1)	95	44719
MP|PP755590.1|A/cattle/Texas/24-008749-003/2024(H5N1)	96	44984
MP|PP755590.1|A/cattle/Texas/24-008749-003/2024(H5N1)	97	45071
MP|PP755590.1|A/cattle/Texas/24-008749-003/2024(H5N1)	98	45068
MP|PP755590.1|A/cattle/Texas/24-008749-003/2024(H5N1)	99	45049
MP|PP755590.1|A/cattle/Texas/24-008749-003/2024(H5N1)	100	45496
MP|PP755590.1|A/cattle/Texas/24-008749-003/2024(H5N1)	101	45551
MP|PP755590.1|A/cattle/Texas/24-008749-003/2024(H5N1)	102	46578
MP|PP755590.1|A/cattle/Texas/24-008749-003/2024(H5N1)	103	46685
MP|PP755590.1|A/cattle/Texas/24-008749-003/2024(H5N1)	104	46707
MP|PP755590.1|A/cattle/Texas/24-008749-003/2024(H5N1)	105	47107
MP|PP755590.1|A/cattle/Texas/24-008749-003/2024(H5N1)	106	47295
MP|PP755590.1|A/cattle/Texas/24-008749-003/2024(H5N1)	107	47407
MP|PP755590.1|A/cattle/Texas/24-008749-003/2024(H5N1)	108	47628
MP|PP755590.1|A/cattle/Texas/24-008749-003/2024(H5N1)	109	47528
MP|PP755590.1|A/cattle/Texas/24-008749-003/2024(H5N1)	110	47893
MP|PP755590.1|A/cattle/Texas/24-008749-003/2024(H5N1)	111	47676
MP|PP755590.1|A/cattle/Texas/24-008749-003/2024(H5N1)	112	47726
MP|PP755590.1|A/cattle/Texas/24-008749-003/2024(H5N1)	113	48954
MP|PP755590.1|A/cattle/Texas/24-008749-003/2024(H5N1)	114	49045
MP|PP755590.1|A/cattle/Texas/24-008749-003/2024(H5N1)	115	49400
MP|PP755590.1|A/cattle/Texas/24-008749-003/2024(H5N1)	116	49365
MP|PP755590.1|A/cattle/Texas/24-008749-003/2024(H5N1)	117	49330
MP|PP755590.1|A/cattle/Texas/24-008749-003/2024(H5N1)	118	49344
MP|PP755590.1|A/cattle/Texas/24-008749-003/2024(H5N1)	119	49408
MP|PP755590.1|A/cattle/Texas/24-008749-003/2024(H5N1)	120	49502
MP|PP755590.1|A/cattle/Texas/24-008749-003/2024(H5N1)	121	49602
MP|PP755590.1|A/cattle/Texas/24-008749-003/2024(H5N1)	122	49375
MP|PP755590.1|A/cattle/Texas/24-008749-003/2024(H5N1)	123	49667
MP|PP755590.1|A/cattle/Texas/24-008749-003/2024(H5N1)	124	44879
MP|PP755590.1|A/cattle/Texas/24-008749-003/2024(H5N1)	125	45253
MP|PP755590.1|A/cattle/Texas/24-008749-003/2024(H5N1)	126	43903
MP|PP755590.1|A/cattle/Texas/24-008749-003/2024(H5N1)	127	43914
MP|PP755590.1|A/cattle/Texas/24-008749-003/2024(H5N1)	128	42513
MP|PP755590.1|A/cattle/Texas/24-008749-003/2024(H5N1)	129	42444
MP|PP755590.1|A/cattle/Texas/24-008749-003/2024(H5N1)	130	42461
MP|PP755590.1|A/cattle/Texas/24-008749-003/2024(H5N1)	131	42333
MP|PP755590.1|A/cattle/Texas/24-008749-003/2024(H5N1)	132	43828
MP|PP755590.1|A/cattle/Texas/24-008749-003/2024(H5N1)	133	42746
MP|PP755590.1|A/cattle/Texas/24-008749-003/2024(H5N1)	134	43635
MP|PP755590.1|A/cattle/Texas/24-008749-003/2024(H5N1)	135	44531
MP|PP755590.1|A/cattle/Texas/24-008749-003/2024(H5N1)	136	43262
MP|PP755590.1|A/cattle/Texas/24-008749-003/2024(H5N1)	137	44401
MP|PP755590.1|A/cattle/Texas/24-008749-003/2024(H5N1)	138	44434
MP|PP755590.1|A/cattle/Texas/24-008749-003/2024(H5N1)	139	44430
MP|PP755590.1|A/cattle/Texas/24-008749-003/2024(H5N1)	140	45640
MP|PP755590.1|A/cattle/Texas/24-008749-003/2024(H5N1)	141	45994
MP|PP755590.1|A/cattle/Texas/24-008749-003/2024(H5N1)	142	46587
MP|PP755590.1|A/cattle/Texas/24-008749-003/2024(H5N1)	143	45931
MP|PP755590.1|A/cattle/Texas/24-008749-003/2024(H5N1)	144	45444
MP|PP755590.1|A/cattle/Texas/24-008749-003/2024(H5N1)	145	45495
MP|PP755590.1|A/cattle/Texas/24-008749-003/2024(H5N1)	146	47066
MP|PP755590.1|A/cattle/Texas/24-008749-003/2024(H5N1)	147	47890
MP|PP755590.1|A/cattle/Texas/24-008749-003/2024(H5N1)	148	47839
MP|PP755590.1|A/cattle/Texas/24-008749-003/2024(H5N1)	149	47421
MP|PP755590.1|A/cattle/Texas/24-008749-003/2024(H5N1)	150	47544
MP|PP755590.1|A/cattle/Texas/24-008749-003/2024(H5N1)	151	47722
MP|PP755590.1|A/cattle/Texas/24-008749-003/2024(H5N1)	152	47806
MP|PP755590.1|A/cattle/Texas/24-008749-003/2024(H5N1)	153	48422
MP|PP755590.1|A/cattle/Texas/24-008749-003/2024(H5N1)	154	45424
MP|PP755590.1|A/cattle/Texas/24-008749-003/2024(H5N1)	155	46999
MP|PP755590.1|A/cattle/Texas/24-008749-003/2024(H5N1)	156	47067
MP|PP755590.1|A/cattle/Texas/24-008749-003/2024(H5N1)	157	47073
MP|PP755590.1|A/cattle/Texas/24-008749-003/2024(H5N1)	158	47065
MP|PP755590.1|A/cattle/Texas/24-008749-003/2024(H5N1)	159	47087
MP|PP755590.1|A/cattle/Texas/24-008749-003/2024(H5N1)	160	48741
MP|PP755590.1|A/cattle/Texas/24-008749-003/2024(H5N1)	161	48529
MP|PP755590.1|A/cattle/Texas/24-008749-003/2024(H5N1)	162	48792
MP|PP755590.1|A/cattle/Texas/24-008749-003/2024(H5N1)	163	48780
MP|PP755590.1|A/cattle/Texas/24-008749-003/2024(H5N1)	164	48904
MP|PP755590.1|A/cattle/Texas/24-008749-003/2024(H5N1)	165	49862
MP|PP755590.1|A/cattle/Texas/24-008749-003/2024(H5N1)	166	49912
MP|PP755590.1|A/cattle/Texas/24-008749-003/2024(H5N1)	167	49651
MP|PP755590.1|A/cattle/Texas/24-008749-003/2024(H5N1)	168	49656
MP|PP755590.1|A/cattle/Texas/24-008749-003/2024(H5N1)	169	49092
MP|PP755590.1|A/cattle/Texas/24-008749-003/2024(H5N1)	170	48684
MP|PP755590.1|A/cattle/Texas/24-008749-003/2024(H5N1)	171	48727
MP|PP755590.1|A/cattle/Texas/24-008749-003/2024(H5N1)	172	48792
MP|PP755590.1|A/cattle/Texas/24-008749-003/2024(H5N1)	173	48855
MP|PP755590.1|A/cattle/Texas/24-008749-003/2024(H5N1)	174	48694
MP|PP755590.1|A/cattle/Texas/24-008749-003/2024(H5N1)	175	49437
MP|PP755590.1|A/cattle/Texas/24-008749-003/2024(H5N1)	176	49374
MP|PP755590.1|A/cattle/Texas/24-008749-003/2024(H5N1)	177	48820
MP|PP755590.1|A/cattle/Texas/24-008749-003/2024(H5N1)	178	48797
MP|PP755590.1|A/cattle/Texas/24-008749-003/2024(H5N1)	179	48708
MP|PP755590.1|A/cattle/Texas/24-008749-003/2024(H5N1)	180	48683
MP|PP755590.1|A/cattle/Texas/24-008749-003/2024(H5N1)	181	48939
MP|PP755590.1|A/cattle/Texas/24-008749-003/2024(H5N1)	182	49079
MP|PP755590.1|A/cattle/Texas/24-008749-003/2024(H5N1)	183	49108
MP|PP755590.1|A/cattle/Texas/24-008749-003/2024(H5N1)	184	48474
MP|PP755590.1|A/cattle/Texas/24-008749-003/2024(H5N1)	185	48158
MP|PP755590.1|A/cattle/Texas/24-008749-003/2024(H5N1)	186	48121
MP|PP755590.1|A/cattle/Texas/24-008749-003/2024(H5N1)	187	47681
MP|PP755590.1|A/cattle/Texas/24-008749-003/2024(H5N1)	188	47699
MP|PP755590.1|A/cattle/Texas/24-008749-003/2024(H5N1)	189	46519
MP|PP755590.1|A/cattle/Texas/24-008749-003/2024(H5N1)	190	47333
MP|PP755590.1|A/cattle/Texas/24-008749-003/2024(H5N1)	191	47663
MP|PP755590.1|A/cattle/Texas/24-008749-003/2024(H5N1)	192	47859
MP|PP755590.1|A/cattle/Texas/24-008749-003/2024(H5N1)	193	47866
MP|PP755590.1|A/cattle/Texas/24-008749-003/2024(H5N1)	194	49164
MP|PP755590.1|A/cattle/Texas/24-008749-003/2024(H5N1)	195	49167
MP|PP755590.1|A/cattle/Texas/24-008749-003/2024(H5N1)	196	48611
MP|PP755590.1|A/cattle/Texas/24-008749-003/2024(H5N1)	197	48450
MP|PP755590.1|A/cattle/Texas/24-008749-003/2024(H5N1)	198	49437
MP|PP755590.1|A/cattle/Texas/24-008749-003/2024(H5N1)	199	49846
MP|PP755590.1|A/cattle/Texas/24-008749-003/2024(H5N1)	200	50404
MP|PP755590.1|A/cattle/Texas/24-008749-003/2024(H5N1)	201	50629
MP|PP755590.1|A/cattle/Texas/24-008749-003/2024(H5N1)	202	50664
MP|PP755590.1|A/cattle/Texas/24-008749-003/2024(H5N1)	203	50026
MP|PP755590.1|A/cattle/Texas/24-008749-003/2024(H5N1)	204	50090
MP|PP755590.1|A/cattle/Texas/24-008749-003/2024(H5N1)	205	50475
MP|PP755590.1|A/cattle/Texas/24-008749-003/2024(H5N1)	206	50411
MP|PP755590.1|A/cattle/Texas/24-008749-003/2024(H5N1)	207	48412
MP|PP755590.1|A/cattle/Texas/24-008749-003/2024(H5N1)	208	48051
MP|PP755590.1|A/cattle/Texas/24-008749-003/2024(H5N1)	209	48449
MP|PP755590.1|A/cattle/Texas/24-008749-003/2024(H5N1)	210	49878
MP|PP755590.1|A/cattle/Texas/24-008749-003/2024(H5N1)	211	50130
MP|PP755590.1|A/cattle/Texas/24-008749-003/2024(H5N1)	212	50760
MP|PP755590.1|A/cattle/Texas/24-008749-003/2024(H5N1)	213	50757
MP|PP755590.1|A/cattle/Texas/24-008749-003/2024(H5N1)	214	50995
MP|PP755590.1|A/cattle/Texas/24-008749-003/2024(H5N1)	215	51121
MP|PP755590.1|A/cattle/Texas/24-008749-003/2024(H5N1)	216	51137
MP|PP755590.1|A/cattle/Texas/24-008749-003/2024(H5N1)	217	52379
MP|PP755590.1|A/cattle/Texas/24-008749-003/2024(H5N1)	218	52533
MP|PP755590.1|A/cattle/Texas/24-008749-003/2024(H5N1)	219	52214
MP|PP755590.1|A/cattle/Texas/24-008749-003/2024(H5N1)	220	54261
MP|PP755590.1|A/cattle/Texas/24-008749-003/2024(H5N1)	221	53531
MP|PP755590.1|A/cattle/Texas/24-008749-003/2024(H5N1)	222	53608
MP|PP755590.1|A/cattle/Texas/24-008749-003/2024(H5N1)	223	53357
MP|PP755590.1|A/cattle/Texas/24-008749-003/2024(H5N1)	224	53270
MP|PP755590.1|A/cattle/Texas/24-008749-003/2024(H5N1)	225	54329
MP|PP755590.1|A/cattle/Texas/24-008749-003/2024(H5N1)	226	54089
MP|PP755590.1|A/cattle/Texas/24-008749-003/2024(H5N1)	227	54125
MP|PP755590.1|A/cattle/Texas/24-008749-003/2024(H5N1)	228	54387
MP|PP755590.1|A/cattle/Texas/24-008749-003/2024(H5N1)	229	53306
MP|PP755590.1|A/cattle/Texas/24-008749-003/2024(H5N1)	230	53340
MP|PP755590.1|A/cattle/Texas/24-008749-003/2024(H5N1)	231	51418
MP|PP755590.1|A/cattle/Texas/24-008749-003/2024(H5N1)	232	51030
MP|PP755590.1|A/cattle/Texas/24-008749-003/2024(H5N1)	233	51135
MP|PP755590.1|A/cattle/Texas/24-008749-003/2024(H5N1)	234	50374
MP|PP755590.1|A/cattle/Texas/24-008749-003/2024(H5N1)	235	51250
MP|PP755590.1|A/cattle/Texas/24-008749-003/2024(H5N1)	236	50923
MP|PP755590.1|A/cattle/Texas/24-008749-003/2024(H5N1)	237	50985
MP|PP755590.1|A/cattle/Texas/24-008749-003/2024(H5N1)	238	51468
MP|PP755590.1|A/cattle/Texas/24-008749-003/2024(H5N1)	239	52434
MP|PP755590.1|A/cattle/Texas/24-008749-003/2024(H5N1)	240	52396
MP|PP755590.1|A/cattle/Texas/24-008749-003/2024(H5N1)	241	52238
MP|PP755590.1|A/cattle/Texas/24-008749-003/2024(H5N1)	242	52183
MP|PP755590.1|A/cattle/Texas/24-008749-003/2024(H5N1)	243	52402
MP|PP755590.1|A/cattle/Texas/24-008749-003/2024(H5N1)	244	52809
MP|PP755590.1|A/cattle/Texas/24-008749-003/2024(H5N1)	245	52275
MP|PP755590.1|A/cattle/Texas/24-008749-003/2024(H5N1)	246	53080
MP|PP755590.1|A/cattle/Texas/24-008749-003/2024(H5N1)	247	52980
MP|PP755590.1|A/cattle/Texas/24-008749-003/2024(H5N1)	248	53062
MP|PP755590.1|A/cattle/Texas/24-008749-003/2024(H5N1)	249	54997
MP|PP755590.1|A/cattle/Texas/24-008749-003/2024(H5N1)	250	55091
MP|PP755590.1|A/cattle/Texas/24-008749-003/2024(H5N1)	251	55264
MP|PP755590.1|A/cattle/Texas/24-008749-003/2024(H5N1)	252	55609
MP|PP755590.1|A/cattle/Texas/24-008749-003/2024(H5N1)	253	54696
MP|PP755590.1|A/cattle/Texas/24-008749-003/2024(H5N1)	254	55490
MP|PP755590.1|A/cattle/Texas/24-008749-003/2024(H5N1)	255	55719
MP|PP755590.1|A/cattle/Texas/24-008749-003/2024(H5N1)	256	55210
MP|PP755590.1|A/cattle/Texas/24-008749-003/2024(H5N1)	257	55460
MP|PP755590.1|A/cattle/Texas/24-008749-003/2024(H5N1)	258	55461
MP|PP755590.1|A/cattle/Texas/24-008749-003/2024(H5N1)	259	56451
MP|PP755590.1|A/cattle/Texas/24-008749-003/2024(H5N1)	260	56687
MP|PP755590.1|A/cattle/Texas/24-008749-003/2024(H5N1)	261	56382
MP|PP755590.1|A/cattle/Texas/24-008749-003/2024(H5N1)	262	56407
MP|PP755590.1|A/cattle/Texas/24-008749-003/2024(H5N1)	263	56392
MP|PP755590.1|A/cattle/Texas/24-008749-003/2024(H5N1)	264	55343
MP|PP755590.1|A/cattle/Texas/24-008749-003/2024(H5N1)	265	55564
MP|PP755590.1|A/cattle/Texas/24-008749-003/2024(H5N1)	266	55397
MP|PP755590.1|A/cattle/Texas/24-008749-003/2024(H5N1)	267	56037
MP|PP755590.1|A/cattle/Texas/24-008749-003/2024(H5N1)	268	57796
MP|PP755590.1|A/cattle/Texas/24-008749-003/2024(H5N1)	269	58365
MP|PP755590.1|A/cattle/Texas/24-008749-003/2024(H5N1)	270	58520
MP|PP755590.1|A/cattle/Texas/24-008749-003/2024(H5N1)	271	58461
MP|PP755590.1|A/cattle/Texas/24-008749-003/2024(H5N1)	272	58482
MP|PP755590.1|A/cattle/Texas/24-008749-003/2024(H5N1)	273	59787
MP|PP755590.1|A/cattle/Texas/24-008749-003/2024(H5N1)	274	60414
MP|PP755590.1|A/cattle/Texas/24-008749-003/2024(H5N1)	275	58093
MP|PP755590.1|A/cattle/Texas/24-008749-003/2024(H5N1)	276	57616
MP|PP755590.1|A/cattle/Texas/24-008749-003/2024(H5N1)	277	57554
MP|PP755590.1|A/cattle/Texas/24-008749-003/2024(H5N1)	278	57533
MP|PP755590.1|A/cattle/Texas/24-008749-003/2024(H5N1)	279	58894
MP|PP755590.1|A/cattle/Texas/24-008749-003/2024(H5N1)	280	59060
MP|PP755590.1|A/cattle/Texas/24-008749-003/2024(H5N1)	281	58998
MP|PP755590.1|A/cattle/Texas/24-008749-003/2024(H5N1)	282	58929
MP|PP755590.1|A/cattle/Texas/24-008749-003/2024(H5N1)	283	57137
MP|PP755590.1|A/cattle/Texas/24-008749-003/2024(H5N1)	284	57990
MP|PP755590.1|A/cattle/Texas/24-008749-003/2024(H5N1)	285	57156
MP|PP755590.1|A/cattle/Texas/24-008749-003/2024(H5N1)	286	56516
MP|PP755590.1|A/cattle/Texas/24-008749-003/2024(H5N1)	287	56846
MP|PP755590.1|A/cattle/Texas/24-008749-003/2024(H5N1)	288	55525
MP|PP755590.1|A/cattle/Texas/24-008749-003/2024(H5N1)	289	56182
MP|PP755590.1|A/cattle/Texas/24-008749-003/2024(H5N1)	290	56217
MP|PP755590.1|A/cattle/Texas/24-008749-003/2024(H5N1)	291	54436
MP|PP755590.1|A/cattle/Texas/24-008749-003/2024(H5N1)	292	54332
MP|PP755590.1|A/cattle/Texas/24-008749-003/2024(H5N1)	293	53595
MP|PP755590.1|A/cattle/Texas/24-008749-003/2024(H5N1)	294	52522
MP|PP755590.1|A/cattle/Texas/24-008749-003/2024(H5N1)	295	51316
MP|PP755590.1|A/cattle/Texas/24-008749-003/2024(H5N1)	296	56348
MP|PP755590.1|A/cattle/Texas/24-008749-003/2024(H5N1)	297	58349
MP|PP755590.1|A/cattle/Texas/24-008749-003/2024(H5N1)	298	59076
MP|PP755590.1|A/cattle/Texas/24-008749-003/2024(H5N1)	299	59126
MP|PP755590.1|A/cattle/Texas/24-008749-003/2024(H5N1)	300	59106
MP|PP755590.1|A/cattle/Texas/24-008749-003/2024(H5N1)	301	58824
MP|PP755590.1|A/cattle/Texas/24-008749-003/2024(H5N1)	302	58542
MP|PP755590.1|A/cattle/Texas/24-008749-003/2024(H5N1)	303	59668
MP|PP755590.1|A/cattle/Texas/24-008749-003/2024(H5N1)	304	59361
MP|PP755590.1|A/cattle/Texas/24-008749-003/2024(H5N1)	305	59347
MP|PP755590.1|A/cattle/Texas/24-008749-003/2024(H5N1)	306	57365
MP|PP755590.1|A/cattle/Texas/24-008749-003/2024(H5N1)	307	58649
MP|PP755590.1|A/cattle/Texas/24-008749-003/2024(H5N1)	308	58674
MP|PP755590.1|A/cattle/Texas/24-008749-003/2024(H5N1)	309	58733
MP|PP755590.1|A/cattle/Texas/24-008749-003/2024(H5N1)	310	58798
MP|PP755590.1|A/cattle/Texas/24-008749-003/2024(H5N1)	311	57109
MP|PP755590.1|A/cattle/Texas/24-008749-003/2024(H5N1)	312	57148
MP|PP755590.1|A/cattle/Texas/24-008749-003/2024(H5N1)	313	56769
MP|PP755590.1|A/cattle/Texas/24-008749-003/2024(H5N1)	314	57083
MP|PP755590.1|A/cattle/Texas/24-008749-003/2024(H5N1)	315	57093
MP|PP755590.1|A/cattle/Texas/24-008749-003/2024(H5N1)	316	56481
MP|PP755590.1|A/cattle/Texas/24-008749-003/2024(H5N1)	317	56901
MP|PP755590.1|A/cattle/Texas/24-008749-003/2024(H5N1)	318	57031
MP|PP755590.1|A/cattle/Texas/24-008749-003/2024(H5N1)	319	57340
MP|PP755590.1|A/cattle/Texas/24-008749-003/2024(H5N1)	320	57395
MP|PP755590.1|A/cattle/Texas/24-008749-003/2024(H5N1)	321	57340
MP|PP755590.1|A/cattle/Texas/24-008749-003/2024(H5N1)	322	57706
MP|PP755590.1|A/cattle/Texas/24-008749-003/2024(H5N1)	323	57899
MP|PP755590.1|A/cattle/Texas/24-008749-003/2024(H5N1)	324	57672
MP|PP755590.1|A/cattle/Texas/24-008749-003/2024(H5N1)	325	57712
MP|PP755590.1|A/cattle/Texas/24-008749-003/2024(H5N1)	326	57035
MP|PP755590.1|A/cattle/Texas/24-008749-003/2024(H5N1)	327	57363
MP|PP755590.1|A/cattle/Texas/24-008749-003/2024(H5N1)	328	57069
MP|PP755590.1|A/cattle/Texas/24-008749-003/2024(H5N1)	329	57017
MP|PP755590.1|A/cattle/Texas/24-008749-003/2024(H5N1)	330	57109
MP|PP755590.1|A/cattle/Texas/24-008749-003/2024(H5N1)	331	56815
MP|PP755590.1|A/cattle/Texas/24-008749-003/2024(H5N1)	332	57396
MP|PP755590.1|A/cattle/Texas/24-008749-003/2024(H5N1)	333	58177
MP|PP755590.1|A/cattle/Texas/24-008749-003/2024(H5N1)	334	58124
MP|PP755590.1|A/cattle/Texas/24-008749-003/2024(H5N1)	335	58089
MP|PP755590.1|A/cattle/Texas/24-008749-003/2024(H5N1)	336	57995
MP|PP755590.1|A/cattle/Texas/24-008749-003/2024(H5N1)	337	58079
MP|PP755590.1|A/cattle/Texas/24-008749-003/2024(H5N1)	338	57957
MP|PP755590.1|A/cattle/Texas/24-008749-003/2024(H5N1)	339	57934
MP|PP755590.1|A/cattle/Texas/24-008749-003/2024(H5N1)	340	57858
MP|PP755590.1|A/cattle/Texas/24-008749-003/2024(H5N1)	341	57496
MP|PP755590.1|A/cattle/Texas/24-008749-003/2024(H5N1)	342	56888
MP|PP755590.1|A/cattle/Texas/24-008749-003/2024(H5N1)	343	56887
MP|PP755590.1|A/cattle/Texas/24-008749-003/2024(H5N1)	344	57161
MP|PP755590.1|A/cattle/Texas/24-008749-003/2024(H5N1)	345	55832
MP|PP755590.1|A/cattle/Texas/24-008749-003/2024(H5N1)	346	56166
MP|PP755590.1|A/cattle/Texas/24-008749-003/2024(H5N1)	347	56898
MP|PP755590.1|A/cattle/Texas/24-008749-003/2024(H5N1)	348	57185
MP|PP755590.1|A/cattle/Texas/24-008749-003/2024(H5N1)	349	55490
MP|PP755590.1|A/cattle/Texas/24-008749-003/2024(H5N1)	350	55222
MP|PP755590.1|A/cattle/Texas/24-008749-003/2024(H5N1)	351	56726
MP|PP755590.1|A/cattle/Texas/24-008749-003/2024(H5N1)	352	56406
MP|PP755590.1|A/cattle/Texas/24-008749-003/2024(H5N1)	353	56928
MP|PP755590.1|A/cattle/Texas/24-008749-003/2024(H5N1)	354	56952
MP|PP755590.1|A/cattle/Texas/24-008749-003/2024(H5N1)	355	56659
MP|PP755590.1|A/cattle/Texas/24-008749-003/2024(H5N1)	356	56772
MP|PP755590.1|A/cattle/Texas/24-008749-003/2024(H5N1)	357	56776
MP|PP755590.1|A/cattle/Texas/24-008749-003/2024(H5N1)	358	56730
MP|PP755590.1|A/cattle/Texas/24-008749-003/2024(H5N1)	359	56404
MP|PP755590.1|A/cattle/Texas/24-008749-003/2024(H5N1)	360	54834
MP|PP755590.1|A/cattle/Texas/24-008749-003/2024(H5N1)	361	55640
MP|PP755590.1|A/cattle/Texas/24-008749-003/2024(H5N1)	362	55288
MP|PP755590.1|A/cattle/Texas/24-008749-003/2024(H5N1)	363	54504
MP|PP755590.1|A/cattle/Texas/24-008749-003/2024(H5N1)	364	54323
MP|PP755590.1|A/cattle/Texas/24-008749-003/2024(H5N1)	365	54676
MP|PP755590.1|A/cattle/Texas/24-008749-003/2024(H5N1)	366	54380
MP|PP755590.1|A/cattle/Texas/24-008749-003/2024(H5N1)	367	54555
MP|PP755590.1|A/cattle/Texas/24-008749-003/2024(H5N1)	368	53511
MP|PP755590.1|A/cattle/Texas/24-008749-003/2024(H5N1)	369	53906
MP|PP755590.1|A/cattle/Texas/24-008749-003/2024(H5N1)	370	52671
MP|PP755590.1|A/cattle/Texas/24-008749-003/2024(H5N1)	371	51924
MP|PP755590.1|A/cattle/Texas/24-008749-003/2024(H5N1)	372	52640
MP|PP755590.1|A/cattle/Texas/24-008749-003/2024(H5N1)	373	52558
MP|PP755590.1|A/cattle/Texas/24-008749-003/2024(H5N1)	374	52618
MP|PP755590.1|A/cattle/Texas/24-008749-003/2024(H5N1)	375	51481
MP|PP755590.1|A/cattle/Texas/24-008749-003/2024(H5N1)	376	51263
MP|PP755590.1|A/cattle/Texas/24-008749-003/2024(H5N1)	377	52100
MP|PP755590.1|A/cattle/Texas/24-008749-003/2024(H5N1)	378	52119
MP|PP755590.1|A/cattle/Texas/24-008749-003/2024(H5N1)	379	51972
MP|PP755590.1|A/cattle/Texas/24-008749-003/2024(H5N1)	380	52982
MP|PP755590.1|A/cattle/Texas/24-008749-003/2024(H5N1)	381	52804
MP|PP755590.1|A/cattle/Texas/24-008749-003/2024(H5N1)	382	52801
MP|PP755590.1|A/cattle/Texas/24-008749-003/2024(H5N1)	383	52782
MP|PP755590.1|A/cattle/Texas/24-008749-003/2024(H5N1)	384	52634
MP|PP755590.1|A/cattle/Texas/24-008749-003/2024(H5N1)	385	52834
MP|PP755590.1|A/cattle/Texas/24-008749-003/2024(H5N1)	386	52258
MP|PP755590.1|A/cattle/Texas/24-008749-003/2024(H5N1)	387	52430
MP|PP755590.1|A/cattle/Texas/24-008749-003/2024(H5N1)	388	52622
MP|PP755590.1|A/cattle/Texas/24-008749-003/2024(H5N1)	389	51643
MP|PP755590.1|A/cattle/Texas/24-008749-003/2024(H5N1)	390	51983
MP|PP755590.1|A/cattle/Texas/24-008749-003/2024(H5N1)	391	54269
MP|PP755590.1|A/cattle/Texas/24-008749-003/2024(H5N1)	392	54306
MP|PP755590.1|A/cattle/Texas/24-008749-003/2024(H5N1)	393	54480
MP|PP755590.1|A/cattle/Texas/24-008749-003/2024(H5N1)	394	54227
MP|PP755590.1|A/cattle/Texas/24-008749-003/2024(H5N1)	395	53785
MP|PP755590.1|A/cattle/Texas/24-008749-003/2024(H5N1)	396	56889
MP|PP755590.1|A/cattle/Texas/24-008749-003/2024(H5N1)	397	55989
MP|PP755590.1|A/cattle/Texas/24-008749-003/2024(H5N1)	398	55811
MP|PP755590.1|A/cattle/Texas/24-008749-003/2024(H5N1)	399	55669
MP|PP755590.1|A/cattle/Texas/24-008749-003/2024(H5N1)	400	53499
MP|PP755590.1|A/cattle/Texas/24-008749-003/2024(H5N1)	401	54670
MP|PP755590.1|A/cattle/Texas/24-008749-003/2024(H5N1)	402	55703
MP|PP755590.1|A/cattle/Texas/24-008749-003/2024(H5N1)	403	55402
MP|PP755590.1|A/cattle/Texas/24-008749-003/2024(H5N1)	404	55649
MP|PP755590.1|A/cattle/Texas/24-008749-003/2024(H5N1)	405	54789
MP|PP755590.1|A/cattle/Texas/24-008749-003/2024(H5N1)	406	54861
MP|PP755590.1|A/cattle/Texas/24-008749-003/2024(H5N1)	407	57698
MP|PP755590.1|A/cattle/Texas/24-008749-003/2024(H5N1)	408	57687
MP|PP755590.1|A/cattle/Texas/24-008749-003/2024(H5N1)	409	57844
MP|PP755590.1|A/cattle/Texas/24-008749-003/2024(H5N1)	410	58700
MP|PP755590.1|A/cattle/Texas/24-008749-003/2024(H5N1)	411	58676
MP|PP755590.1|A/cattle/Texas/24-008749-003/2024(H5N1)	412	58729
MP|PP755590.1|A/cattle/Texas/24-008749-003/2024(H5N1)	413	60135
MP|PP755590.1|A/cattle/Texas/24-008749-003/2024(H5N1)	414	60332
MP|PP755590.1|A/cattle/Texas/24-008749-003/2024(H5N1)	415	60337
MP|PP755590.1|A/cattle/Texas/24-008749-003/2024(H5N1)	416	60617
MP|PP755590.1|A/cattle/Texas/24-008749-003/2024(H5N1)	417	59931
MP|PP755590.1|A/cattle/Texas/24-008749-003/2024(H5N1)	418	59913
MP|PP755590.1|A/cattle/Texas/24-008749-003/2024(H5N1)	419	58133
MP|PP755590.1|A/cattle/Texas/24-008749-003/2024(H5N1)	420	57395
MP|PP755590.1|A/cattle/Texas/24-008749-003/2024(H5N1)	421	57474
MP|PP755590.1|A/cattle/Texas/24-008749-003/2024(H5N1)	422	58698
MP|PP755590.1|A/cattle/Texas/24-008749-003/2024(H5N1)	423	58572
MP|PP755590.1|A/cattle/Texas/24-008749-003/2024(H5N1)	424	57308
MP|PP755590.1|A/cattle/Texas/24-008749-003/2024(H5N1)	425	56488
MP|PP755590.1|A/cattle/Texas/24-008749-003/2024(H5N1)	426	56359
MP|PP755590.1|A/cattle/Texas/24-008749-003/2024(H5N1)	427	57570
MP|PP755590.1|A/cattle/Texas/24-008749-003/2024(H5N1)	428	57703
MP|PP755590.1|A/cattle/Texas/24-008749-003/2024(H5N1)	429	57775
MP|PP755590.1|A/cattle/Texas/24-008749-003/2024(H5N1)	430	56184
MP|PP755590.1|A/cattle/Texas/24-008749-003/2024(H5N1)	431	56200
MP|PP755590.1|A/cattle/Texas/24-008749-003/2024(H5N1)	432	56326
MP|PP755590.1|A/cattle/Texas/24-008749-003/2024(H5N1)	433	60039
MP|PP755590.1|A/cattle/Texas/24-008749-003/2024(H5N1)	434	60914
MP|PP755590.1|A/cattle/Texas/24-008749-003/2024(H5N1)	435	60145
MP|PP755590.1|A/cattle/Texas/24-008749-003/2024(H5N1)	436	58993
MP|PP755590.1|A/cattle/Texas/24-008749-003/2024(H5N1)	437	58968
MP|PP755590.1|A/cattle/Texas/24-008749-003/2024(H5N1)	438	59851
MP|PP755590.1|A/cattle/Texas/24-008749-003/2024(H5N1)	439	60643
MP|PP755590.1|A/cattle/Texas/24-008749-003/2024(H5N1)	440	60284
MP|PP755590.1|A/cattle/Texas/24-008749-003/2024(H5N1)	441	60829
MP|PP755590.1|A/cattle/Texas/24-008749-003/2024(H5N1)	442	56645
MP|PP755590.1|A/cattle/Texas/24-008749-003/2024(H5N1)	443	56642
MP|PP755590.1|A/cattle/Texas/24-008749-003/2024(H5N1)	444	57129
MP|PP755590.1|A/cattle/Texas/24-008749-003/2024(H5N1)	445	57108
MP|PP755590.1|A/cattle/Texas/24-008749-003/2024(H5N1)	446	56969
MP|PP755590.1|A/cattle/Texas/24-008749-003/2024(H5N1)	447	54337
MP|PP755590.1|A/cattle/Texas/24-008749-003/2024(H5N1)	448	53684
MP|PP755590.1|A/cattle/Texas/24-008749-003/2024(H5N1)	449	55153
MP|PP755590.1|A/cattle/Texas/24-008749-003/2024(H5N1)	450	54994
MP|PP755590.1|A/cattle/Texas/24-008749-003/2024(H5N1)	451	54338
MP|PP755590.1|A/cattle/Texas/24-008749-003/2024(H5N1)	452	54431
MP|PP755590.1|A/cattle/Texas/24-008749-003/2024(H5N1)	453	53958
MP|PP755590.1|A/cattle/Texas/24-008749-003/2024(H5N1)	454	53985
MP|PP755590.1|A/cattle/Texas/24-008749-003/2024(H5N1)	455	53637
MP|PP755590.1|A/cattle/Texas/24-008749-003/2024(H5N1)	456	53750
MP|PP755590.1|A/cattle/Texas/24-008749-003/2024(H5N1)	457	54110
MP|PP755590.1|A/cattle/Texas/24-008749-003/2024(H5N1)	458	52632
MP|PP755590.1|A/cattle/Texas/24-008749-003/2024(H5N1)	459	52791
MP|PP755590.1|A/cattle/Texas/24-008749-003/2024(H5N1)	460	52775
MP|PP755590.1|A/cattle/Texas/24-008749-003/2024(H5N1)	461	52884
MP|PP755590.1|A/cattle/Texas/24-008749-003/2024(H5N1)	462	53564
MP|PP755590.1|A/cattle/Texas/24-008749-003/2024(H5N1)	463	53639
MP|PP755590.1|A/cattle/Texas/24-008749-003/2024(H5N1)	464	53841
MP|PP755590.1|A/cattle/Texas/24-008749-003/2024(H5N1)	465	53699
MP|PP755590.1|A/cattle/Texas/24-008749-003/2024(H5N1)	466	53960
MP|PP755590.1|A/cattle/Texas/24-008749-003/2024(H5N1)	467	54106
MP|PP755590.1|A/cattle/Texas/24-008749-003/2024(H5N1)	468	53750
MP|PP755590.1|A/cattle/Texas/24-008749-003/2024(H5N1)	469	53689
MP|PP755590.1|A/cattle/Texas/24-008749-003/2024(H5N1)	470	53729
MP|PP755590.1|A/cattle/Texas/24-008749-003/2024(H5N1)	471	53706
MP|PP755590.1|A/cattle/Texas/24-008749-003/2024(H5N1)	472	53601
MP|PP755590.1|A/cattle/Texas/24-008749-003/2024(H5N1)	473	53437
MP|PP755590.1|A/cattle/Texas/24-008749-003/2024(H5N1)	474	53745
MP|PP755590.1|A/cattle/Texas/24-008749-003/2024(H5N1)	475	53864
MP|PP755590.1|A/cattle/Texas/24-008749-003/2024(H5N1)	476	53801
MP|PP755590.1|A/cattle/Texas/24-008749-003/2024(H5N1)	477	54450
MP|PP755590.1|A/cattle/Texas/24-008749-003/2024(H5N1)	478	54196
MP|PP755590.1|A/cattle/Texas/24-008749-003/2024(H5N1)	479	54277
MP|PP755590.1|A/cattle/Texas/24-008749-003/2024(H5N1)	480	54624
MP|PP755590.1|A/cattle/Texas/24-008749-003/2024(H5N1)	481	54751
MP|PP755590.1|A/cattle/Texas/24-008749-003/2024(H5N1)	482	55318
MP|PP755590.1|A/cattle/Texas/24-008749-003/2024(H5N1)	483	54840
MP|PP755590.1|A/cattle/Texas/24-008749-003/2024(H5N1)	484	55081
MP|PP755590.1|A/cattle/Texas/24-008749-003/2024(H5N1)	485	55062
MP|PP755590.1|A/cattle/Texas/24-008749-003/2024(H5N1)	486	55147
MP|PP755590.1|A/cattle/Texas/24-008749-003/2024(H5N1)	487	55001
MP|PP755590.1|A/cattle/Texas/24-008749-003/2024(H5N1)	488	55861
MP|PP755590.1|A/cattle/Texas/24-008749-003/2024(H5N1)	489	56552
MP|PP755590.1|A/cattle/Texas/24-008749-003/2024(H5N1)	490	56855
MP|PP755590.1|A/cattle/Texas/24-008749-003/2024(H5N1)	491	56410
MP|PP755590.1|A/cattle/Texas/24-008749-003/2024(H5N1)	492	56456
MP|PP755590.1|A/cattle/Texas/24-008749-003/2024(H5N1)	493	56341
MP|PP755590.1|A/cattle/Texas/24-008749-003/2024(H5N1)	494	56331
MP|PP755590.1|A/cattle/Texas/24-008749-003/2024(H5N1)	495	56362
MP|PP755590.1|A/cattle/Texas/24-008749-003/2024(H5N1)	496	56567
MP|PP755590.1|A/cattle/Texas/24-008749-003/2024(H5N1)	497	56063
MP|PP755590.1|A/cattle/Texas/24-008749-003/2024(H5N1)	498	56153
MP|PP755590.1|A/cattle/Texas/24-008749-003/2024(H5N1)	499	56004
MP|PP755590.1|A/cattle/Texas/24-008749-003/2024(H5N1)	500	56553
MP|PP755590.1|A/cattle/Texas/24-008749-003/2024(H5N1)	501	55178
MP|PP755590.1|A/cattle/Texas/24-008749-003/2024(H5N1)	502	55131
MP|PP755590.1|A/cattle/Texas/24-008749-003/2024(H5N1)	503	55739
MP|PP755590.1|A/cattle/Texas/24-008749-003/2024(H5N1)	504	55985
MP|PP755590.1|A/cattle/Texas/24-008749-003/2024(H5N1)	505	55817
MP|PP755590.1|A/cattle/Texas/24-008749-003/2024(H5N1)	506	55819
MP|PP755590.1|A/cattle/Texas/24-008749-003/2024(H5N1)	507	55549
MP|PP755590.1|A/cattle/Texas/24-008749-003/2024(H5N1)	508	55605
MP|PP755590.1|A/cattle/Texas/24-008749-003/2024(H5N1)	509	55729
MP|PP755590.1|A/cattle/Texas/24-008749-003/2024(H5N1)	510	55851
MP|PP755590.1|A/cattle/Texas/24-008749-003/2024(H5N1)	511	56177
MP|PP755590.1|A/cattle/Texas/24-008749-003/2024(H5N1)	512	56126
MP|PP755590.1|A/cattle/Texas/24-008749-003/2024(H5N1)	513	55949
MP|PP755590.1|A/cattle/Texas/24-008749-003/2024(H5N1)	514	56087
MP|PP755590.1|A/cattle/Texas/24-008749-003/2024(H5N1)	515	55898
MP|PP755590.1|A/cattle/Texas/24-008749-003/2024(H5N1)	516	56284
MP|PP755590.1|A/cattle/Texas/24-008749-003/2024(H5N1)	517	56664
MP|PP755590.1|A/cattle/Texas/24-008749-003/2024(H5N1)	518	56450
MP|PP755590.1|A/cattle/Texas/24-008749-003/2024(H5N1)	519	56293
MP|PP755590.1|A/cattle/Texas/24-008749-003/2024(H5N1)	520	55835
MP|PP755590.1|A/cattle/Texas/24-008749-003/2024(H5N1)	521	55772
MP|PP755590.1|A/cattle/Texas/24-008749-003/2024(H5N1)	522	56263
MP|PP755590.1|A/cattle/Texas/24-008749-003/2024(H5N1)	523	56135
MP|PP755590.1|A/cattle/Texas/24-008749-003/2024(H5N1)	524	57414
MP|PP755590.1|A/cattle/Texas/24-008749-003/2024(H5N1)	525	57162
MP|PP755590.1|A/cattle/Texas/24-008749-003/2024(H5N1)	526	57157
MP|PP755590.1|A/cattle/Texas/24-008749-003/2024(H5N1)	527	57203
MP|PP755590.1|A/cattle/Texas/24-008749-003/2024(H5N1)	528	56679
MP|PP755590.1|A/cattle/Texas/24-008749-003/2024(H5N1)	529	56639
MP|PP755590.1|A/cattle/Texas/24-008749-003/2024(H5N1)	530	56698
MP|PP755590.1|A/cattle/Texas/24-008749-003/2024(H5N1)	531	55843
MP|PP755590.1|A/cattle/Texas/24-008749-003/2024(H5N1)	532	55350
MP|PP755590.1|A/cattle/Texas/24-008749-003/2024(H5N1)	533	55983
MP|PP755590.1|A/cattle/Texas/24-008749-003/2024(H5N1)	534	57759
MP|PP755590.1|A/cattle/Texas/24-008749-003/2024(H5N1)	535	58499
MP|PP755590.1|A/cattle/Texas/24-008749-003/2024(H5N1)	536	58250
MP|PP755590.1|A/cattle/Texas/24-008749-003/2024(H5N1)	537	57788
MP|PP755590.1|A/cattle/Texas/24-008749-003/2024(H5N1)	538	60798
MP|PP755590.1|A/cattle/Texas/24-008749-003/2024(H5N1)	539	60163
MP|PP755590.1|A/cattle/Texas/24-008749-003/2024(H5N1)	540	60116
MP|PP755590.1|A/cattle/Texas/24-008749-003/2024(H5N1)	541	60508
MP|PP755590.1|A/cattle/Texas/24-008749-003/2024(H5N1)	542	58441
MP|PP755590.1|A/cattle/Texas/24-008749-003/2024(H5N1)	543	59882
MP|PP755590.1|A/cattle/Texas/24-008749-003/2024(H5N1)	544	59721
MP|PP755590.1|A/cattle/Texas/24-008749-003/2024(H5N1)	545	59913
MP|PP755590.1|A/cattle/Texas/24-008749-003/2024(H5N1)	546	59449
MP|PP755590.1|A/cattle/Texas/24-008749-003/2024(H5N1)	547	56806
MP|PP755590.1|A/cattle/Texas/24-008749-003/2024(H5N1)	548	61015
MP|PP755590.1|A/cattle/Texas/24-008749-003/2024(H5N1)	549	61844
MP|PP755590.1|A/cattle/Texas/24-008749-003/2024(H5N1)	550	61983
MP|PP755590.1|A/cattle/Texas/24-008749-003/2024(H5N1)	551	61001
MP|PP755590.1|A/cattle/Texas/24-008749-003/2024(H5N1)	552	59662
MP|PP755590.1|A/cattle/Texas/24-008749-003/2024(H5N1)	553	59673
MP|PP755590.1|A/cattle/Texas/24-008749-003/2024(H5N1)	554	59960
MP|PP755590.1|A/cattle/Texas/24-008749-003/2024(H5N1)	555	60916
MP|PP755590.1|A/cattle/Texas/24-008749-003/2024(H5N1)	556	61647
MP|PP755590.1|A/cattle/Texas/24-008749-003/2024(H5N1)	557	58505
MP|PP755590.1|A/cattle/Texas/24-008749-003/2024(H5N1)	558	58320
MP|PP755590.1|A/cattle/Texas/24-008749-003/2024(H5N1)	559	58235
MP|PP755590.1|A/cattle/Texas/24-008749-003/2024(H5N1)	560	58168
MP|PP755590.1|A/cattle/Texas/24-008749-003/2024(H5N1)	561	56956
MP|PP755590.1|A/cattle/Texas/24-008749-003/2024(H5N1)	562	56969
MP|PP755590.1|A/cattle/Texas/24-008749-003/2024(H5N1)	563	57511
MP|PP755590.1|A/cattle/Texas/24-008749-003/2024(H5N1)	564	55996
MP|PP755590.1|A/cattle/Texas/24-008749-003/2024(H5N1)	565	56076
MP|PP755590.1|A/cattle/Texas/24-008749-003/2024(H5N1)	566	56133
MP|PP755590.1|A/cattle/Texas/24-008749-003/2024(H5N1)	567	55650
MP|PP755590.1|A/cattle/Texas/24-008749-003/2024(H5N1)	568	56314
MP|PP755590.1|A/cattle/Texas/24-008749-003/2024(H5N1)	569	56108
MP|PP755590.1|A/cattle/Texas/24-008749-003/2024(H5N1)	570	55621
MP|PP755590.1|A/cattle/Texas/24-008749-003/2024(H5N1)	571	55513
MP|PP755590.1|A/cattle/Texas/24-008749-003/2024(H5N1)	572	54760
MP|PP755590.1|A/cattle/Texas/24-008749-003/2024(H5N1)	573	54839
MP|PP755590.1|A/cattle/Texas/24-008749-003/2024(H5N1)	574	55197
MP|PP755590.1|A/cattle/Texas/24-008749-003/2024(H5N1)	575	56177
MP|PP755590.1|A/cattle/Texas/24-008749-003/2024(H5N1)	576	56189
MP|PP755590.1|A/cattle/Texas/24-008749-003/2024(H5N1)	577	56321
MP|PP755590.1|A/cattle/Texas/24-008749-003/2024(H5N1)	578	55988
MP|PP755590.1|A/cattle/Texas/24-008749-003/2024(H5N1)	579	55825
MP|PP755590.1|A/cattle/Texas/24-008749-003/2024(H5N1)	580	55842
MP|PP755590.1|A/cattle/Texas/24-008749-003/2024(H5N1)	581	56133
MP|PP755590.1|A/cattle/Texas/24-008749-003/2024(H5N1)	582	56164
MP|PP755590.1|A/cattle/Texas/24-008749-003/2024(H5N1)	583	56049
MP|PP755590.1|A/cattle/Texas/24-008749-003/2024(H5N1)	584	52426
MP|PP755590.1|A/cattle/Texas/24-008749-003/2024(H5N1)	585	52555
MP|PP755590.1|A/cattle/Texas/24-008749-003/2024(H5N1)	586	52621
MP|PP755590.1|A/cattle/Texas/24-008749-003/2024(H5N1)	587	52699
MP|PP755590.1|A/cattle/Texas/24-008749-003/2024(H5N1)	588	53175
MP|PP755590.1|A/cattle/Texas/24-008749-003/2024(H5N1)	589	52428
MP|PP755590.1|A/cattle/Texas/24-008749-003/2024(H5N1)	590	51693
MP|PP755590.1|A/cattle/Texas/24-008749-003/2024(H5N1)	591	51707
MP|PP755590.1|A/cattle/Texas/24-008749-003/2024(H5N1)	592	52580
MP|PP755590.1|A/cattle/Texas/24-008749-003/2024(H5N1)	593	52590
MP|PP755590.1|A/cattle/Texas/24-008749-003/2024(H5N1)	594	52272
MP|PP755590.1|A/cattle/Texas/24-008749-003/2024(H5N1)	595	51902
MP|PP755590.1|A/cattle/Texas/24-008749-003/2024(H5N1)	596	52435
MP|PP755590.1|A/cattle/Texas/24-008749-003/2024(H5N1)	597	52297
MP|PP755590.1|A/cattle/Texas/24-008749-003/2024(H5N1)	598	53055
MP|PP755590.1|A/cattle/Texas/24-008749-003/2024(H5N1)	599	52512
MP|PP755590.1|A/cattle/Texas/24-008749-003/2024(H5N1)	600	52484
MP|PP755590.1|A/cattle/Texas/24-008749-003/2024(H5N1)	601	52639
MP|PP755590.1|A/cattle/Texas/24-008749-003/2024(H5N1)	602	52691
MP|PP755590.1|A/cattle/Texas/24-008749-003/2024(H5N1)	603	52707
MP|PP755590.1|A/cattle/Texas/24-008749-003/2024(H5N1)	604	53704
MP|PP755590.1|A/cattle/Texas/24-008749-003/2024(H5N1)	605	54541
MP|PP755590.1|A/cattle/Texas/24-008749-003/2024(H5N1)	606	54668
MP|PP755590.1|A/cattle/Texas/24-008749-003/2024(H5N1)	607	54141
MP|PP755590.1|A/cattle/Texas/24-008749-003/2024(H5N1)	608	55007
MP|PP755590.1|A/cattle/Texas/24-008749-003/2024(H5N1)	609	55037
MP|PP755590.1|A/cattle/Texas/24-008749-003/2024(H5N1)	610	55144
MP|PP755590.1|A/cattle/Texas/24-008749-003/2024(H5N1)	611	55097
MP|PP755590.1|A/cattle/Texas/24-008749-003/2024(H5N1)	612	55294
MP|PP755590.1|A/cattle/Texas/24-008749-003/2024(H5N1)	613	55245
MP|PP755590.1|A/cattle/Texas/24-008749-003/2024(H5N1)	614	55042
MP|PP755590.1|A/cattle/Texas/24-008749-003/2024(H5N1)	615	54950
MP|PP755590.1|A/cattle/Texas/24-008749-003/2024(H5N1)	616	54960
MP|PP755590.1|A/cattle/Texas/24-008749-003/2024(H5N1)	617	55261
MP|PP755590.1|A/cattle/Texas/24-008749-003/2024(H5N1)	618	55274
MP|PP755590.1|A/cattle/Texas/24-008749-003/2024(H5N1)	619	56050
MP|PP755590.1|A/cattle/Texas/24-008749-003/2024(H5N1)	620	55949
MP|PP755590.1|A/cattle/Texas/24-008749-003/2024(H5N1)	621	56520
MP|PP755590.1|A/cattle/Texas/24-008749-003/2024(H5N1)	622	56404
MP|PP755590.1|A/cattle/Texas/24-008749-003/2024(H5N1)	623	55997
MP|PP755590.1|A/cattle/Texas/24-008749-003/2024(H5N1)	624	58062
MP|PP755590.1|A/cattle/Texas/24-008749-003/2024(H5N1)	625	58260
MP|PP755590.1|A/cattle/Texas/24-008749-003/2024(H5N1)	626	58304
MP|PP755590.1|A/cattle/Texas/24-008749-003/2024(H5N1)	627	58261
MP|PP755590.1|A/cattle/Texas/24-008749-003/2024(H5N1)	628	57655
MP|PP755590.1|A/cattle/Texas/24-008749-003/2024(H5N1)	629	58811
MP|PP755590.1|A/cattle/Texas/24-008749-003/2024(H5N1)	630	58775
MP|PP755590.1|A/cattle/Texas/24-008749-003/2024(H5N1)	631	58582
MP|PP755590.1|A/cattle/Texas/24-008749-003/2024(H5N1)	632	58458
MP|PP755590.1|A/cattle/Texas/24-008749-003/2024(H5N1)	633	56540
MP|PP755590.1|A/cattle/Texas/24-008749-003/2024(H5N1)	634	56598
MP|PP755590.1|A/cattle/Texas/24-008749-003/2024(H5N1)	635	56519
MP|PP755590.1|A/cattle/Texas/24-008749-003/2024(H5N1)	636	56697
MP|PP755590.1|A/cattle/Texas/24-008749-003/2024(H5N1)	637	57637
MP|PP755590.1|A/cattle/Texas/24-008749-003/2024(H5N1)	638	57467
MP|PP755590.1|A/cattle/Texas/24-008749-003/2024(H5N1)	639	56676
MP|PP755590.1|A/cattle/Texas/24-008749-003/2024(H5N1)	640	56400
MP|PP755590.1|A/cattle/Texas/24-008749-003/2024(H5N1)	641	56342
MP|PP755590.1|A/cattle/Texas/24-008749-003/2024(H5N1)	642	56988
MP|PP755590.1|A/cattle/Texas/24-008749-003/2024(H5N1)	643	57898
MP|PP755590.1|A/cattle/Texas/24-008749-003/2024(H5N1)	644	58189
MP|PP755590.1|A/cattle/Texas/24-008749-003/2024(H5N1)	645	58268
MP|PP755590.1|A/cattle/Texas/24-008749-003/2024(H5N1)	646	57837
MP|PP755590.1|A/cattle/Texas/24-008749-003/2024(H5N1)	647	57677
MP|PP755590.1|A/cattle/Texas/24-008749-003/2024(H5N1)	648	57681
MP|PP755590.1|A/cattle/Texas/24-008749-003/2024(H5N1)	649	57534
MP|PP755590.1|A/cattle/Texas/24-008749-003/2024(H5N1)	650	57750
MP|PP755590.1|A/cattle/Texas/24-008749-003/2024(H5N1)	651	57933
MP|PP755590.1|A/cattle/Texas/24-008749-003/2024(H5N1)	652	57971
MP|PP755590.1|A/cattle/Texas/24-008749-003/2024(H5N1)	653	58542
MP|PP755590.1|A/cattle/Texas/24-008749-003/2024(H5N1)	654	59299
MP|PP755590.1|A/cattle/Texas/24-008749-003/2024(H5N1)	655	59079
MP|PP755590.1|A/cattle/Texas/24-008749-003/2024(H5N1)	656	59501
MP|PP755590.1|A/cattle/Texas/24-008749-003/2024(H5N1)	657	59329
MP|PP755590.1|A/cattle/Texas/24-008749-003/2024(H5N1)	658	59327
MP|PP755590.1|A/cattle/Texas/24-008749-003/2024(H5N1)	659	59682
MP|PP755590.1|A/cattle/Texas/24-008749-003/2024(H5N1)	660	59741
MP|PP755590.1|A/cattle/Texas/24-008749-003/2024(H5N1)	661	60621
MP|PP755590.1|A/cattle/Texas/24-008749-003/2024(H5N1)	662	60012
MP|PP755590.1|A/cattle/Texas/24-008749-003/2024(H5N1)	663	58980
MP|PP755590.1|A/cattle/Texas/24-008749-003/2024(H5N1)	664	59357
MP|PP755590.1|A/cattle/Texas/24-008749-003/2024(H5N1)	665	59307
MP|PP755590.1|A/cattle/Texas/24-008749-003/2024(H5N1)	666	61570
MP|PP755590.1|A/cattle/Texas/24-008749-003/2024(H5N1)	667	61188
MP|PP755590.1|A/cattle/Texas/24-008749-003/2024(H5N1)	668	60889
MP|PP755590.1|A/cattle/Texas/24-008749-003/2024(H5N1)	669	60912
MP|PP755590.1|A/cattle/Texas/24-008749-003/2024(H5N1)	670	60877
MP|PP755590.1|A/cattle/Texas/24-008749-003/2024(H5N1)	671	60949
MP|PP755590.1|A/cattle/Texas/24-008749-003/2024(H5N1)	672	62802
MP|PP755590.1|A/cattle/Texas/24-008749-003/2024(H5N1)	673	62473
MP|PP755590.1|A/cattle/Texas/24-008749-003/2024(H5N1)	674	62671
MP|PP755590.1|A/cattle/Texas/24-008749-003/2024(H5N1)	675	61131
MP|PP755590.1|A/cattle/Texas/24-008749-003/2024(H5N1)	676	61044
MP|PP755590.1|A/cattle/Texas/24-008749-003/2024(H5N1)	677	61920
MP|PP755590.1|A/cattle/Texas/24-008749-003/2024(H5N1)	678	61833
MP|PP755590.1|A/cattle/Texas/24-008749-003/2024(H5N1)	679	61656
MP|PP755590.1|A/cattle/Texas/24-008749-003/2024(H5N1)	680	61537
MP|PP755590.1|A/cattle/Texas/24-008749-003/2024(H5N1)	681	59671
MP|PP755590.1|A/cattle/Texas/24-008749-003/2024(H5N1)	682	60086
MP|PP755590.1|A/cattle/Texas/24-008749-003/2024(H5N1)	683	60790
MP|PP755590.1|A/cattle/Texas/24-008749-003/2024(H5N1)	684	60349
MP|PP755590.1|A/cattle/Texas/24-008749-003/2024(H5N1)	685	60420
MP|PP755590.1|A/cattle/Texas/24-008749-003/2024(H5N1)	686	59523
MP|PP755590.1|A/cattle/Texas/24-008749-003/2024(H5N1)	687	59803
MP|PP755590.1|A/cattle/Texas/24-008749-003/2024(H5N1)	688	60173
MP|PP755590.1|A/cattle/Texas/24-008749-003/2024(H5N1)	689	58189
MP|PP755590.1|A/cattle/Texas/24-008749-003/2024(H5N1)	690	58127
MP|PP755590.1|A/cattle/Texas/24-008749-003/2024(H5N1)	691	57993
MP|PP755590.1|A/cattle/Texas/24-008749-003/2024(H5N1)	692	57654
MP|PP755590.1|A/cattle/Texas/24-008749-003/2024(H5N1)	693	57481
MP|PP755590.1|A/cattle/Texas/24-008749-003/2024(H5N1)	694	56115
MP|PP755590.1|A/cattle/Texas/24-008749-003/2024(H5N1)	695	56511
MP|PP755590.1|A/cattle/Texas/24-008749-003/2024(H5N1)	696	56911
MP|PP755590.1|A/cattle/Texas/24-008749-003/2024(H5N1)	697	53057
MP|PP755590.1|A/cattle/Texas/24-008749-003/2024(H5N1)	698	52266
MP|PP755590.1|A/cattle/Texas/24-008749-003/2024(H5N1)	699	52664
MP|PP755590.1|A/cattle/Texas/24-008749-003/2024(H5N1)	700	52137
MP|PP755590.1|A/cattle/Texas/24-008749-003/2024(H5N1)	701	52154
MP|PP755590.1|A/cattle/Texas/24-008749-003/2024(H5N1)	702	52163
MP|PP755590.1|A/cattle/Texas/24-008749-003/2024(H5N1)	703	52174
MP|PP755590.1|A/cattle/Texas/24-008749-003/2024(H5N1)	704	52153
MP|PP755590.1|A/cattle/Texas/24-008749-003/2024(H5N1)	705	51865
MP|PP755590.1|A/cattle/Texas/24-008749-003/2024(H5N1)	706	50758
MP|PP755590.1|A/cattle/Texas/24-008749-003/2024(H5N1)	707	50441
MP|PP755590.1|A/cattle/Texas/24-008749-003/2024(H5N1)	708	51143
MP|PP755590.1|A/cattle/Texas/24-008749-003/2024(H5N1)	709	51840
MP|PP755590.1|A/cattle/Texas/24-008749-003/2024(H5N1)	710	51839
MP|PP755590.1|A/cattle/Texas/24-008749-003/2024(H5N1)	711	51720
MP|PP755590.1|A/cattle/Texas/24-008749-003/2024(H5N1)	712	51117
MP|PP755590.1|A/cattle/Texas/24-008749-003/2024(H5N1)	713	51095
MP|PP755590.1|A/cattle/Texas/24-008749-003/2024(H5N1)	714	50812
MP|PP755590.1|A/cattle/Texas/24-008749-003/2024(H5N1)	715	50917
MP|PP755590.1|A/cattle/Texas/24-008749-003/2024(H5N1)	716	50627
MP|PP755590.1|A/cattle/Texas/24-008749-003/2024(H5N1)	717	49994
MP|PP755590.1|A/cattle/Texas/24-008749-003/2024(H5N1)	718	50534
MP|PP755590.1|A/cattle/Texas/24-008749-003/2024(H5N1)	719	51162
MP|PP755590.1|A/cattle/Texas/24-008749-003/2024(H5N1)	720	51757
MP|PP755590.1|A/cattle/Texas/24-008749-003/2024(H5N1)	721	51673
MP|PP755590.1|A/cattle/Texas/24-008749-003/2024(H5N1)	722	51642
MP|PP755590.1|A/cattle/Texas/24-008749-003/2024(H5N1)	723	51251
MP|PP755590.1|A/cattle/Texas/24-008749-003/2024(H5N1)	724	51291
MP|PP755590.1|A/cattle/Texas/24-008749-003/2024(H5N1)	725	51403
MP|PP755590.1|A/cattle/Texas/24-008749-003/2024(H5N1)	726	50865
MP|PP755590.1|A/cattle/Texas/24-008749-003/2024(H5N1)	727	50213
MP|PP755590.1|A/cattle/Texas/24-008749-003/2024(H5N1)	728	50083
MP|PP755590.1|A/cattle/Texas/24-008749-003/2024(H5N1)	729	50075
MP|PP755590.1|A/cattle/Texas/24-008749-003/2024(H5N1)	730	50177
MP|PP755590.1|A/cattle/Texas/24-008749-003/2024(H5N1)	731	50213
MP|PP755590.1|A/cattle/Texas/24-008749-003/2024(H5N1)	732	49903
MP|PP755590.1|A/cattle/Texas/24-008749-003/2024(H5N1)	733	50548
MP|PP755590.1|A/cattle/Texas/24-008749-003/2024(H5N1)	734	51614
MP|PP755590.1|A/cattle/Texas/24-008749-003/2024(H5N1)	735	51289
MP|PP755590.1|A/cattle/Texas/24-008749-003/2024(H5N1)	736	51569
MP|PP755590.1|A/cattle/Texas/24-008749-003/2024(H5N1)	737	51480
MP|PP755590.1|A/cattle/Texas/24-008749-003/2024(H5N1)	738	51389
MP|PP755590.1|A/cattle/Texas/24-008749-003/2024(H5N1)	739	52328
MP|PP755590.1|A/cattle/Texas/24-008749-003/2024(H5N1)	740	52436
MP|PP755590.1|A/cattle/Texas/24-008749-003/2024(H5N1)	741	52353
MP|PP755590.1|A/cattle/Texas/24-008749-003/2024(H5N1)	742	52289
MP|PP755590.1|A/cattle/Texas/24-008749-003/2024(H5N1)	743	50971
MP|PP755590.1|A/cattle/Texas/24-008749-003/2024(H5N1)	744	51028
MP|PP755590.1|A/cattle/Texas/24-008749-003/2024(H5N1)	745	50886
MP|PP755590.1|A/cattle/Texas/24-008749-003/2024(H5N1)	746	50818
MP|PP755590.1|A/cattle/Texas/24-008749-003/2024(H5N1)	747	50763
MP|PP755590.1|A/cattle/Texas/24-008749-003/2024(H5N1)	748	53477
MP|PP755590.1|A/cattle/Texas/24-008749-003/2024(H5N1)	749	53542
MP|PP755590.1|A/cattle/Texas/24-008749-003/2024(H5N1)	750	54901
MP|PP755590.1|A/cattle/Texas/24-008749-003/2024(H5N1)	751	55089
MP|PP755590.1|A/cattle/Texas/24-008749-003/2024(H5N1)	752	55070
MP|PP755590.1|A/cattle/Texas/24-008749-003/2024(H5N1)	753	55117
MP|PP755590.1|A/cattle/Texas/24-008749-003/2024(H5N1)	754	55523
MP|PP755590.1|A/cattle/Texas/24-008749-003/2024(H5N1)	755	54653
MP|PP755590.1|A/cattle/Texas/24-008749-003/2024(H5N1)	756	53948
MP|PP755590.1|A/cattle/Texas/24-008749-003/2024(H5N1)	757	54724
MP|PP755590.1|A/cattle/Texas/24-008749-003/2024(H5N1)	758	54637
MP|PP755590.1|A/cattle/Texas/24-008749-003/2024(H5N1)	759	54569
MP|PP755590.1|A/cattle/Texas/24-008749-003/2024(H5N1)	760	54541
MP|PP755590.1|A/cattle/Texas/24-008749-003/2024(H5N1)	761	54857
MP|PP755590.1|A/cattle/Texas/24-008749-003/2024(H5N1)	762	54074
MP|PP755590.1|A/cattle/Texas/24-008749-003/2024(H5N1)	763	54466
MP|PP755590.1|A/cattle/Texas/24-008749-003/2024(H5N1)	764	54482
MP|PP755590.1|A/cattle/Texas/24-008749-003/2024(H5N1)	765	54378
MP|PP755590.1|A/cattle/Texas/24-008749-003/2024(H5N1)	766	55127
MP|PP755590.1|A/cattle/Texas/24-008749-003/2024(H5N1)	767	55121
MP|PP755590.1|A/cattle/Texas/24-008749-003/2024(H5N1)	768	54530
MP|PP755590.1|A/cattle/Texas/24-008749-003/2024(H5N1)	769	55025
MP|PP755590.1|A/cattle/Texas/24-008749-003/2024(H5N1)	770	53926
MP|PP755590.1|A/cattle/Texas/24-008749-003/2024(H5N1)	771	54469
MP|PP755590.1|A/cattle/Texas/24-008749-003/2024(H5N1)	772	54116
MP|PP755590.1|A/cattle/Texas/24-008749-003/2024(H5N1)	773	53962
MP|PP755590.1|A/cattle/Texas/24-008749-003/2024(H5N1)	774	52080
MP|PP755590.1|A/cattle/Texas/24-008749-003/2024(H5N1)	775	51494
MP|PP755590.1|A/cattle/Texas/24-008749-003/2024(H5N1)	776	51506
MP|PP755590.1|A/cattle/Texas/24-008749-003/2024(H5N1)	777	52149
MP|PP755590.1|A/cattle/Texas/24-008749-003/2024(H5N1)	778	52178
MP|PP755590.1|A/cattle/Texas/24-008749-003/2024(H5N1)	779	52030
MP|PP755590.1|A/cattle/Texas/24-008749-003/2024(H5N1)	780	51375
MP|PP755590.1|A/cattle/Texas/24-008749-003/2024(H5N1)	781	54260
MP|PP755590.1|A/cattle/Texas/24-008749-003/2024(H5N1)	782	54247
MP|PP755590.1|A/cattle/Texas/24-008749-003/2024(H5N1)	783	54243
MP|PP755590.1|A/cattle/Texas/24-008749-003/2024(H5N1)	784	55382
MP|PP755590.1|A/cattle/Texas/24-008749-003/2024(H5N1)	785	55430
MP|PP755590.1|A/cattle/Texas/24-008749-003/2024(H5N1)	786	56857
MP|PP755590.1|A/cattle/Texas/24-008749-003/2024(H5N1)	787	56595
MP|PP755590.1|A/cattle/Texas/24-008749-003/2024(H5N1)	788	55691
MP|PP755590.1|A/cattle/Texas/24-008749-003/2024(H5N1)	789	54686
MP|PP755590.1|A/cattle/Texas/24-008749-003/2024(H5N1)	790	54776
MP|PP755590.1|A/cattle/Texas/24-008749-003/2024(H5N1)	791	57769
MP|PP755590.1|A/cattle/Texas/24-008749-003/2024(H5N1)	792	57698
MP|PP755590.1|A/cattle/Texas/24-008749-003/2024(H5N1)	793	57155
MP|PP755590.1|A/cattle/Texas/24-008749-003/2024(H5N1)	794	57990
MP|PP755590.1|A/cattle/Texas/24-008749-003/2024(H5N1)	795	58564
MP|PP755590.1|A/cattle/Texas/24-008749-003/2024(H5N1)	796	58635
MP|PP755590.1|A/cattle/Texas/24-008749-003/2024(H5N1)	797	58384
MP|PP755590.1|A/cattle/Texas/24-008749-003/2024(H5N1)	798	58695
MP|PP755590.1|A/cattle/Texas/24-008749-003/2024(H5N1)	799	58557
MP|PP755590.1|A/cattle/Texas/24-008749-003/2024(H5N1)	800	57927
MP|PP755590.1|A/cattle/Texas/24-008749-003/2024(H5N1)	801	58093
MP|PP755590.1|A/cattle/Texas/24-008749-003/2024(H5N1)	802	58042
MP|PP755590.1|A/cattle/Texas/24-008749-003/2024(H5N1)	803	58560
MP|PP755590.1|A/cattle/Texas/24-008749-003/2024(H5N1)	804	57585
MP|PP755590.1|A/cattle/Texas/24-008749-003/2024(H5N1)	805	56717
MP|PP755590.1|A/cattle/Texas/24-008749-003/2024(H5N1)	806	56659
MP|PP755590.1|A/cattle/Texas/24-008749-003/2024(H5N1)	807	56234
MP|PP755590.1|A/cattle/Texas/24-008749-003/2024(H5N1)	808	56455
MP|PP755590.1|A/cattle/Texas/24-008749-003/2024(H5N1)	809	56358
MP|PP755590.1|A/cattle/Texas/24-008749-003/2024(H5N1)	810	55866
MP|PP755590.1|A/cattle/Texas/24-008749-003/2024(H5N1)	811	55839
MP|PP755590.1|A/cattle/Texas/24-008749-003/2024(H5N1)	812	54913
MP|PP755590.1|A/cattle/Texas/24-008749-003/2024(H5N1)	813	54914
MP|PP755590.1|A/cattle/Texas/24-008749-003/2024(H5N1)	814	54716
MP|PP755590.1|A/cattle/Texas/24-008749-003/2024(H5N1)	815	52583
MP|PP755590.1|A/cattle/Texas/24-008749-003/2024(H5N1)	816	52555
MP|PP755590.1|A/cattle/Texas/24-008749-003/2024(H5N1)	817	52083
MP|PP755590.1|A/cattle/Texas/24-008749-003/2024(H5N1)	818	52054
MP|PP755590.1|A/cattle/Texas/24-008749-003/2024(H5N1)	819	52527
MP|PP755590.1|A/cattle/Texas/24-008749-003/2024(H5N1)	820	52458
MP|PP755590.1|A/cattle/Texas/24-008749-003/2024(H5N1)	821	52380
MP|PP755590.1|A/cattle/Texas/24-008749-003/2024(H5N1)	822	52281
MP|PP755590.1|A/cattle/Texas/24-008749-003/2024(H5N1)	823	50456
MP|PP755590.1|A/cattle/Texas/24-008749-003/2024(H5N1)	824	53944
MP|PP755590.1|A/cattle/Texas/24-008749-003/2024(H5N1)	825	53799
MP|PP755590.1|A/cattle/Texas/24-008749-003/2024(H5N1)	826	53827
MP|PP755590.1|A/cattle/Texas/24-008749-003/2024(H5N1)	827	53881
MP|PP755590.1|A/cattle/Texas/24-008749-003/2024(H5N1)	828	53042
MP|PP755590.1|A/cattle/Texas/24-008749-003/2024(H5N1)	829	54487
MP|PP755590.1|A/cattle/Texas/24-008749-003/2024(H5N1)	830	54455
MP|PP755590.1|A/cattle/Texas/24-008749-003/2024(H5N1)	831	54471
MP|PP755590.1|A/cattle/Texas/24-008749-003/2024(H5N1)	832	53862
MP|PP755590.1|A/cattle/Texas/24-008749-003/2024(H5N1)	833	53572
MP|PP755590.1|A/cattle/Texas/24-008749-003/2024(H5N1)	834	53300
MP|PP755590.1|A/cattle/Texas/24-008749-003/2024(H5N1)	835	53274
MP|PP755590.1|A/cattle/Texas/24-008749-003/2024(H5N1)	836	53185
MP|PP755590.1|A/cattle/Texas/24-008749-003/2024(H5N1)	837	53236
MP|PP755590.1|A/cattle/Texas/24-008749-003/2024(H5N1)	838	53303
MP|PP755590.1|A/cattle/Texas/24-008749-003/2024(H5N1)	839	53342
MP|PP755590.1|A/cattle/Texas/24-008749-003/2024(H5N1)	840	52686
MP|PP755590.1|A/cattle/Texas/24-008749-003/2024(H5N1)	841	52672
MP|PP755590.1|A/cattle/Texas/24-008749-003/2024(H5N1)	842	53025
MP|PP755590.1|A/cattle/Texas/24-008749-003/2024(H5N1)	843	52989
MP|PP755590.1|A/cattle/Texas/24-008749-003/2024(H5N1)	844	53078
MP|PP755590.1|A/cattle/Texas/24-008749-003/2024(H5N1)	845	52979
MP|PP755590.1|A/cattle/Texas/24-008749-003/2024(H5N1)	846	52633
MP|PP755590.1|A/cattle/Texas/24-008749-003/2024(H5N1)	847	53003
MP|PP755590.1|A/cattle/Texas/24-008749-003/2024(H5N1)	848	52885
MP|PP755590.1|A/cattle/Texas/24-008749-003/2024(H5N1)	849	52925
MP|PP755590.1|A/cattle/Texas/24-008749-003/2024(H5N1)	850	53008
MP|PP755590.1|A/cattle/Texas/24-008749-003/2024(H5N1)	851	57839
MP|PP755590.1|A/cattle/Texas/24-008749-003/2024(H5N1)	852	58252
MP|PP755590.1|A/cattle/Texas/24-008749-003/2024(H5N1)	853	58997
MP|PP755590.1|A/cattle/Texas/24-008749-003/2024(H5N1)	854	59054
MP|PP755590.1|A/cattle/Texas/24-008749-003/2024(H5N1)	855	59109
MP|PP755590.1|A/cattle/Texas/24-008749-003/2024(H5N1)	856	59716
MP|PP755590.1|A/cattle/Texas/24-008749-003/2024(H5N1)	857	59708
MP|PP755590.1|A/cattle/Texas/24-008749-003/2024(H5N1)	858	59286
MP|PP755590.1|A/cattle/Texas/24-008749-003/2024(H5N1)	859	58077
MP|PP755590.1|A/cattle/Texas/24-008749-003/2024(H5N1)	860	57441
MP|PP755590.1|A/cattle/Texas/24-008749-003/2024(H5N1)	861	57589
MP|PP755590.1|A/cattle/Texas/24-008749-003/2024(H5N1)	862	57286
MP|PP755590.1|A/cattle/Texas/24-008749-003/2024(H5N1)	863	57179
MP|PP755590.1|A/cattle/Texas/24-008749-003/2024(H5N1)	864	57168
MP|PP755590.1|A/cattle/Texas/24-008749-003/2024(H5N1)	865	56807
MP|PP755590.1|A/cattle/Texas/24-008749-003/2024(H5N1)	866	56798
MP|PP755590.1|A/cattle/Texas/24-008749-003/2024(H5N1)	867	56809
MP|PP755590.1|A/cattle/Texas/24-008749-003/2024(H5N1)	868	56764
MP|PP755590.1|A/cattle/Texas/24-008749-003/2024(H5N1)	869	56140
MP|PP755590.1|A/cattle/Texas/24-008749-003/2024(H5N1)	870	55579
MP|PP755590.1|A/cattle/Texas/24-008749-003/2024(H5N1)	871	54747
MP|PP755590.1|A/cattle/Texas/24-008749-003/2024(H5N1)	872	54750
MP|PP755590.1|A/cattle/Texas/24-008749-003/2024(H5N1)	873	54747
MP|PP755590.1|A/cattle/Texas/24-008749-003/2024(H5N1)	874	54682
MP|PP755590.1|A/cattle/Texas/24-008749-003/2024(H5N1)	875	54557
MP|PP755590.1|A/cattle/Texas/24-008749-003/2024(H5N1)	876	54068
MP|PP755590.1|A/cattle/Texas/24-008749-003/2024(H5N1)	877	54006
MP|PP755590.1|A/cattle/Texas/24-008749-003/2024(H5N1)	878	54012
MP|PP755590.1|A/cattle/Texas/24-008749-003/2024(H5N1)	879	53710
MP|PP755590.1|A/cattle/Texas/24-008749-003/2024(H5N1)	880	53626
MP|PP755590.1|A/cattle/Texas/24-008749-003/2024(H5N1)	881	53636
MP|PP755590.1|A/cattle/Texas/24-008749-003/2024(H5N1)	882	53531
MP|PP755590.1|A/cattle/Texas/24-008749-003/2024(H5N1)	883	52826
MP|PP755590.1|A/cattle/Texas/24-008749-003/2024(H5N1)	884	52673
MP|PP755590.1|A/cattle/Texas/24-008749-003/2024(H5N1)	885	51357
MP|PP755590.1|A/cattle/Texas/24-008749-003/2024(H5N1)	886	51292
MP|PP755590.1|A/cattle/Texas/24-008749-003/2024(H5N1)	887	50796
MP|PP755590.1|A/cattle/Texas/24-008749-003/2024(H5N1)	888	50818
MP|PP755590.1|A/cattle/Texas/24-008749-003/2024(H5N1)	889	50554
MP|PP755590.1|A/cattle/Texas/24-008749-003/2024(H5N1)	890	49978
MP|PP755590.1|A/cattle/Texas/24-008749-003/2024(H5N1)	891	49767
MP|PP755590.1|A/cattle/Texas/24-008749-003/2024(H5N1)	892	49804
MP|PP755590.1|A/cattle/Texas/24-008749-003/2024(H5N1)	893	49717
MP|PP755590.1|A/cattle/Texas/24-008749-003/2024(H5N1)	894	49559
MP|PP755590.1|A/cattle/Texas/24-008749-003/2024(H5N1)	895	49143
MP|PP755590.1|A/cattle/Texas/24-008749-003/2024(H5N1)	896	49068
MP|PP755590.1|A/cattle/Texas/24-008749-003/2024(H5N1)	897	45884
MP|PP755590.1|A/cattle/Texas/24-008749-003/2024(H5N1)	898	45987
MP|PP755590.1|A/cattle/Texas/24-008749-003/2024(H5N1)	899	44450
MP|PP755590.1|A/cattle/Texas/24-008749-003/2024(H5N1)	900	43881
MP|PP755590.1|A/cattle/Texas/24-008749-003/2024(H5N1)	901	43058
MP|PP755590.1|A/cattle/Texas/24-008749-003/2024(H5N1)	902	42700
MP|PP755590.1|A/cattle/Texas/24-008749-003/2024(H5N1)	903	42723
MP|PP755590.1|A/cattle/Texas/24-008749-003/2024(H5N1)	904	42462
MP|PP755590.1|A/cattle/Texas/24-008749-003/2024(H5N1)	905	42058
MP|PP755590.1|A/cattle/Texas/24-008749-003/2024(H5N1)	906	42042
MP|PP755590.1|A/cattle/Texas/24-008749-003/2024(H5N1)	907	40790
MP|PP755590.1|A/cattle/Texas/24-008749-003/2024(H5N1)	908	40818
MP|PP755590.1|A/cattle/Texas/24-008749-003/2024(H5N1)	909	40704
MP|PP755590.1|A/cattle/Texas/24-008749-003/2024(H5N1)	910	39887
MP|PP755590.1|A/cattle/Texas/24-008749-003/2024(H5N1)	911	39924
MP|PP755590.1|A/cattle/Texas/24-008749-003/2024(H5N1)	912	39413
MP|PP755590.1|A/cattle/Texas/24-008749-003/2024(H5N1)	913	39423
MP|PP755590.1|A/cattle/Texas/24-008749-003/2024(H5N1)	914	38788
MP|PP755590.1|A/cattle/Texas/24-008749-003/2024(H5N1)	915	38124
MP|PP755590.1|A/cattle/Texas/24-008749-003/2024(H5N1)	916	37867
MP|PP755590.1|A/cattle/Texas/24-008749-003/2024(H5N1)	917	37382
MP|PP755590.1|A/cattle/Texas/24-008749-003/2024(H5N1)	918	37400
MP|PP755590.1|A/cattle/Texas/24-008749-003/2024(H5N1)	919	37312
MP|PP755590.1|A/cattle/Texas/24-008749-003/2024(H5N1)	920	36734
MP|PP755590.1|A/cattle/Texas/24-008749-003/2024(H5N1)	921	36552
MP|PP755590.1|A/cattle/Texas/24-008749-003/2024(H5N1)	922	35817
MP|PP755590.1|A/cattle/Texas/24-008749-003/2024(H5N1)	923	35948
MP|PP755590.1|A/cattle/Texas/24-008749-003/2024(H5N1)	924	35894
MP|PP755590.1|A/cattle/Texas/24-008749-003/2024(H5N1)	925	35828
MP|PP755590.1|A/cattle/Texas/24-008749-003/2024(H5N1)	926	35862
MP|PP755590.1|A/cattle/Texas/24-008749-003/2024(H5N1)	927	35052
MP|PP755590.1|A/cattle/Texas/24-008749-003/2024(H5N1)	928	35124
MP|PP755590.1|A/cattle/Texas/24-008749-003/2024(H5N1)	929	35081
MP|PP755590.1|A/cattle/Texas/24-008749-003/2024(H5N1)	930	35016
MP|PP755590.1|A/cattle/Texas/24-008749-003/2024(H5N1)	931	34685
MP|PP755590.1|A/cattle/Texas/24-008749-003/2024(H5N1)	932	31473
MP|PP755590.1|A/cattle/Texas/24-008749-003/2024(H5N1)	933	31543
MP|PP755590.1|A/cattle/Texas/24-008749-003/2024(H5N1)	934	31407
MP|PP755590.1|A/cattle/Texas/24-008749-003/2024(H5N1)	935	30329
MP|PP755590.1|A/cattle/Texas/24-008749-003/2024(H5N1)	936	30244
MP|PP755590.1|A/cattle/Texas/24-008749-003/2024(H5N1)	937	28520
MP|PP755590.1|A/cattle/Texas/24-008749-003/2024(H5N1)	938	28530
MP|PP755590.1|A/cattle/Texas/24-008749-003/2024(H5N1)	939	28470
MP|PP755590.1|A/cattle/Texas/24-008749-003/2024(H5N1)	940	28342
MP|PP755590.1|A/cattle/Texas/24-008749-003/2024(H5N1)	941	28276
MP|PP755590.1|A/cattle/Texas/24-008749-003/2024(H5N1)	942	25068
MP|PP755590.1|A/cattle/Texas/24-008749-003/2024(H5N1)	943	24999
MP|PP755590.1|A/cattle/Texas/24-008749-003/2024(H5N1)	944	23911
MP|PP755590.1|A/cattle/Texas/24-008749-003/2024(H5N1)	945	22712
MP|PP755590.1|A/cattle/Texas/24-008749-003/2024(H5N1)	946	21995
MP|PP755590.1|A/cattle/Texas/24-008749-003/2024(H5N1)	947	21746
MP|PP755590.1|A/cattle/Texas/24-008749-003/2024(H5N1)	948	21684
MP|PP755590.1|A/cattle/Texas/24-008749-003/2024(H5N1)	949	21297
MP|PP755590.1|A/cattle/Texas/24-008749-003/2024(H5N1)	950	21065
MP|PP755590.1|A/cattle/Texas/24-008749-003/2024(H5N1)	951	20827
MP|PP755590.1|A/cattle/Texas/24-008749-003/2024(H5N1)	952	20640
MP|PP755590.1|A/cattle/Texas/24-008749-003/2024(H5N1)	953	20464
MP|PP755590.1|A/cattle/Texas/24-008749-003/2024(H5N1)	954	20277
MP|PP755590.1|A/cattle/Texas/24-008749-003/2024(H5N1)	955	19888
MP|PP755590.1|A/cattle/Texas/24-008749-003/2024(H5N1)	956	19747
MP|PP755590.1|A/cattle/Texas/24-008749-003/2024(H5N1)	957	19698
MP|PP755590.1|A/cattle/Texas/24-008749-003/2024(H5N1)	958	19655
MP|PP755590.1|A/cattle/Texas/24-008749-003/2024(H5N1)	959	19543
MP|PP755590.1|A/cattle/Texas/24-008749-003/2024(H5N1)	960	19455
MP|PP755590.1|A/cattle/Texas/24-008749-003/2024(H5N1)	961	19356
MP|PP755590.1|A/cattle/Texas/24-008749-003/2024(H5N1)	962	19331
MP|PP755590.1|A/cattle/Texas/24-008749-003/2024(H5N1)	963	19093
MP|PP755590.1|A/cattle/Texas/24-008749-003/2024(H5N1)	964	19074
MP|PP755590.1|A/cattle/Texas/24-008749-003/2024(H5N1)	965	18973
MP|PP755590.1|A/cattle/Texas/24-008749-003/2024(H5N1)	966	18929
MP|PP755590.1|A/cattle/Texas/24-008749-003/2024(H5N1)	967	18909
MP|PP755590.1|A/cattle/Texas/24-008749-003/2024(H5N1)	968	18849
MP|PP755590.1|A/cattle/Texas/24-008749-003/2024(H5N1)	969	18846
MP|PP755590.1|A/cattle/Texas/24-008749-003/2024(H5N1)	970	18120
MP|PP755590.1|A/cattle/Texas/24-008749-003/2024(H5N1)	971	18105
MP|PP755590.1|A/cattle/Texas/24-008749-003/2024(H5N1)	972	17887
MP|PP755590.1|A/cattle/Texas/24-008749-003/2024(H5N1)	973	17881
MP|PP755590.1|A/cattle/Texas/24-008749-003/2024(H5N1)	974	17818
MP|PP755590.1|A/cattle/Texas/24-008749-003/2024(H5N1)	975	13563
MP|PP755590.1|A/cattle/Texas/24-008749-003/2024(H5N1)	976	13401
MP|PP755590.1|A/cattle/Texas/24-008749-003/2024(H5N1)	977	13394
MP|PP755590.1|A/cattle/Texas/24-008749-003/2024(H5N1)	978	13337
MP|PP755590.1|A/cattle/Texas/24-008749-003/2024(H5N1)	979	13325
MP|PP755590.1|A/cattle/Texas/24-008749-003/2024(H5N1)	980	11691
MP|PP755590.1|A/cattle/Texas/24-008749-003/2024(H5N1)	981	11643
MP|PP755590.1|A/cattle/Texas/24-008749-003/2024(H5N1)	982	11617
