NP|PP755592.1|A/cattle/Texas/24-008749-003/2024(H5N1)	1	136
NP|PP755592.1|A/cattle/Texas/24-008749-003/2024(H5N1)	2	136
NP|PP755592.1|A/cattle/Texas/24-008749-003/2024(H5N1)	3	136
NP|PP755592.1|A/cattle/Texas/24-008749-003/2024(H5N1)	4	136
NP|PP755592.1|A/cattle/Texas/24-008749-003/2024(H5N1)	5	136
NP|PP755592.1|A/cattle/Texas/24-008749-003/2024(H5N1)	6	139
NP|PP755592.1|A/cattle/Texas/24-008749-003/2024(H5N1)	7	151
NP|PP755592.1|A/cattle/Texas/24-008749-003/2024(H5N1)	8	153
NP|PP755592.1|A/cattle/Texas/24-008749-003/2024(H5N1)	9	153
NP|PP755592.1|A/cattle/Texas/24-008749-003/2024(H5N1)	10	153
NP|PP755592.1|A/cattle/Texas/24-008749-003/2024(H5N1)	11	153
NP|PP755592.1|A/cattle/Texas/24-008749-003/2024(H5N1)	12	162
NP|PP755592.1|A/cattle/Texas/24-008749-003/2024(H5N1)	13	200
NP|PP755592.1|A/cattle/Texas/24-008749-003/2024(H5N1)	14	399
NP|PP755592.1|A/cattle/Texas/24-008749-003/2024(H5N1)	15	441
NP|PP755592.1|A/cattle/Texas/24-008749-003/2024(H5N1)	16	456
NP|PP755592.1|A/cattle/Texas/24-008749-003/2024(H5N1)	17	511
NP|PP755592.1|A/cattle/Texas/24-008749-003/2024(H5N1)	18	521
NP|PP755592.1|A/cattle/Texas/24-008749-003/2024(H5N1)	19	699
NP|PP755592.1|A/cattle/Texas/24-008749-003/2024(H5N1)	20	704
NP|PP755592.1|A/cattle/Texas/24-008749-003/2024(H5N1)	21	718
NP|PP755592.1|A/cattle/Texas/24-008749-003/2024(H5N1)	22	725
NP|PP755592.1|A/cattle/Texas/24-008749-003/2024(H5N1)	23	725
NP|PP755592.1|A/cattle/Texas/24-008749-003/2024(H5N1)	24	781
NP|PP755592.1|A/cattle/Texas/24-008749-003/2024(H5N1)	25	781
NP|PP755592.1|A/cattle/Texas/24-008749-003/2024(H5N1)	26	986
NP|PP755592.1|A/cattle/Texas/24-008749-003/2024(H5N1)	27	1034
NP|PP755592.1|A/cattle/Texas/24-008749-003/2024(H5N1)	28	1034
NP|PP755592.1|A/cattle/Texas/24-008749-003/2024(H5N1)	29	1042
NP|PP755592.1|A/cattle/Texas/24-008749-003/2024(H5N1)	30	1042
NP|PP755592.1|A/cattle/Texas/24-008749-003/2024(H5N1)	31	1070
NP|PP755592.1|A/cattle/Texas/24-008749-003/2024(H5N1)	32	1073
NP|PP755592.1|A/cattle/Texas/24-008749-003/2024(H5N1)	33	1074
NP|PP755592.1|A/cattle/Texas/24-008749-003/2024(H5N1)	34	1094
NP|PP755592.1|A/cattle/Texas/24-008749-003/2024(H5N1)	35	1109
NP|PP755592.1|A/cattle/Texas/24-008749-003/2024(H5N1)	36	1211
NP|PP755592.1|A/cattle/Texas/24-008749-003/2024(H5N1)	37	1237
NP|PP755592.1|A/cattle/Texas/24-008749-003/2024(H5N1)	38	1242
NP|PP755592.1|A/cattle/Texas/24-008749-003/2024(H5N1)	39	1257
NP|PP755592.1|A/cattle/Texas/24-008749-003/2024(H5N1)	40	1258
NP|PP755592.1|A/cattle/Texas/24-008749-003/2024(H5N1)	41	1268
NP|PP755592.1|A/cattle/Texas/24-008749-003/2024(H5N1)	42	1302
NP|PP755592.1|A/cattle/Texas/24-008749-003/2024(H5N1)	43	1355
NP|PP755592.1|A/cattle/Texas/24-008749-003/2024(H5N1)	44	1484
NP|PP755592.1|A/cattle/Texas/24-008749-003/2024(H5N1)	45	1487
NP|PP755592.1|A/cattle/Texas/24-008749-003/2024(H5N1)	46	1548
NP|PP755592.1|A/cattle/Texas/24-008749-003/2024(H5N1)	47	1556
NP|PP755592.1|A/cattle/Texas/24-008749-003/2024(H5N1)	48	1558
NP|PP755592.1|A/cattle/Texas/24-008749-003/2024(H5N1)	49	1564
NP|PP755592.1|A/cattle/Texas/24-008749-003/2024(H5N1)	50	1584
NP|PP755592.1|A/cattle/Texas/24-008749-003/2024(H5N1)	51	1587
NP|PP755592.1|A/cattle/Texas/24-008749-003/2024(H5N1)	52	1601
NP|PP755592.1|A/cattle/Texas/24-008749-003/2024(H5N1)	53	1635
NP|PP755592.1|A/cattle/Texas/24-008749-003/2024(H5N1)	54	1643
NP|PP755592.1|A/cattle/Texas/24-008749-003/2024(H5N1)	55	1748
NP|PP755592.1|A/cattle/Texas/24-008749-003/2024(H5N1)	56	1749
NP|PP755592.1|A/cattle/Texas/24-008749-003/2024(H5N1)	57	1800
NP|PP755592.1|A/cattle/Texas/24-008749-003/2024(H5N1)	58	1800
NP|PP755592.1|A/cattle/Texas/24-008749-003/2024(H5N1)	59	1800
NP|PP755592.1|A/cattle/Texas/24-008749-003/2024(H5N1)	60	1818
NP|PP755592.1|A/cattle/Texas/24-008749-003/2024(H5N1)	61	1837
NP|PP755592.1|A/cattle/Texas/24-008749-003/2024(H5N1)	62	1858
NP|PP755592.1|A/cattle/Texas/24-008749-003/2024(H5N1)	63	1858
NP|PP755592.1|A/cattle/Texas/24-008749-003/2024(H5N1)	64	1842
NP|PP755592.1|A/cattle/Texas/24-008749-003/2024(H5N1)	65	1859
NP|PP755592.1|A/cattle/Texas/24-008749-003/2024(H5N1)	66	1865
NP|PP755592.1|A/cattle/Texas/24-008749-003/2024(H5N1)	67	1892
NP|PP755592.1|A/cattle/Texas/24-008749-003/2024(H5N1)	68	1892
NP|PP755592.1|A/cattle/Texas/24-008749-003/2024(H5N1)	69	1894
NP|PP755592.1|A/cattle/Texas/24-008749-003/2024(H5N1)	70	1911
NP|PP755592.1|A/cattle/Texas/24-008749-003/2024(H5N1)	71	1911
NP|PP755592.1|A/cattle/Texas/24-008749-003/2024(H5N1)	72	2003
NP|PP755592.1|A/cattle/Texas/24-008749-003/2024(H5N1)	73	2008
NP|PP755592.1|A/cattle/Texas/24-008749-003/2024(H5N1)	74	2004
NP|PP755592.1|A/cattle/Texas/24-008749-003/2024(H5N1)	75	2013
NP|PP755592.1|A/cattle/Texas/24-008749-003/2024(H5N1)	76	2013
NP|PP755592.1|A/cattle/Texas/24-008749-003/2024(H5N1)	77	2030
NP|PP755592.1|A/cattle/Texas/24-008749-003/2024(H5N1)	78	2057
NP|PP755592.1|A/cattle/Texas/24-008749-003/2024(H5N1)	79	2067
NP|PP755592.1|A/cattle/Texas/24-008749-003/2024(H5N1)	80	2103
NP|PP755592.1|A/cattle/Texas/24-008749-003/2024(H5N1)	81	2109
NP|PP755592.1|A/cattle/Texas/24-008749-003/2024(H5N1)	82	2135
NP|PP755592.1|A/cattle/Texas/24-008749-003/2024(H5N1)	83	2187
NP|PP755592.1|A/cattle/Texas/24-008749-003/2024(H5N1)	84	2189
NP|PP755592.1|A/cattle/Texas/24-008749-003/2024(H5N1)	85	2215
NP|PP755592.1|A/cattle/Texas/24-008749-003/2024(H5N1)	86	2267
NP|PP755592.1|A/cattle/Texas/24-008749-003/2024(H5N1)	87	2268
NP|PP755592.1|A/cattle/Texas/24-008749-003/2024(H5N1)	88	2268
NP|PP755592.1|A/cattle/Texas/24-008749-003/2024(H5N1)	89	2321
NP|PP755592.1|A/cattle/Texas/24-008749-003/2024(H5N1)	90	2371
NP|PP755592.1|A/cattle/Texas/24-008749-003/2024(H5N1)	91	2368
NP|PP755592.1|A/cattle/Texas/24-008749-003/2024(H5N1)	92	2379
NP|PP755592.1|A/cattle/Texas/24-008749-003/2024(H5N1)	93	2443
NP|PP755592.1|A/cattle/Texas/24-008749-003/2024(H5N1)	94	2468
NP|PP755592.1|A/cattle/Texas/24-008749-003/2024(H5N1)	95	2475
NP|PP755592.1|A/cattle/Texas/24-008749-003/2024(H5N1)	96	2485
NP|PP755592.1|A/cattle/Texas/24-008749-003/2024(H5N1)	97	2502
NP|PP755592.1|A/cattle/Texas/24-008749-003/2024(H5N1)	98	2509
NP|PP755592.1|A/cattle/Texas/24-008749-003/2024(H5N1)	99	2578
NP|PP755592.1|A/cattle/Texas/24-008749-003/2024(H5N1)	100	2574
NP|PP755592.1|A/cattle/Texas/24-008749-003/2024(H5N1)	101	2574
NP|PP755592.1|A/cattle/Texas/24-008749-003/2024(H5N1)	102	2580
NP|PP755592.1|A/cattle/Texas/24-008749-003/2024(H5N1)	103	2581
NP|PP755592.1|A/cattle/Texas/24-008749-003/2024(H5N1)	104	2594
NP|PP755592.1|A/cattle/Texas/24-008749-003/2024(H5N1)	105	2592
NP|PP755592.1|A/cattle/Texas/24-008749-003/2024(H5N1)	106	2593
NP|PP755592.1|A/cattle/Texas/24-008749-003/2024(H5N1)	107	2592
NP|PP755592.1|A/cattle/Texas/24-008749-003/2024(H5N1)	108	2587
NP|PP755592.1|A/cattle/Texas/24-008749-003/2024(H5N1)	109	2591
NP|PP755592.1|A/cattle/Texas/24-008749-003/2024(H5N1)	110	2592
NP|PP755592.1|A/cattle/Texas/24-008749-003/2024(H5N1)	111	2592
NP|PP755592.1|A/cattle/Texas/24-008749-003/2024(H5N1)	112	2589
NP|PP755592.1|A/cattle/Texas/24-008749-003/2024(H5N1)	113	2589
NP|PP755592.1|A/cattle/Texas/24-008749-003/2024(H5N1)	114	2745
NP|PP755592.1|A/cattle/Texas/24-008749-003/2024(H5N1)	115	2749
NP|PP755592.1|A/cattle/Texas/24-008749-003/2024(H5N1)	116	2778
NP|PP755592.1|A/cattle/Texas/24-008749-003/2024(H5N1)	117	2769
NP|PP755592.1|A/cattle/Texas/24-008749-003/2024(H5N1)	118	2767
NP|PP755592.1|A/cattle/Texas/24-008749-003/2024(H5N1)	119	2887
NP|PP755592.1|A/cattle/Texas/24-008749-003/2024(H5N1)	120	2886
NP|PP755592.1|A/cattle/Texas/24-008749-003/2024(H5N1)	121	2919
NP|PP755592.1|A/cattle/Texas/24-008749-003/2024(H5N1)	122	2911
NP|PP755592.1|A/cattle/Texas/24-008749-003/2024(H5N1)	123	2885
NP|PP755592.1|A/cattle/Texas/24-008749-003/2024(H5N1)	124	2922
NP|PP755592.1|A/cattle/Texas/24-008749-003/2024(H5N1)	125	2911
NP|PP755592.1|A/cattle/Texas/24-008749-003/2024(H5N1)	126	3072
NP|PP755592.1|A/cattle/Texas/24-008749-003/2024(H5N1)	127	3070
NP|PP755592.1|A/cattle/Texas/24-008749-003/2024(H5N1)	128	3022
NP|PP755592.1|A/cattle/Texas/24-008749-003/2024(H5N1)	129	3024
NP|PP755592.1|A/cattle/Texas/24-008749-003/2024(H5N1)	130	2990
NP|PP755592.1|A/cattle/Texas/24-008749-003/2024(H5N1)	131	3025
NP|PP755592.1|A/cattle/Texas/24-008749-003/2024(H5N1)	132	3021
NP|PP755592.1|A/cattle/Texas/24-008749-003/2024(H5N1)	133	3010
NP|PP755592.1|A/cattle/Texas/24-008749-003/2024(H5N1)	134	3005
NP|PP755592.1|A/cattle/Texas/24-008749-003/2024(H5N1)	135	2837
NP|PP755592.1|A/cattle/Texas/24-008749-003/2024(H5N1)	136	2849
NP|PP755592.1|A/cattle/Texas/24-008749-003/2024(H5N1)	137	2839
NP|PP755592.1|A/cattle/Texas/24-008749-003/2024(H5N1)	138	2889
NP|PP755592.1|A/cattle/Texas/24-008749-003/2024(H5N1)	139	2887
NP|PP755592.1|A/cattle/Texas/24-008749-003/2024(H5N1)	140	2867
NP|PP755592.1|A/cattle/Texas/24-008749-003/2024(H5N1)	141	2866
NP|PP755592.1|A/cattle/Texas/24-008749-003/2024(H5N1)	142	2864
NP|PP755592.1|A/cattle/Texas/24-008749-003/2024(H5N1)	143	2868
NP|PP755592.1|A/cattle/Texas/24-008749-003/2024(H5N1)	144	2869
NP|PP755592.1|A/cattle/Texas/24-008749-003/2024(H5N1)	145	2871
NP|PP755592.1|A/cattle/Texas/24-008749-003/2024(H5N1)	146	2833
NP|PP755592.1|A/cattle/Texas/24-008749-003/2024(H5N1)	147	2804
NP|PP755592.1|A/cattle/Texas/24-008749-003/2024(H5N1)	148	2741
NP|PP755592.1|A/cattle/Texas/24-008749-003/2024(H5N1)	149	2748
NP|PP755592.1|A/cattle/Texas/24-008749-003/2024(H5N1)	150	2744
NP|PP755592.1|A/cattle/Texas/24-008749-003/2024(H5N1)	151	2746
NP|PP755592.1|A/cattle/Texas/24-008749-003/2024(H5N1)	152	2740
NP|PP755592.1|A/cattle/Texas/24-008749-003/2024(H5N1)	153	2740
NP|PP755592.1|A/cattle/Texas/24-008749-003/2024(H5N1)	154	2748
NP|PP755592.1|A/cattle/Texas/24-008749-003/2024(H5N1)	155	2748
NP|PP755592.1|A/cattle/Texas/24-008749-003/2024(H5N1)	156	2748
NP|PP755592.1|A/cattle/Texas/24-008749-003/2024(H5N1)	157	2748
NP|PP755592.1|A/cattle/Texas/24-008749-003/2024(H5N1)	158	2764
NP|PP755592.1|A/cattle/Texas/24-008749-003/2024(H5N1)	159	2764
NP|PP755592.1|A/cattle/Texas/24-008749-003/2024(H5N1)	160	2767
NP|PP755592.1|A/cattle/Texas/24-008749-003/2024(H5N1)	161	2761
NP|PP755592.1|A/cattle/Texas/24-008749-003/2024(H5N1)	162	2755
NP|PP755592.1|A/cattle/Texas/24-008749-003/2024(H5N1)	163	2767
NP|PP755592.1|A/cattle/Texas/24-008749-003/2024(H5N1)	164	2756
NP|PP755592.1|A/cattle/Texas/24-008749-003/2024(H5N1)	165	2665
NP|PP755592.1|A/cattle/Texas/24-008749-003/2024(H5N1)	166	2617
NP|PP755592.1|A/cattle/Texas/24-008749-003/2024(H5N1)	167	2560
NP|PP755592.1|A/cattle/Texas/24-008749-003/2024(H5N1)	168	2568
NP|PP755592.1|A/cattle/Texas/24-008749-003/2024(H5N1)	169	2610
NP|PP755592.1|A/cattle/Texas/24-008749-003/2024(H5N1)	170	2530
NP|PP755592.1|A/cattle/Texas/24-008749-003/2024(H5N1)	171	2523
NP|PP755592.1|A/cattle/Texas/24-008749-003/2024(H5N1)	172	2507
NP|PP755592.1|A/cattle/Texas/24-008749-003/2024(H5N1)	173	2491
NP|PP755592.1|A/cattle/Texas/24-008749-003/2024(H5N1)	174	2491
NP|PP755592.1|A/cattle/Texas/24-008749-003/2024(H5N1)	175	2451
NP|PP755592.1|A/cattle/Texas/24-008749-003/2024(H5N1)	176	2453
NP|PP755592.1|A/cattle/Texas/24-008749-003/2024(H5N1)	177	2403
NP|PP755592.1|A/cattle/Texas/24-008749-003/2024(H5N1)	178	2288
NP|PP755592.1|A/cattle/Texas/24-008749-003/2024(H5N1)	179	2390
NP|PP755592.1|A/cattle/Texas/24-008749-003/2024(H5N1)	180	2384
NP|PP755592.1|A/cattle/Texas/24-008749-003/2024(H5N1)	181	2384
NP|PP755592.1|A/cattle/Texas/24-008749-003/2024(H5N1)	182	2394
NP|PP755592.1|A/cattle/Texas/24-008749-003/2024(H5N1)	183	2380
NP|PP755592.1|A/cattle/Texas/24-008749-003/2024(H5N1)	184	2461
NP|PP755592.1|A/cattle/Texas/24-008749-003/2024(H5N1)	185	2598
NP|PP755592.1|A/cattle/Texas/24-008749-003/2024(H5N1)	186	2499
NP|PP755592.1|A/cattle/Texas/24-008749-003/2024(H5N1)	187	2506
NP|PP755592.1|A/cattle/Texas/24-008749-003/2024(H5N1)	188	2455
NP|PP755592.1|A/cattle/Texas/24-008749-003/2024(H5N1)	189	2449
NP|PP755592.1|A/cattle/Texas/24-008749-003/2024(H5N1)	190	2444
NP|PP755592.1|A/cattle/Texas/24-008749-003/2024(H5N1)	191	2441
NP|PP755592.1|A/cattle/Texas/24-008749-003/2024(H5N1)	192	2452
NP|PP755592.1|A/cattle/Texas/24-008749-003/2024(H5N1)	193	2352
NP|PP755592.1|A/cattle/Texas/24-008749-003/2024(H5N1)	194	2266
NP|PP755592.1|A/cattle/Texas/24-008749-003/2024(H5N1)	195	2224
NP|PP755592.1|A/cattle/Texas/24-008749-003/2024(H5N1)	196	2204
NP|PP755592.1|A/cattle/Texas/24-008749-003/2024(H5N1)	197	2162
NP|PP755592.1|A/cattle/Texas/24-008749-003/2024(H5N1)	198	2172
NP|PP755592.1|A/cattle/Texas/24-008749-003/2024(H5N1)	199	2192
NP|PP755592.1|A/cattle/Texas/24-008749-003/2024(H5N1)	200	2184
NP|PP755592.1|A/cattle/Texas/24-008749-003/2024(H5N1)	201	2188
NP|PP755592.1|A/cattle/Texas/24-008749-003/2024(H5N1)	202	2188
NP|PP755592.1|A/cattle/Texas/24-008749-003/2024(H5N1)	203	2088
NP|PP755592.1|A/cattle/Texas/24-008749-003/2024(H5N1)	204	2044
NP|PP755592.1|A/cattle/Texas/24-008749-003/2024(H5N1)	205	2038
NP|PP755592.1|A/cattle/Texas/24-008749-003/2024(H5N1)	206	2039
NP|PP755592.1|A/cattle/Texas/24-008749-003/2024(H5N1)	207	2027
NP|PP755592.1|A/cattle/Texas/24-008749-003/2024(H5N1)	208	2002
NP|PP755592.1|A/cattle/Texas/24-008749-003/2024(H5N1)	209	2006
NP|PP755592.1|A/cattle/Texas/24-008749-003/2024(H5N1)	210	1969
NP|PP755592.1|A/cattle/Texas/24-008749-003/2024(H5N1)	211	1956
NP|PP755592.1|A/cattle/Texas/24-008749-003/2024(H5N1)	212	1930
NP|PP755592.1|A/cattle/Texas/24-008749-003/2024(H5N1)	213	1892
NP|PP755592.1|A/cattle/Texas/24-008749-003/2024(H5N1)	214	1923
NP|PP755592.1|A/cattle/Texas/24-008749-003/2024(H5N1)	215	1933
NP|PP755592.1|A/cattle/Texas/24-008749-003/2024(H5N1)	216	1930
NP|PP755592.1|A/cattle/Texas/24-008749-003/2024(H5N1)	217	1917
NP|PP755592.1|A/cattle/Texas/24-008749-003/2024(H5N1)	218	1897
NP|PP755592.1|A/cattle/Texas/24-008749-003/2024(H5N1)	219	1890
NP|PP755592.1|A/cattle/Texas/24-008749-003/2024(H5N1)	220	1892
NP|PP755592.1|A/cattle/Texas/24-008749-003/2024(H5N1)	221	1891
NP|PP755592.1|A/cattle/Texas/24-008749-003/2024(H5N1)	222	1897
NP|PP755592.1|A/cattle/Texas/24-008749-003/2024(H5N1)	223	1817
NP|PP755592.1|A/cattle/Texas/24-008749-003/2024(H5N1)	224	1817
NP|PP755592.1|A/cattle/Texas/24-008749-003/2024(H5N1)	225	1835
NP|PP755592.1|A/cattle/Texas/24-008749-003/2024(H5N1)	226	1827
NP|PP755592.1|A/cattle/Texas/24-008749-003/2024(H5N1)	227	1828
NP|PP755592.1|A/cattle/Texas/24-008749-003/2024(H5N1)	228	1821
NP|PP755592.1|A/cattle/Texas/24-008749-003/2024(H5N1)	229	1803
NP|PP755592.1|A/cattle/Texas/24-008749-003/2024(H5N1)	230	1781
NP|PP755592.1|A/cattle/Texas/24-008749-003/2024(H5N1)	231	1746
NP|PP755592.1|A/cattle/Texas/24-008749-003/2024(H5N1)	232	1704
NP|PP755592.1|A/cattle/Texas/24-008749-003/2024(H5N1)	233	1676
NP|PP755592.1|A/cattle/Texas/24-008749-003/2024(H5N1)	234	1563
NP|PP755592.1|A/cattle/Texas/24-008749-003/2024(H5N1)	235	1555
NP|PP755592.1|A/cattle/Texas/24-008749-003/2024(H5N1)	236	1537
NP|PP755592.1|A/cattle/Texas/24-008749-003/2024(H5N1)	237	1438
NP|PP755592.1|A/cattle/Texas/24-008749-003/2024(H5N1)	238	1439
NP|PP755592.1|A/cattle/Texas/24-008749-003/2024(H5N1)	239	1372
NP|PP755592.1|A/cattle/Texas/24-008749-003/2024(H5N1)	240	1287
NP|PP755592.1|A/cattle/Texas/24-008749-003/2024(H5N1)	241	1308
NP|PP755592.1|A/cattle/Texas/24-008749-003/2024(H5N1)	242	1163
NP|PP755592.1|A/cattle/Texas/24-008749-003/2024(H5N1)	243	1158
NP|PP755592.1|A/cattle/Texas/24-008749-003/2024(H5N1)	244	1128
NP|PP755592.1|A/cattle/Texas/24-008749-003/2024(H5N1)	245	1082
NP|PP755592.1|A/cattle/Texas/24-008749-003/2024(H5N1)	246	1078
NP|PP755592.1|A/cattle/Texas/24-008749-003/2024(H5N1)	247	1046
NP|PP755592.1|A/cattle/Texas/24-008749-003/2024(H5N1)	248	1027
NP|PP755592.1|A/cattle/Texas/24-008749-003/2024(H5N1)	249	958
NP|PP755592.1|A/cattle/Texas/24-008749-003/2024(H5N1)	250	735
NP|PP755592.1|A/cattle/Texas/24-008749-003/2024(H5N1)	251	764
NP|PP755592.1|A/cattle/Texas/24-008749-003/2024(H5N1)	252	761
NP|PP755592.1|A/cattle/Texas/24-008749-003/2024(H5N1)	253	761
NP|PP755592.1|A/cattle/Texas/24-008749-003/2024(H5N1)	254	779
NP|PP755592.1|A/cattle/Texas/24-008749-003/2024(H5N1)	255	776
NP|PP755592.1|A/cattle/Texas/24-008749-003/2024(H5N1)	256	780
NP|PP755592.1|A/cattle/Texas/24-008749-003/2024(H5N1)	257	784
NP|PP755592.1|A/cattle/Texas/24-008749-003/2024(H5N1)	258	793
NP|PP755592.1|A/cattle/Texas/24-008749-003/2024(H5N1)	259	793
NP|PP755592.1|A/cattle/Texas/24-008749-003/2024(H5N1)	260	787
NP|PP755592.1|A/cattle/Texas/24-008749-003/2024(H5N1)	261	789
NP|PP755592.1|A/cattle/Texas/24-008749-003/2024(H5N1)	262	814
NP|PP755592.1|A/cattle/Texas/24-008749-003/2024(H5N1)	263	855
NP|PP755592.1|A/cattle/Texas/24-008749-003/2024(H5N1)	264	855
NP|PP755592.1|A/cattle/Texas/24-008749-003/2024(H5N1)	265	862
NP|PP755592.1|A/cattle/Texas/24-008749-003/2024(H5N1)	266	867
NP|PP755592.1|A/cattle/Texas/24-008749-003/2024(H5N1)	267	876
NP|PP755592.1|A/cattle/Texas/24-008749-003/2024(H5N1)	268	876
NP|PP755592.1|A/cattle/Texas/24-008749-003/2024(H5N1)	269	876
NP|PP755592.1|A/cattle/Texas/24-008749-003/2024(H5N1)	270	746
NP|PP755592.1|A/cattle/Texas/24-008749-003/2024(H5N1)	271	744
NP|PP755592.1|A/cattle/Texas/24-008749-003/2024(H5N1)	272	744
NP|PP755592.1|A/cattle/Texas/24-008749-003/2024(H5N1)	273	744
NP|PP755592.1|A/cattle/Texas/24-008749-003/2024(H5N1)	274	738
NP|PP755592.1|A/cattle/Texas/24-008749-003/2024(H5N1)	275	741
NP|PP755592.1|A/cattle/Texas/24-008749-003/2024(H5N1)	276	741
NP|PP755592.1|A/cattle/Texas/24-008749-003/2024(H5N1)	277	741
NP|PP755592.1|A/cattle/Texas/24-008749-003/2024(H5N1)	278	744
NP|PP755592.1|A/cattle/Texas/24-008749-003/2024(H5N1)	279	733
NP|PP755592.1|A/cattle/Texas/24-008749-003/2024(H5N1)	280	739
NP|PP755592.1|A/cattle/Texas/24-008749-003/2024(H5N1)	281	741
NP|PP755592.1|A/cattle/Texas/24-008749-003/2024(H5N1)	282	733
NP|PP755592.1|A/cattle/Texas/24-008749-003/2024(H5N1)	283	735
NP|PP755592.1|A/cattle/Texas/24-008749-003/2024(H5N1)	284	733
NP|PP755592.1|A/cattle/Texas/24-008749-003/2024(H5N1)	285	729
NP|PP755592.1|A/cattle/Texas/24-008749-003/2024(H5N1)	286	750
NP|PP755592.1|A/cattle/Texas/24-008749-003/2024(H5N1)	287	750
NP|PP755592.1|A/cattle/Texas/24-008749-003/2024(H5N1)	288	758
NP|PP755592.1|A/cattle/Texas/24-008749-003/2024(H5N1)	289	758
NP|PP755592.1|A/cattle/Texas/24-008749-003/2024(H5N1)	290	756
NP|PP755592.1|A/cattle/Texas/24-008749-003/2024(H5N1)	291	759
NP|PP755592.1|A/cattle/Texas/24-008749-003/2024(H5N1)	292	757
NP|PP755592.1|A/cattle/Texas/24-008749-003/2024(H5N1)	293	767
NP|PP755592.1|A/cattle/Texas/24-008749-003/2024(H5N1)	294	768
NP|PP755592.1|A/cattle/Texas/24-008749-003/2024(H5N1)	295	760
NP|PP755592.1|A/cattle/Texas/24-008749-003/2024(H5N1)	296	760
NP|PP755592.1|A/cattle/Texas/24-008749-003/2024(H5N1)	297	762
NP|PP755592.1|A/cattle/Texas/24-008749-003/2024(H5N1)	298	762
NP|PP755592.1|A/cattle/Texas/24-008749-003/2024(H5N1)	299	762
NP|PP755592.1|A/cattle/Texas/24-008749-003/2024(H5N1)	300	758
NP|PP755592.1|A/cattle/Texas/24-008749-003/2024(H5N1)	301	758
NP|PP755592.1|A/cattle/Texas/24-008749-003/2024(H5N1)	302	754
NP|PP755592.1|A/cattle/Texas/24-008749-003/2024(H5N1)	303	754
NP|PP755592.1|A/cattle/Texas/24-008749-003/2024(H5N1)	304	754
NP|PP755592.1|A/cattle/Texas/24-008749-003/2024(H5N1)	305	756
NP|PP755592.1|A/cattle/Texas/24-008749-003/2024(H5N1)	306	756
NP|PP755592.1|A/cattle/Texas/24-008749-003/2024(H5N1)	307	757
NP|PP755592.1|A/cattle/Texas/24-008749-003/2024(H5N1)	308	758
NP|PP755592.1|A/cattle/Texas/24-008749-003/2024(H5N1)	309	760
NP|PP755592.1|A/cattle/Texas/24-008749-003/2024(H5N1)	310	760
NP|PP755592.1|A/cattle/Texas/24-008749-003/2024(H5N1)	311	761
NP|PP755592.1|A/cattle/Texas/24-008749-003/2024(H5N1)	312	756
NP|PP755592.1|A/cattle/Texas/24-008749-003/2024(H5N1)	313	757
NP|PP755592.1|A/cattle/Texas/24-008749-003/2024(H5N1)	314	755
NP|PP755592.1|A/cattle/Texas/24-008749-003/2024(H5N1)	315	755
NP|PP755592.1|A/cattle/Texas/24-008749-003/2024(H5N1)	316	755
NP|PP755592.1|A/cattle/Texas/24-008749-003/2024(H5N1)	317	755
NP|PP755592.1|A/cattle/Texas/24-008749-003/2024(H5N1)	318	751
NP|PP755592.1|A/cattle/Texas/24-008749-003/2024(H5N1)	319	759
NP|PP755592.1|A/cattle/Texas/24-008749-003/2024(H5N1)	320	746
NP|PP755592.1|A/cattle/Texas/24-008749-003/2024(H5N1)	321	746
NP|PP755592.1|A/cattle/Texas/24-008749-003/2024(H5N1)	322	744
NP|PP755592.1|A/cattle/Texas/24-008749-003/2024(H5N1)	323	740
NP|PP755592.1|A/cattle/Texas/24-008749-003/2024(H5N1)	324	740
NP|PP755592.1|A/cattle/Texas/24-008749-003/2024(H5N1)	325	740
NP|PP755592.1|A/cattle/Texas/24-008749-003/2024(H5N1)	326	741
NP|PP755592.1|A/cattle/Texas/24-008749-003/2024(H5N1)	327	710
NP|PP755592.1|A/cattle/Texas/24-008749-003/2024(H5N1)	328	691
NP|PP755592.1|A/cattle/Texas/24-008749-003/2024(H5N1)	329	687
NP|PP755592.1|A/cattle/Texas/24-008749-003/2024(H5N1)	330	690
NP|PP755592.1|A/cattle/Texas/24-008749-003/2024(H5N1)	331	690
NP|PP755592.1|A/cattle/Texas/24-008749-003/2024(H5N1)	332	690
NP|PP755592.1|A/cattle/Texas/24-008749-003/2024(H5N1)	333	681
NP|PP755592.1|A/cattle/Texas/24-008749-003/2024(H5N1)	334	681
NP|PP755592.1|A/cattle/Texas/24-008749-003/2024(H5N1)	335	649
NP|PP755592.1|A/cattle/Texas/24-008749-003/2024(H5N1)	336	596
NP|PP755592.1|A/cattle/Texas/24-008749-003/2024(H5N1)	337	575
NP|PP755592.1|A/cattle/Texas/24-008749-003/2024(H5N1)	338	568
NP|PP755592.1|A/cattle/Texas/24-008749-003/2024(H5N1)	339	564
NP|PP755592.1|A/cattle/Texas/24-008749-003/2024(H5N1)	340	565
NP|PP755592.1|A/cattle/Texas/24-008749-003/2024(H5N1)	341	564
NP|PP755592.1|A/cattle/Texas/24-008749-003/2024(H5N1)	342	562
NP|PP755592.1|A/cattle/Texas/24-008749-003/2024(H5N1)	343	562
NP|PP755592.1|A/cattle/Texas/24-008749-003/2024(H5N1)	344	545
NP|PP755592.1|A/cattle/Texas/24-008749-003/2024(H5N1)	345	538
NP|PP755592.1|A/cattle/Texas/24-008749-003/2024(H5N1)	346	540
NP|PP755592.1|A/cattle/Texas/24-008749-003/2024(H5N1)	347	567
NP|PP755592.1|A/cattle/Texas/24-008749-003/2024(H5N1)	348	598
NP|PP755592.1|A/cattle/Texas/24-008749-003/2024(H5N1)	349	579
NP|PP755592.1|A/cattle/Texas/24-008749-003/2024(H5N1)	350	972
NP|PP755592.1|A/cattle/Texas/24-008749-003/2024(H5N1)	351	973
NP|PP755592.1|A/cattle/Texas/24-008749-003/2024(H5N1)	352	986
NP|PP755592.1|A/cattle/Texas/24-008749-003/2024(H5N1)	353	1132
NP|PP755592.1|A/cattle/Texas/24-008749-003/2024(H5N1)	354	1214
NP|PP755592.1|A/cattle/Texas/24-008749-003/2024(H5N1)	355	1255
NP|PP755592.1|A/cattle/Texas/24-008749-003/2024(H5N1)	356	1265
NP|PP755592.1|A/cattle/Texas/24-008749-003/2024(H5N1)	357	1269
NP|PP755592.1|A/cattle/Texas/24-008749-003/2024(H5N1)	358	1269
NP|PP755592.1|A/cattle/Texas/24-008749-003/2024(H5N1)	359	1266
NP|PP755592.1|A/cattle/Texas/24-008749-003/2024(H5N1)	360	1335
NP|PP755592.1|A/cattle/Texas/24-008749-003/2024(H5N1)	361	1335
NP|PP755592.1|A/cattle/Texas/24-008749-003/2024(H5N1)	362	1334
NP|PP755592.1|A/cattle/Texas/24-008749-003/2024(H5N1)	363	1339
NP|PP755592.1|A/cattle/Texas/24-008749-003/2024(H5N1)	364	1346
NP|PP755592.1|A/cattle/Texas/24-008749-003/2024(H5N1)	365	1358
NP|PP755592.1|A/cattle/Texas/24-008749-003/2024(H5N1)	366	1730
NP|PP755592.1|A/cattle/Texas/24-008749-003/2024(H5N1)	367	1932
NP|PP755592.1|A/cattle/Texas/24-008749-003/2024(H5N1)	368	1979
NP|PP755592.1|A/cattle/Texas/24-008749-003/2024(H5N1)	369	2033
NP|PP755592.1|A/cattle/Texas/24-008749-003/2024(H5N1)	370	2122
NP|PP755592.1|A/cattle/Texas/24-008749-003/2024(H5N1)	371	2295
NP|PP755592.1|A/cattle/Texas/24-008749-003/2024(H5N1)	372	2384
NP|PP755592.1|A/cattle/Texas/24-008749-003/2024(H5N1)	373	2444
NP|PP755592.1|A/cattle/Texas/24-008749-003/2024(H5N1)	374	2641
NP|PP755592.1|A/cattle/Texas/24-008749-003/2024(H5N1)	375	2630
NP|PP755592.1|A/cattle/Texas/24-008749-003/2024(H5N1)	376	2671
NP|PP755592.1|A/cattle/Texas/24-008749-003/2024(H5N1)	377	2682
NP|PP755592.1|A/cattle/Texas/24-008749-003/2024(H5N1)	378	2684
NP|PP755592.1|A/cattle/Texas/24-008749-003/2024(H5N1)	379	2711
NP|PP755592.1|A/cattle/Texas/24-008749-003/2024(H5N1)	380	2693
NP|PP755592.1|A/cattle/Texas/24-008749-003/2024(H5N1)	381	3303
NP|PP755592.1|A/cattle/Texas/24-008749-003/2024(H5N1)	382	3317
NP|PP755592.1|A/cattle/Texas/24-008749-003/2024(H5N1)	383	3414
NP|PP755592.1|A/cattle/Texas/24-008749-003/2024(H5N1)	384	3479
NP|PP755592.1|A/cattle/Texas/24-008749-003/2024(H5N1)	385	3478
NP|PP755592.1|A/cattle/Texas/24-008749-003/2024(H5N1)	386	3573
NP|PP755592.1|A/cattle/Texas/24-008749-003/2024(H5N1)	387	3572
NP|PP755592.1|A/cattle/Texas/24-008749-003/2024(H5N1)	388	3582
NP|PP755592.1|A/cattle/Texas/24-008749-003/2024(H5N1)	389	3804
NP|PP755592.1|A/cattle/Texas/24-008749-003/2024(H5N1)	390	3720
NP|PP755592.1|A/cattle/Texas/24-008749-003/2024(H5N1)	391	3742
NP|PP755592.1|A/cattle/Texas/24-008749-003/2024(H5N1)	392	3756
NP|PP755592.1|A/cattle/Texas/24-008749-003/2024(H5N1)	393	3782
NP|PP755592.1|A/cattle/Texas/24-008749-003/2024(H5N1)	394	3923
NP|PP755592.1|A/cattle/Texas/24-008749-003/2024(H5N1)	395	4017
NP|PP755592.1|A/cattle/Texas/24-008749-003/2024(H5N1)	396	4020
NP|PP755592.1|A/cattle/Texas/24-008749-003/2024(H5N1)	397	4061
NP|PP755592.1|A/cattle/Texas/24-008749-003/2024(H5N1)	398	4041
NP|PP755592.1|A/cattle/Texas/24-008749-003/2024(H5N1)	399	4121
NP|PP755592.1|A/cattle/Texas/24-008749-003/2024(H5N1)	400	4114
NP|PP755592.1|A/cattle/Texas/24-008749-003/2024(H5N1)	401	4111
NP|PP755592.1|A/cattle/Texas/24-008749-003/2024(H5N1)	402	4146
NP|PP755592.1|A/cattle/Texas/24-008749-003/2024(H5N1)	403	4226
NP|PP755592.1|A/cattle/Texas/24-008749-003/2024(H5N1)	404	4236
NP|PP755592.1|A/cattle/Texas/24-008749-003/2024(H5N1)	405	4482
NP|PP755592.1|A/cattle/Texas/24-008749-003/2024(H5N1)	406	4514
NP|PP755592.1|A/cattle/Texas/24-008749-003/2024(H5N1)	407	4519
NP|PP755592.1|A/cattle/Texas/24-008749-003/2024(H5N1)	408	4500
NP|PP755592.1|A/cattle/Texas/24-008749-003/2024(H5N1)	409	4508
NP|PP755592.1|A/cattle/Texas/24-008749-003/2024(H5N1)	410	4525
NP|PP755592.1|A/cattle/Texas/24-008749-003/2024(H5N1)	411	4547
NP|PP755592.1|A/cattle/Texas/24-008749-003/2024(H5N1)	412	4555
NP|PP755592.1|A/cattle/Texas/24-008749-003/2024(H5N1)	413	4714
NP|PP755592.1|A/cattle/Texas/24-008749-003/2024(H5N1)	414	4618
NP|PP755592.1|A/cattle/Texas/24-008749-003/2024(H5N1)	415	4623
NP|PP755592.1|A/cattle/Texas/24-008749-003/2024(H5N1)	416	4614
NP|PP755592.1|A/cattle/Texas/24-008749-003/2024(H5N1)	417	4621
NP|PP755592.1|A/cattle/Texas/24-008749-003/2024(H5N1)	418	4838
NP|PP755592.1|A/cattle/Texas/24-008749-003/2024(H5N1)	419	4893
NP|PP755592.1|A/cattle/Texas/24-008749-003/2024(H5N1)	420	4897
NP|PP755592.1|A/cattle/Texas/24-008749-003/2024(H5N1)	421	4905
NP|PP755592.1|A/cattle/Texas/24-008749-003/2024(H5N1)	422	4907
NP|PP755592.1|A/cattle/Texas/24-008749-003/2024(H5N1)	423	4953
NP|PP755592.1|A/cattle/Texas/24-008749-003/2024(H5N1)	424	5024
NP|PP755592.1|A/cattle/Texas/24-008749-003/2024(H5N1)	425	5066
NP|PP755592.1|A/cattle/Texas/24-008749-003/2024(H5N1)	426	5081
NP|PP755592.1|A/cattle/Texas/24-008749-003/2024(H5N1)	427	5109
NP|PP755592.1|A/cattle/Texas/24-008749-003/2024(H5N1)	428	5098
NP|PP755592.1|A/cattle/Texas/24-008749-003/2024(H5N1)	429	5180
NP|PP755592.1|A/cattle/Texas/24-008749-003/2024(H5N1)	430	5193
NP|PP755592.1|A/cattle/Texas/24-008749-003/2024(H5N1)	431	5204
NP|PP755592.1|A/cattle/Texas/24-008749-003/2024(H5N1)	432	5394
NP|PP755592.1|A/cattle/Texas/24-008749-003/2024(H5N1)	433	5386
NP|PP755592.1|A/cattle/Texas/24-008749-003/2024(H5N1)	434	5472
NP|PP755592.1|A/cattle/Texas/24-008749-003/2024(H5N1)	435	5469
NP|PP755592.1|A/cattle/Texas/24-008749-003/2024(H5N1)	436	5499
NP|PP755592.1|A/cattle/Texas/24-008749-003/2024(H5N1)	437	5659
NP|PP755592.1|A/cattle/Texas/24-008749-003/2024(H5N1)	438	5646
NP|PP755592.1|A/cattle/Texas/24-008749-003/2024(H5N1)	439	5729
NP|PP755592.1|A/cattle/Texas/24-008749-003/2024(H5N1)	440	5734
NP|PP755592.1|A/cattle/Texas/24-008749-003/2024(H5N1)	441	5759
NP|PP755592.1|A/cattle/Texas/24-008749-003/2024(H5N1)	442	5810
NP|PP755592.1|A/cattle/Texas/24-008749-003/2024(H5N1)	443	5768
NP|PP755592.1|A/cattle/Texas/24-008749-003/2024(H5N1)	444	5922
NP|PP755592.1|A/cattle/Texas/24-008749-003/2024(H5N1)	445	5916
NP|PP755592.1|A/cattle/Texas/24-008749-003/2024(H5N1)	446	5882
NP|PP755592.1|A/cattle/Texas/24-008749-003/2024(H5N1)	447	5909
NP|PP755592.1|A/cattle/Texas/24-008749-003/2024(H5N1)	448	5893
NP|PP755592.1|A/cattle/Texas/24-008749-003/2024(H5N1)	449	6040
NP|PP755592.1|A/cattle/Texas/24-008749-003/2024(H5N1)	450	6033
NP|PP755592.1|A/cattle/Texas/24-008749-003/2024(H5N1)	451	6020
NP|PP755592.1|A/cattle/Texas/24-008749-003/2024(H5N1)	452	6031
NP|PP755592.1|A/cattle/Texas/24-008749-003/2024(H5N1)	453	5951
NP|PP755592.1|A/cattle/Texas/24-008749-003/2024(H5N1)	454	5951
NP|PP755592.1|A/cattle/Texas/24-008749-003/2024(H5N1)	455	5984
NP|PP755592.1|A/cattle/Texas/24-008749-003/2024(H5N1)	456	5986
NP|PP755592.1|A/cattle/Texas/24-008749-003/2024(H5N1)	457	6010
NP|PP755592.1|A/cattle/Texas/24-008749-003/2024(H5N1)	458	5947
NP|PP755592.1|A/cattle/Texas/24-008749-003/2024(H5N1)	459	5942
NP|PP755592.1|A/cattle/Texas/24-008749-003/2024(H5N1)	460	6005
NP|PP755592.1|A/cattle/Texas/24-008749-003/2024(H5N1)	461	5993
NP|PP755592.1|A/cattle/Texas/24-008749-003/2024(H5N1)	462	6015
NP|PP755592.1|A/cattle/Texas/24-008749-003/2024(H5N1)	463	6030
NP|PP755592.1|A/cattle/Texas/24-008749-003/2024(H5N1)	464	5998
NP|PP755592.1|A/cattle/Texas/24-008749-003/2024(H5N1)	465	6010
NP|PP755592.1|A/cattle/Texas/24-008749-003/2024(H5N1)	466	5998
NP|PP755592.1|A/cattle/Texas/24-008749-003/2024(H5N1)	467	6017
NP|PP755592.1|A/cattle/Texas/24-008749-003/2024(H5N1)	468	6034
NP|PP755592.1|A/cattle/Texas/24-008749-003/2024(H5N1)	469	5948
NP|PP755592.1|A/cattle/Texas/24-008749-003/2024(H5N1)	470	5975
NP|PP755592.1|A/cattle/Texas/24-008749-003/2024(H5N1)	471	5952
NP|PP755592.1|A/cattle/Texas/24-008749-003/2024(H5N1)	472	5968
NP|PP755592.1|A/cattle/Texas/24-008749-003/2024(H5N1)	473	5997
NP|PP755592.1|A/cattle/Texas/24-008749-003/2024(H5N1)	474	5991
NP|PP755592.1|A/cattle/Texas/24-008749-003/2024(H5N1)	475	5992
NP|PP755592.1|A/cattle/Texas/24-008749-003/2024(H5N1)	476	5970
NP|PP755592.1|A/cattle/Texas/24-008749-003/2024(H5N1)	477	5978
NP|PP755592.1|A/cattle/Texas/24-008749-003/2024(H5N1)	478	6015
NP|PP755592.1|A/cattle/Texas/24-008749-003/2024(H5N1)	479	6099
NP|PP755592.1|A/cattle/Texas/24-008749-003/2024(H5N1)	480	6109
NP|PP755592.1|A/cattle/Texas/24-008749-003/2024(H5N1)	481	6094
NP|PP755592.1|A/cattle/Texas/24-008749-003/2024(H5N1)	482	6051
NP|PP755592.1|A/cattle/Texas/24-008749-003/2024(H5N1)	483	6038
NP|PP755592.1|A/cattle/Texas/24-008749-003/2024(H5N1)	484	6047
NP|PP755592.1|A/cattle/Texas/24-008749-003/2024(H5N1)	485	6049
NP|PP755592.1|A/cattle/Texas/24-008749-003/2024(H5N1)	486	6051
NP|PP755592.1|A/cattle/Texas/24-008749-003/2024(H5N1)	487	6021
NP|PP755592.1|A/cattle/Texas/24-008749-003/2024(H5N1)	488	5779
NP|PP755592.1|A/cattle/Texas/24-008749-003/2024(H5N1)	489	5833
NP|PP755592.1|A/cattle/Texas/24-008749-003/2024(H5N1)	490	5762
NP|PP755592.1|A/cattle/Texas/24-008749-003/2024(H5N1)	491	5782
NP|PP755592.1|A/cattle/Texas/24-008749-003/2024(H5N1)	492	5782
NP|PP755592.1|A/cattle/Texas/24-008749-003/2024(H5N1)	493	5763
NP|PP755592.1|A/cattle/Texas/24-008749-003/2024(H5N1)	494	5817
NP|PP755592.1|A/cattle/Texas/24-008749-003/2024(H5N1)	495	5799
NP|PP755592.1|A/cattle/Texas/24-008749-003/2024(H5N1)	496	5835
NP|PP755592.1|A/cattle/Texas/24-008749-003/2024(H5N1)	497	5829
NP|PP755592.1|A/cattle/Texas/24-008749-003/2024(H5N1)	498	5804
NP|PP755592.1|A/cattle/Texas/24-008749-003/2024(H5N1)	499	6432
NP|PP755592.1|A/cattle/Texas/24-008749-003/2024(H5N1)	500	6490
NP|PP755592.1|A/cattle/Texas/24-008749-003/2024(H5N1)	501	6362
NP|PP755592.1|A/cattle/Texas/24-008749-003/2024(H5N1)	502	6355
NP|PP755592.1|A/cattle/Texas/24-008749-003/2024(H5N1)	503	6203
NP|PP755592.1|A/cattle/Texas/24-008749-003/2024(H5N1)	504	6536
NP|PP755592.1|A/cattle/Texas/24-008749-003/2024(H5N1)	505	6568
NP|PP755592.1|A/cattle/Texas/24-008749-003/2024(H5N1)	506	7835
NP|PP755592.1|A/cattle/Texas/24-008749-003/2024(H5N1)	507	7840
NP|PP755592.1|A/cattle/Texas/24-008749-003/2024(H5N1)	508	7740
NP|PP755592.1|A/cattle/Texas/24-008749-003/2024(H5N1)	509	7845
NP|PP755592.1|A/cattle/Texas/24-008749-003/2024(H5N1)	510	7952
NP|PP755592.1|A/cattle/Texas/24-008749-003/2024(H5N1)	511	8290
NP|PP755592.1|A/cattle/Texas/24-008749-003/2024(H5N1)	512	8277
NP|PP755592.1|A/cattle/Texas/24-008749-003/2024(H5N1)	513	8258
NP|PP755592.1|A/cattle/Texas/24-008749-003/2024(H5N1)	514	8877
NP|PP755592.1|A/cattle/Texas/24-008749-003/2024(H5N1)	515	8755
NP|PP755592.1|A/cattle/Texas/24-008749-003/2024(H5N1)	516	10861
NP|PP755592.1|A/cattle/Texas/24-008749-003/2024(H5N1)	517	10799
NP|PP755592.1|A/cattle/Texas/24-008749-003/2024(H5N1)	518	10762
NP|PP755592.1|A/cattle/Texas/24-008749-003/2024(H5N1)	519	10823
NP|PP755592.1|A/cattle/Texas/24-008749-003/2024(H5N1)	520	10792
NP|PP755592.1|A/cattle/Texas/24-008749-003/2024(H5N1)	521	10774
NP|PP755592.1|A/cattle/Texas/24-008749-003/2024(H5N1)	522	10723
NP|PP755592.1|A/cattle/Texas/24-008749-003/2024(H5N1)	523	10568
NP|PP755592.1|A/cattle/Texas/24-008749-003/2024(H5N1)	524	10612
NP|PP755592.1|A/cattle/Texas/24-008749-003/2024(H5N1)	525	10432
NP|PP755592.1|A/cattle/Texas/24-008749-003/2024(H5N1)	526	10447
NP|PP755592.1|A/cattle/Texas/24-008749-003/2024(H5N1)	527	10433
NP|PP755592.1|A/cattle/Texas/24-008749-003/2024(H5N1)	528	10428
NP|PP755592.1|A/cattle/Texas/24-008749-003/2024(H5N1)	529	10416
NP|PP755592.1|A/cattle/Texas/24-008749-003/2024(H5N1)	530	10467
NP|PP755592.1|A/cattle/Texas/24-008749-003/2024(H5N1)	531	10471
NP|PP755592.1|A/cattle/Texas/24-008749-003/2024(H5N1)	532	10277
NP|PP755592.1|A/cattle/Texas/24-008749-003/2024(H5N1)	533	10416
NP|PP755592.1|A/cattle/Texas/24-008749-003/2024(H5N1)	534	10328
NP|PP755592.1|A/cattle/Texas/24-008749-003/2024(H5N1)	535	10565
NP|PP755592.1|A/cattle/Texas/24-008749-003/2024(H5N1)	536	10548
NP|PP755592.1|A/cattle/Texas/24-008749-003/2024(H5N1)	537	10547
NP|PP755592.1|A/cattle/Texas/24-008749-003/2024(H5N1)	538	10557
NP|PP755592.1|A/cattle/Texas/24-008749-003/2024(H5N1)	539	10643
NP|PP755592.1|A/cattle/Texas/24-008749-003/2024(H5N1)	540	10577
NP|PP755592.1|A/cattle/Texas/24-008749-003/2024(H5N1)	541	10577
NP|PP755592.1|A/cattle/Texas/24-008749-003/2024(H5N1)	542	10586
NP|PP755592.1|A/cattle/Texas/24-008749-003/2024(H5N1)	543	10575
NP|PP755592.1|A/cattle/Texas/24-008749-003/2024(H5N1)	544	10649
NP|PP755592.1|A/cattle/Texas/24-008749-003/2024(H5N1)	545	10581
NP|PP755592.1|A/cattle/Texas/24-008749-003/2024(H5N1)	546	10810
NP|PP755592.1|A/cattle/Texas/24-008749-003/2024(H5N1)	547	11024
NP|PP755592.1|A/cattle/Texas/24-008749-003/2024(H5N1)	548	11361
NP|PP755592.1|A/cattle/Texas/24-008749-003/2024(H5N1)	549	11409
NP|PP755592.1|A/cattle/Texas/24-008749-003/2024(H5N1)	550	11397
NP|PP755592.1|A/cattle/Texas/24-008749-003/2024(H5N1)	551	11403
NP|PP755592.1|A/cattle/Texas/24-008749-003/2024(H5N1)	552	11399
NP|PP755592.1|A/cattle/Texas/24-008749-003/2024(H5N1)	553	11296
NP|PP755592.1|A/cattle/Texas/24-008749-003/2024(H5N1)	554	11941
NP|PP755592.1|A/cattle/Texas/24-008749-003/2024(H5N1)	555	11909
NP|PP755592.1|A/cattle/Texas/24-008749-003/2024(H5N1)	556	11808
NP|PP755592.1|A/cattle/Texas/24-008749-003/2024(H5N1)	557	11907
NP|PP755592.1|A/cattle/Texas/24-008749-003/2024(H5N1)	558	11900
NP|PP755592.1|A/cattle/Texas/24-008749-003/2024(H5N1)	559	11902
NP|PP755592.1|A/cattle/Texas/24-008749-003/2024(H5N1)	560	12495
NP|PP755592.1|A/cattle/Texas/24-008749-003/2024(H5N1)	561	12530
NP|PP755592.1|A/cattle/Texas/24-008749-003/2024(H5N1)	562	12511
NP|PP755592.1|A/cattle/Texas/24-008749-003/2024(H5N1)	563	12461
NP|PP755592.1|A/cattle/Texas/24-008749-003/2024(H5N1)	564	12066
NP|PP755592.1|A/cattle/Texas/24-008749-003/2024(H5N1)	565	12196
NP|PP755592.1|A/cattle/Texas/24-008749-003/2024(H5N1)	566	12288
NP|PP755592.1|A/cattle/Texas/24-008749-003/2024(H5N1)	567	12336
NP|PP755592.1|A/cattle/Texas/24-008749-003/2024(H5N1)	568	12387
NP|PP755592.1|A/cattle/Texas/24-008749-003/2024(H5N1)	569	11752
NP|PP755592.1|A/cattle/Texas/24-008749-003/2024(H5N1)	570	11760
NP|PP755592.1|A/cattle/Texas/24-008749-003/2024(H5N1)	571	12825
NP|PP755592.1|A/cattle/Texas/24-008749-003/2024(H5N1)	572	12827
NP|PP755592.1|A/cattle/Texas/24-008749-003/2024(H5N1)	573	12818
NP|PP755592.1|A/cattle/Texas/24-008749-003/2024(H5N1)	574	12958
NP|PP755592.1|A/cattle/Texas/24-008749-003/2024(H5N1)	575	12957
NP|PP755592.1|A/cattle/Texas/24-008749-003/2024(H5N1)	576	13499
NP|PP755592.1|A/cattle/Texas/24-008749-003/2024(H5N1)	577	13462
NP|PP755592.1|A/cattle/Texas/24-008749-003/2024(H5N1)	578	13433
NP|PP755592.1|A/cattle/Texas/24-008749-003/2024(H5N1)	579	13498
NP|PP755592.1|A/cattle/Texas/24-008749-003/2024(H5N1)	580	13754
NP|PP755592.1|A/cattle/Texas/24-008749-003/2024(H5N1)	581	14051
NP|PP755592.1|A/cattle/Texas/24-008749-003/2024(H5N1)	582	14252
NP|PP755592.1|A/cattle/Texas/24-008749-003/2024(H5N1)	583	13754
NP|PP755592.1|A/cattle/Texas/24-008749-003/2024(H5N1)	584	13748
NP|PP755592.1|A/cattle/Texas/24-008749-003/2024(H5N1)	585	13789
NP|PP755592.1|A/cattle/Texas/24-008749-003/2024(H5N1)	586	13946
NP|PP755592.1|A/cattle/Texas/24-008749-003/2024(H5N1)	587	13923
NP|PP755592.1|A/cattle/Texas/24-008749-003/2024(H5N1)	588	13871
NP|PP755592.1|A/cattle/Texas/24-008749-003/2024(H5N1)	589	13848
NP|PP755592.1|A/cattle/Texas/24-008749-003/2024(H5N1)	590	13849
NP|PP755592.1|A/cattle/Texas/24-008749-003/2024(H5N1)	591	13943
NP|PP755592.1|A/cattle/Texas/24-008749-003/2024(H5N1)	592	14003
NP|PP755592.1|A/cattle/Texas/24-008749-003/2024(H5N1)	593	14514
NP|PP755592.1|A/cattle/Texas/24-008749-003/2024(H5N1)	594	14517
NP|PP755592.1|A/cattle/Texas/24-008749-003/2024(H5N1)	595	14549
NP|PP755592.1|A/cattle/Texas/24-008749-003/2024(H5N1)	596	14530
NP|PP755592.1|A/cattle/Texas/24-008749-003/2024(H5N1)	597	14442
NP|PP755592.1|A/cattle/Texas/24-008749-003/2024(H5N1)	598	14438
NP|PP755592.1|A/cattle/Texas/24-008749-003/2024(H5N1)	599	14607
NP|PP755592.1|A/cattle/Texas/24-008749-003/2024(H5N1)	600	14592
NP|PP755592.1|A/cattle/Texas/24-008749-003/2024(H5N1)	601	14633
NP|PP755592.1|A/cattle/Texas/24-008749-003/2024(H5N1)	602	14563
NP|PP755592.1|A/cattle/Texas/24-008749-003/2024(H5N1)	603	14562
NP|PP755592.1|A/cattle/Texas/24-008749-003/2024(H5N1)	604	14542
NP|PP755592.1|A/cattle/Texas/24-008749-003/2024(H5N1)	605	14550
NP|PP755592.1|A/cattle/Texas/24-008749-003/2024(H5N1)	606	14512
NP|PP755592.1|A/cattle/Texas/24-008749-003/2024(H5N1)	607	14516
NP|PP755592.1|A/cattle/Texas/24-008749-003/2024(H5N1)	608	14389
NP|PP755592.1|A/cattle/Texas/24-008749-003/2024(H5N1)	609	14387
NP|PP755592.1|A/cattle/Texas/24-008749-003/2024(H5N1)	610	14365
NP|PP755592.1|A/cattle/Texas/24-008749-003/2024(H5N1)	611	14366
NP|PP755592.1|A/cattle/Texas/24-008749-003/2024(H5N1)	612	14433
NP|PP755592.1|A/cattle/Texas/24-008749-003/2024(H5N1)	613	14436
NP|PP755592.1|A/cattle/Texas/24-008749-003/2024(H5N1)	614	14432
NP|PP755592.1|A/cattle/Texas/24-008749-003/2024(H5N1)	615	14587
NP|PP755592.1|A/cattle/Texas/24-008749-003/2024(H5N1)	616	14573
NP|PP755592.1|A/cattle/Texas/24-008749-003/2024(H5N1)	617	14569
NP|PP755592.1|A/cattle/Texas/24-008749-003/2024(H5N1)	618	14603
NP|PP755592.1|A/cattle/Texas/24-008749-003/2024(H5N1)	619	14597
NP|PP755592.1|A/cattle/Texas/24-008749-003/2024(H5N1)	620	14605
NP|PP755592.1|A/cattle/Texas/24-008749-003/2024(H5N1)	621	14606
NP|PP755592.1|A/cattle/Texas/24-008749-003/2024(H5N1)	622	14549
NP|PP755592.1|A/cattle/Texas/24-008749-003/2024(H5N1)	623	14555
NP|PP755592.1|A/cattle/Texas/24-008749-003/2024(H5N1)	624	14370
NP|PP755592.1|A/cattle/Texas/24-008749-003/2024(H5N1)	625	14599
NP|PP755592.1|A/cattle/Texas/24-008749-003/2024(H5N1)	626	14611
NP|PP755592.1|A/cattle/Texas/24-008749-003/2024(H5N1)	627	14581
NP|PP755592.1|A/cattle/Texas/24-008749-003/2024(H5N1)	628	14587
NP|PP755592.1|A/cattle/Texas/24-008749-003/2024(H5N1)	629	14566
NP|PP755592.1|A/cattle/Texas/24-008749-003/2024(H5N1)	630	14565
NP|PP755592.1|A/cattle/Texas/24-008749-003/2024(H5N1)	631	14588
NP|PP755592.1|A/cattle/Texas/24-008749-003/2024(H5N1)	632	14570
NP|PP755592.1|A/cattle/Texas/24-008749-003/2024(H5N1)	633	14566
NP|PP755592.1|A/cattle/Texas/24-008749-003/2024(H5N1)	634	14220
NP|PP755592.1|A/cattle/Texas/24-008749-003/2024(H5N1)	635	14216
NP|PP755592.1|A/cattle/Texas/24-008749-003/2024(H5N1)	636	14217
NP|PP755592.1|A/cattle/Texas/24-008749-003/2024(H5N1)	637	14223
NP|PP755592.1|A/cattle/Texas/24-008749-003/2024(H5N1)	638	14215
NP|PP755592.1|A/cattle/Texas/24-008749-003/2024(H5N1)	639	14263
NP|PP755592.1|A/cattle/Texas/24-008749-003/2024(H5N1)	640	14253
NP|PP755592.1|A/cattle/Texas/24-008749-003/2024(H5N1)	641	14387
NP|PP755592.1|A/cattle/Texas/24-008749-003/2024(H5N1)	642	14409
NP|PP755592.1|A/cattle/Texas/24-008749-003/2024(H5N1)	643	14407
NP|PP755592.1|A/cattle/Texas/24-008749-003/2024(H5N1)	644	14398
NP|PP755592.1|A/cattle/Texas/24-008749-003/2024(H5N1)	645	14390
NP|PP755592.1|A/cattle/Texas/24-008749-003/2024(H5N1)	646	14316
NP|PP755592.1|A/cattle/Texas/24-008749-003/2024(H5N1)	647	14411
NP|PP755592.1|A/cattle/Texas/24-008749-003/2024(H5N1)	648	14373
NP|PP755592.1|A/cattle/Texas/24-008749-003/2024(H5N1)	649	14279
NP|PP755592.1|A/cattle/Texas/24-008749-003/2024(H5N1)	650	13611
NP|PP755592.1|A/cattle/Texas/24-008749-003/2024(H5N1)	651	13480
NP|PP755592.1|A/cattle/Texas/24-008749-003/2024(H5N1)	652	13635
NP|PP755592.1|A/cattle/Texas/24-008749-003/2024(H5N1)	653	13589
NP|PP755592.1|A/cattle/Texas/24-008749-003/2024(H5N1)	654	13259
NP|PP755592.1|A/cattle/Texas/24-008749-003/2024(H5N1)	655	13222
NP|PP755592.1|A/cattle/Texas/24-008749-003/2024(H5N1)	656	13097
NP|PP755592.1|A/cattle/Texas/24-008749-003/2024(H5N1)	657	12342
NP|PP755592.1|A/cattle/Texas/24-008749-003/2024(H5N1)	658	12348
NP|PP755592.1|A/cattle/Texas/24-008749-003/2024(H5N1)	659	12352
NP|PP755592.1|A/cattle/Texas/24-008749-003/2024(H5N1)	660	12295
NP|PP755592.1|A/cattle/Texas/24-008749-003/2024(H5N1)	661	11672
NP|PP755592.1|A/cattle/Texas/24-008749-003/2024(H5N1)	662	11472
NP|PP755592.1|A/cattle/Texas/24-008749-003/2024(H5N1)	663	11440
NP|PP755592.1|A/cattle/Texas/24-008749-003/2024(H5N1)	664	11459
NP|PP755592.1|A/cattle/Texas/24-008749-003/2024(H5N1)	665	11027
NP|PP755592.1|A/cattle/Texas/24-008749-003/2024(H5N1)	666	11033
NP|PP755592.1|A/cattle/Texas/24-008749-003/2024(H5N1)	667	9663
NP|PP755592.1|A/cattle/Texas/24-008749-003/2024(H5N1)	668	9642
NP|PP755592.1|A/cattle/Texas/24-008749-003/2024(H5N1)	669	9616
NP|PP755592.1|A/cattle/Texas/24-008749-003/2024(H5N1)	670	9539
NP|PP755592.1|A/cattle/Texas/24-008749-003/2024(H5N1)	671	9474
NP|PP755592.1|A/cattle/Texas/24-008749-003/2024(H5N1)	672	9449
NP|PP755592.1|A/cattle/Texas/24-008749-003/2024(H5N1)	673	9304
NP|PP755592.1|A/cattle/Texas/24-008749-003/2024(H5N1)	674	9296
NP|PP755592.1|A/cattle/Texas/24-008749-003/2024(H5N1)	675	8887
NP|PP755592.1|A/cattle/Texas/24-008749-003/2024(H5N1)	676	8884
NP|PP755592.1|A/cattle/Texas/24-008749-003/2024(H5N1)	677	8891
NP|PP755592.1|A/cattle/Texas/24-008749-003/2024(H5N1)	678	8877
NP|PP755592.1|A/cattle/Texas/24-008749-003/2024(H5N1)	679	8866
NP|PP755592.1|A/cattle/Texas/24-008749-003/2024(H5N1)	680	8856
NP|PP755592.1|A/cattle/Texas/24-008749-003/2024(H5N1)	681	8832
NP|PP755592.1|A/cattle/Texas/24-008749-003/2024(H5N1)	682	8822
NP|PP755592.1|A/cattle/Texas/24-008749-003/2024(H5N1)	683	8811
NP|PP755592.1|A/cattle/Texas/24-008749-003/2024(H5N1)	684	8551
NP|PP755592.1|A/cattle/Texas/24-008749-003/2024(H5N1)	685	8539
NP|PP755592.1|A/cattle/Texas/24-008749-003/2024(H5N1)	686	8401
NP|PP755592.1|A/cattle/Texas/24-008749-003/2024(H5N1)	687	8898
NP|PP755592.1|A/cattle/Texas/24-008749-003/2024(H5N1)	688	8909
NP|PP755592.1|A/cattle/Texas/24-008749-003/2024(H5N1)	689	8871
NP|PP755592.1|A/cattle/Texas/24-008749-003/2024(H5N1)	690	8966
NP|PP755592.1|A/cattle/Texas/24-008749-003/2024(H5N1)	691	8886
NP|PP755592.1|A/cattle/Texas/24-008749-003/2024(H5N1)	692	8898
NP|PP755592.1|A/cattle/Texas/24-008749-003/2024(H5N1)	693	8902
NP|PP755592.1|A/cattle/Texas/24-008749-003/2024(H5N1)	694	8901
NP|PP755592.1|A/cattle/Texas/24-008749-003/2024(H5N1)	695	9042
NP|PP755592.1|A/cattle/Texas/24-008749-003/2024(H5N1)	696	8394
NP|PP755592.1|A/cattle/Texas/24-008749-003/2024(H5N1)	697	8405
NP|PP755592.1|A/cattle/Texas/24-008749-003/2024(H5N1)	698	8366
NP|PP755592.1|A/cattle/Texas/24-008749-003/2024(H5N1)	699	8294
NP|PP755592.1|A/cattle/Texas/24-008749-003/2024(H5N1)	700	8294
NP|PP755592.1|A/cattle/Texas/24-008749-003/2024(H5N1)	701	8312
NP|PP755592.1|A/cattle/Texas/24-008749-003/2024(H5N1)	702	8309
NP|PP755592.1|A/cattle/Texas/24-008749-003/2024(H5N1)	703	8355
NP|PP755592.1|A/cattle/Texas/24-008749-003/2024(H5N1)	704	7886
NP|PP755592.1|A/cattle/Texas/24-008749-003/2024(H5N1)	705	7691
NP|PP755592.1|A/cattle/Texas/24-008749-003/2024(H5N1)	706	7445
NP|PP755592.1|A/cattle/Texas/24-008749-003/2024(H5N1)	707	7469
NP|PP755592.1|A/cattle/Texas/24-008749-003/2024(H5N1)	708	7469
NP|PP755592.1|A/cattle/Texas/24-008749-003/2024(H5N1)	709	7443
NP|PP755592.1|A/cattle/Texas/24-008749-003/2024(H5N1)	710	7236
NP|PP755592.1|A/cattle/Texas/24-008749-003/2024(H5N1)	711	7232
NP|PP755592.1|A/cattle/Texas/24-008749-003/2024(H5N1)	712	7453
NP|PP755592.1|A/cattle/Texas/24-008749-003/2024(H5N1)	713	7463
NP|PP755592.1|A/cattle/Texas/24-008749-003/2024(H5N1)	714	7455
NP|PP755592.1|A/cattle/Texas/24-008749-003/2024(H5N1)	715	7452
NP|PP755592.1|A/cattle/Texas/24-008749-003/2024(H5N1)	716	7347
NP|PP755592.1|A/cattle/Texas/24-008749-003/2024(H5N1)	717	7236
NP|PP755592.1|A/cattle/Texas/24-008749-003/2024(H5N1)	718	7334
NP|PP755592.1|A/cattle/Texas/24-008749-003/2024(H5N1)	719	7323
NP|PP755592.1|A/cattle/Texas/24-008749-003/2024(H5N1)	720	7352
NP|PP755592.1|A/cattle/Texas/24-008749-003/2024(H5N1)	721	5891
NP|PP755592.1|A/cattle/Texas/24-008749-003/2024(H5N1)	722	5904
NP|PP755592.1|A/cattle/Texas/24-008749-003/2024(H5N1)	723	5941
NP|PP755592.1|A/cattle/Texas/24-008749-003/2024(H5N1)	724	5982
NP|PP755592.1|A/cattle/Texas/24-008749-003/2024(H5N1)	725	5865
NP|PP755592.1|A/cattle/Texas/24-008749-003/2024(H5N1)	726	5807
NP|PP755592.1|A/cattle/Texas/24-008749-003/2024(H5N1)	727	4935
NP|PP755592.1|A/cattle/Texas/24-008749-003/2024(H5N1)	728	4959
NP|PP755592.1|A/cattle/Texas/24-008749-003/2024(H5N1)	729	4956
NP|PP755592.1|A/cattle/Texas/24-008749-003/2024(H5N1)	730	4933
NP|PP755592.1|A/cattle/Texas/24-008749-003/2024(H5N1)	731	4518
NP|PP755592.1|A/cattle/Texas/24-008749-003/2024(H5N1)	732	4079
NP|PP755592.1|A/cattle/Texas/24-008749-003/2024(H5N1)	733	3779
NP|PP755592.1|A/cattle/Texas/24-008749-003/2024(H5N1)	734	3825
NP|PP755592.1|A/cattle/Texas/24-008749-003/2024(H5N1)	735	3854
NP|PP755592.1|A/cattle/Texas/24-008749-003/2024(H5N1)	736	3798
NP|PP755592.1|A/cattle/Texas/24-008749-003/2024(H5N1)	737	3543
NP|PP755592.1|A/cattle/Texas/24-008749-003/2024(H5N1)	738	3528
NP|PP755592.1|A/cattle/Texas/24-008749-003/2024(H5N1)	739	3571
NP|PP755592.1|A/cattle/Texas/24-008749-003/2024(H5N1)	740	3725
NP|PP755592.1|A/cattle/Texas/24-008749-003/2024(H5N1)	741	3744
NP|PP755592.1|A/cattle/Texas/24-008749-003/2024(H5N1)	742	3615
NP|PP755592.1|A/cattle/Texas/24-008749-003/2024(H5N1)	743	3483
NP|PP755592.1|A/cattle/Texas/24-008749-003/2024(H5N1)	744	2823
NP|PP755592.1|A/cattle/Texas/24-008749-003/2024(H5N1)	745	2819
NP|PP755592.1|A/cattle/Texas/24-008749-003/2024(H5N1)	746	2826
NP|PP755592.1|A/cattle/Texas/24-008749-003/2024(H5N1)	747	2840
NP|PP755592.1|A/cattle/Texas/24-008749-003/2024(H5N1)	748	2900
NP|PP755592.1|A/cattle/Texas/24-008749-003/2024(H5N1)	749	2888
NP|PP755592.1|A/cattle/Texas/24-008749-003/2024(H5N1)	750	2897
NP|PP755592.1|A/cattle/Texas/24-008749-003/2024(H5N1)	751	2901
NP|PP755592.1|A/cattle/Texas/24-008749-003/2024(H5N1)	752	2976
NP|PP755592.1|A/cattle/Texas/24-008749-003/2024(H5N1)	753	2976
NP|PP755592.1|A/cattle/Texas/24-008749-003/2024(H5N1)	754	2976
NP|PP755592.1|A/cattle/Texas/24-008749-003/2024(H5N1)	755	2984
NP|PP755592.1|A/cattle/Texas/24-008749-003/2024(H5N1)	756	2985
NP|PP755592.1|A/cattle/Texas/24-008749-003/2024(H5N1)	757	3137
NP|PP755592.1|A/cattle/Texas/24-008749-003/2024(H5N1)	758	3160
NP|PP755592.1|A/cattle/Texas/24-008749-003/2024(H5N1)	759	3157
NP|PP755592.1|A/cattle/Texas/24-008749-003/2024(H5N1)	760	3159
NP|PP755592.1|A/cattle/Texas/24-008749-003/2024(H5N1)	761	3159
NP|PP755592.1|A/cattle/Texas/24-008749-003/2024(H5N1)	762	3159
NP|PP755592.1|A/cattle/Texas/24-008749-003/2024(H5N1)	763	3176
NP|PP755592.1|A/cattle/Texas/24-008749-003/2024(H5N1)	764	3257
NP|PP755592.1|A/cattle/Texas/24-008749-003/2024(H5N1)	765	3264
NP|PP755592.1|A/cattle/Texas/24-008749-003/2024(H5N1)	766	3365
NP|PP755592.1|A/cattle/Texas/24-008749-003/2024(H5N1)	767	3377
NP|PP755592.1|A/cattle/Texas/24-008749-003/2024(H5N1)	768	3400
NP|PP755592.1|A/cattle/Texas/24-008749-003/2024(H5N1)	769	3400
NP|PP755592.1|A/cattle/Texas/24-008749-003/2024(H5N1)	770	3400
NP|PP755592.1|A/cattle/Texas/24-008749-003/2024(H5N1)	771	3400
NP|PP755592.1|A/cattle/Texas/24-008749-003/2024(H5N1)	772	3382
NP|PP755592.1|A/cattle/Texas/24-008749-003/2024(H5N1)	773	3393
NP|PP755592.1|A/cattle/Texas/24-008749-003/2024(H5N1)	774	3391
NP|PP755592.1|A/cattle/Texas/24-008749-003/2024(H5N1)	775	3375
NP|PP755592.1|A/cattle/Texas/24-008749-003/2024(H5N1)	776	3374
NP|PP755592.1|A/cattle/Texas/24-008749-003/2024(H5N1)	777	3370
NP|PP755592.1|A/cattle/Texas/24-008749-003/2024(H5N1)	778	3370
NP|PP755592.1|A/cattle/Texas/24-008749-003/2024(H5N1)	779	3368
NP|PP755592.1|A/cattle/Texas/24-008749-003/2024(H5N1)	780	3368
NP|PP755592.1|A/cattle/Texas/24-008749-003/2024(H5N1)	781	3358
NP|PP755592.1|A/cattle/Texas/24-008749-003/2024(H5N1)	782	3396
NP|PP755592.1|A/cattle/Texas/24-008749-003/2024(H5N1)	783	3408
NP|PP755592.1|A/cattle/Texas/24-008749-003/2024(H5N1)	784	3409
NP|PP755592.1|A/cattle/Texas/24-008749-003/2024(H5N1)	785	3414
NP|PP755592.1|A/cattle/Texas/24-008749-003/2024(H5N1)	786	3393
NP|PP755592.1|A/cattle/Texas/24-008749-003/2024(H5N1)	787	3502
NP|PP755592.1|A/cattle/Texas/24-008749-003/2024(H5N1)	788	3513
NP|PP755592.1|A/cattle/Texas/24-008749-003/2024(H5N1)	789	3511
NP|PP755592.1|A/cattle/Texas/24-008749-003/2024(H5N1)	790	3511
NP|PP755592.1|A/cattle/Texas/24-008749-003/2024(H5N1)	791	3448
NP|PP755592.1|A/cattle/Texas/24-008749-003/2024(H5N1)	792	3489
NP|PP755592.1|A/cattle/Texas/24-008749-003/2024(H5N1)	793	3510
NP|PP755592.1|A/cattle/Texas/24-008749-003/2024(H5N1)	794	3519
NP|PP755592.1|A/cattle/Texas/24-008749-003/2024(H5N1)	795	3518
NP|PP755592.1|A/cattle/Texas/24-008749-003/2024(H5N1)	796	3460
NP|PP755592.1|A/cattle/Texas/24-008749-003/2024(H5N1)	797	3420
NP|PP755592.1|A/cattle/Texas/24-008749-003/2024(H5N1)	798	3432
NP|PP755592.1|A/cattle/Texas/24-008749-003/2024(H5N1)	799	3413
NP|PP755592.1|A/cattle/Texas/24-008749-003/2024(H5N1)	800	3432
NP|PP755592.1|A/cattle/Texas/24-008749-003/2024(H5N1)	801	3405
NP|PP755592.1|A/cattle/Texas/24-008749-003/2024(H5N1)	802	3362
NP|PP755592.1|A/cattle/Texas/24-008749-003/2024(H5N1)	803	3380
NP|PP755592.1|A/cattle/Texas/24-008749-003/2024(H5N1)	804	3379
NP|PP755592.1|A/cattle/Texas/24-008749-003/2024(H5N1)	805	3377
NP|PP755592.1|A/cattle/Texas/24-008749-003/2024(H5N1)	806	3381
NP|PP755592.1|A/cattle/Texas/24-008749-003/2024(H5N1)	807	3370
NP|PP755592.1|A/cattle/Texas/24-008749-003/2024(H5N1)	808	3370
NP|PP755592.1|A/cattle/Texas/24-008749-003/2024(H5N1)	809	3354
NP|PP755592.1|A/cattle/Texas/24-008749-003/2024(H5N1)	810	3357
NP|PP755592.1|A/cattle/Texas/24-008749-003/2024(H5N1)	811	3390
NP|PP755592.1|A/cattle/Texas/24-008749-003/2024(H5N1)	812	3340
NP|PP755592.1|A/cattle/Texas/24-008749-003/2024(H5N1)	813	3340
NP|PP755592.1|A/cattle/Texas/24-008749-003/2024(H5N1)	814	3370
NP|PP755592.1|A/cattle/Texas/24-008749-003/2024(H5N1)	815	3370
NP|PP755592.1|A/cattle/Texas/24-008749-003/2024(H5N1)	816	3371
NP|PP755592.1|A/cattle/Texas/24-008749-003/2024(H5N1)	817	3366
NP|PP755592.1|A/cattle/Texas/24-008749-003/2024(H5N1)	818	3375
NP|PP755592.1|A/cattle/Texas/24-008749-003/2024(H5N1)	819	3373
NP|PP755592.1|A/cattle/Texas/24-008749-003/2024(H5N1)	820	3339
NP|PP755592.1|A/cattle/Texas/24-008749-003/2024(H5N1)	821	3334
NP|PP755592.1|A/cattle/Texas/24-008749-003/2024(H5N1)	822	3324
NP|PP755592.1|A/cattle/Texas/24-008749-003/2024(H5N1)	823	3245
NP|PP755592.1|A/cattle/Texas/24-008749-003/2024(H5N1)	824	3248
NP|PP755592.1|A/cattle/Texas/24-008749-003/2024(H5N1)	825	3244
NP|PP755592.1|A/cattle/Texas/24-008749-003/2024(H5N1)	826	3251
NP|PP755592.1|A/cattle/Texas/24-008749-003/2024(H5N1)	827	3214
NP|PP755592.1|A/cattle/Texas/24-008749-003/2024(H5N1)	828	3189
NP|PP755592.1|A/cattle/Texas/24-008749-003/2024(H5N1)	829	3189
NP|PP755592.1|A/cattle/Texas/24-008749-003/2024(H5N1)	830	3175
NP|PP755592.1|A/cattle/Texas/24-008749-003/2024(H5N1)	831	3141
NP|PP755592.1|A/cattle/Texas/24-008749-003/2024(H5N1)	832	3149
NP|PP755592.1|A/cattle/Texas/24-008749-003/2024(H5N1)	833	3132
NP|PP755592.1|A/cattle/Texas/24-008749-003/2024(H5N1)	834	3132
NP|PP755592.1|A/cattle/Texas/24-008749-003/2024(H5N1)	835	3123
NP|PP755592.1|A/cattle/Texas/24-008749-003/2024(H5N1)	836	3115
NP|PP755592.1|A/cattle/Texas/24-008749-003/2024(H5N1)	837	2810
NP|PP755592.1|A/cattle/Texas/24-008749-003/2024(H5N1)	838	2811
NP|PP755592.1|A/cattle/Texas/24-008749-003/2024(H5N1)	839	2804
NP|PP755592.1|A/cattle/Texas/24-008749-003/2024(H5N1)	840	2808
NP|PP755592.1|A/cattle/Texas/24-008749-003/2024(H5N1)	841	2723
NP|PP755592.1|A/cattle/Texas/24-008749-003/2024(H5N1)	842	2721
NP|PP755592.1|A/cattle/Texas/24-008749-003/2024(H5N1)	843	2713
NP|PP755592.1|A/cattle/Texas/24-008749-003/2024(H5N1)	844	2712
NP|PP755592.1|A/cattle/Texas/24-008749-003/2024(H5N1)	845	2732
NP|PP755592.1|A/cattle/Texas/24-008749-003/2024(H5N1)	846	2588
NP|PP755592.1|A/cattle/Texas/24-008749-003/2024(H5N1)	847	2517
NP|PP755592.1|A/cattle/Texas/24-008749-003/2024(H5N1)	848	2411
NP|PP755592.1|A/cattle/Texas/24-008749-003/2024(H5N1)	849	2375
NP|PP755592.1|A/cattle/Texas/24-008749-003/2024(H5N1)	850	2531
NP|PP755592.1|A/cattle/Texas/24-008749-003/2024(H5N1)	851	2513
NP|PP755592.1|A/cattle/Texas/24-008749-003/2024(H5N1)	852	2511
NP|PP755592.1|A/cattle/Texas/24-008749-003/2024(H5N1)	853	2622
NP|PP755592.1|A/cattle/Texas/24-008749-003/2024(H5N1)	854	2539
NP|PP755592.1|A/cattle/Texas/24-008749-003/2024(H5N1)	855	2893
NP|PP755592.1|A/cattle/Texas/24-008749-003/2024(H5N1)	856	2921
NP|PP755592.1|A/cattle/Texas/24-008749-003/2024(H5N1)	857	2925
NP|PP755592.1|A/cattle/Texas/24-008749-003/2024(H5N1)	858	2934
NP|PP755592.1|A/cattle/Texas/24-008749-003/2024(H5N1)	859	2687
NP|PP755592.1|A/cattle/Texas/24-008749-003/2024(H5N1)	860	2860
NP|PP755592.1|A/cattle/Texas/24-008749-003/2024(H5N1)	861	2874
NP|PP755592.1|A/cattle/Texas/24-008749-003/2024(H5N1)	862	3343
NP|PP755592.1|A/cattle/Texas/24-008749-003/2024(H5N1)	863	3215
NP|PP755592.1|A/cattle/Texas/24-008749-003/2024(H5N1)	864	3199
NP|PP755592.1|A/cattle/Texas/24-008749-003/2024(H5N1)	865	3200
NP|PP755592.1|A/cattle/Texas/24-008749-003/2024(H5N1)	866	3197
NP|PP755592.1|A/cattle/Texas/24-008749-003/2024(H5N1)	867	3213
NP|PP755592.1|A/cattle/Texas/24-008749-003/2024(H5N1)	868	3226
NP|PP755592.1|A/cattle/Texas/24-008749-003/2024(H5N1)	869	3140
NP|PP755592.1|A/cattle/Texas/24-008749-003/2024(H5N1)	870	3182
NP|PP755592.1|A/cattle/Texas/24-008749-003/2024(H5N1)	871	3110
NP|PP755592.1|A/cattle/Texas/24-008749-003/2024(H5N1)	872	3118
NP|PP755592.1|A/cattle/Texas/24-008749-003/2024(H5N1)	873	3099
NP|PP755592.1|A/cattle/Texas/24-008749-003/2024(H5N1)	874	3081
NP|PP755592.1|A/cattle/Texas/24-008749-003/2024(H5N1)	875	3095
NP|PP755592.1|A/cattle/Texas/24-008749-003/2024(H5N1)	876	3104
NP|PP755592.1|A/cattle/Texas/24-008749-003/2024(H5N1)	877	3120
NP|PP755592.1|A/cattle/Texas/24-008749-003/2024(H5N1)	878	3192
NP|PP755592.1|A/cattle/Texas/24-008749-003/2024(H5N1)	879	3188
NP|PP755592.1|A/cattle/Texas/24-008749-003/2024(H5N1)	880	3414
NP|PP755592.1|A/cattle/Texas/24-008749-003/2024(H5N1)	881	3412
NP|PP755592.1|A/cattle/Texas/24-008749-003/2024(H5N1)	882	3706
NP|PP755592.1|A/cattle/Texas/24-008749-003/2024(H5N1)	883	3786
NP|PP755592.1|A/cattle/Texas/24-008749-003/2024(H5N1)	884	3785
NP|PP755592.1|A/cattle/Texas/24-008749-003/2024(H5N1)	885	3864
NP|PP755592.1|A/cattle/Texas/24-008749-003/2024(H5N1)	886	3845
NP|PP755592.1|A/cattle/Texas/24-008749-003/2024(H5N1)	887	3893
NP|PP755592.1|A/cattle/Texas/24-008749-003/2024(H5N1)	888	3930
NP|PP755592.1|A/cattle/Texas/24-008749-003/2024(H5N1)	889	3829
NP|PP755592.1|A/cattle/Texas/24-008749-003/2024(H5N1)	890	3897
NP|PP755592.1|A/cattle/Texas/24-008749-003/2024(H5N1)	891	3775
NP|PP755592.1|A/cattle/Texas/24-008749-003/2024(H5N1)	892	3752
NP|PP755592.1|A/cattle/Texas/24-008749-003/2024(H5N1)	893	3741
NP|PP755592.1|A/cattle/Texas/24-008749-003/2024(H5N1)	894	3803
NP|PP755592.1|A/cattle/Texas/24-008749-003/2024(H5N1)	895	3804
NP|PP755592.1|A/cattle/Texas/24-008749-003/2024(H5N1)	896	3772
NP|PP755592.1|A/cattle/Texas/24-008749-003/2024(H5N1)	897	3725
NP|PP755592.1|A/cattle/Texas/24-008749-003/2024(H5N1)	898	3705
NP|PP755592.1|A/cattle/Texas/24-008749-003/2024(H5N1)	899	3772
NP|PP755592.1|A/cattle/Texas/24-008749-003/2024(H5N1)	900	3772
NP|PP755592.1|A/cattle/Texas/24-008749-003/2024(H5N1)	901	3769
NP|PP755592.1|A/cattle/Texas/24-008749-003/2024(H5N1)	902	3783
NP|PP755592.1|A/cattle/Texas/24-008749-003/2024(H5N1)	903	3645
NP|PP755592.1|A/cattle/Texas/24-008749-003/2024(H5N1)	904	3683
NP|PP755592.1|A/cattle/Texas/24-008749-003/2024(H5N1)	905	3845
NP|PP755592.1|A/cattle/Texas/24-008749-003/2024(H5N1)	906	3846
NP|PP755592.1|A/cattle/Texas/24-008749-003/2024(H5N1)	907	3882
NP|PP755592.1|A/cattle/Texas/24-008749-003/2024(H5N1)	908	3643
NP|PP755592.1|A/cattle/Texas/24-008749-003/2024(H5N1)	909	3639
NP|PP755592.1|A/cattle/Texas/24-008749-003/2024(H5N1)	910	3727
NP|PP755592.1|A/cattle/Texas/24-008749-003/2024(H5N1)	911	3730
NP|PP755592.1|A/cattle/Texas/24-008749-003/2024(H5N1)	912	3739
NP|PP755592.1|A/cattle/Texas/24-008749-003/2024(H5N1)	913	3637
NP|PP755592.1|A/cattle/Texas/24-008749-003/2024(H5N1)	914	3653
NP|PP755592.1|A/cattle/Texas/24-008749-003/2024(H5N1)	915	3685
NP|PP755592.1|A/cattle/Texas/24-008749-003/2024(H5N1)	916	3693
NP|PP755592.1|A/cattle/Texas/24-008749-003/2024(H5N1)	917	3501
NP|PP755592.1|A/cattle/Texas/24-008749-003/2024(H5N1)	918	3543
NP|PP755592.1|A/cattle/Texas/24-008749-003/2024(H5N1)	919	3939
NP|PP755592.1|A/cattle/Texas/24-008749-003/2024(H5N1)	920	3935
NP|PP755592.1|A/cattle/Texas/24-008749-003/2024(H5N1)	921	3954
NP|PP755592.1|A/cattle/Texas/24-008749-003/2024(H5N1)	922	3956
NP|PP755592.1|A/cattle/Texas/24-008749-003/2024(H5N1)	923	3946
NP|PP755592.1|A/cattle/Texas/24-008749-003/2024(H5N1)	924	3956
NP|PP755592.1|A/cattle/Texas/24-008749-003/2024(H5N1)	925	4233
NP|PP755592.1|A/cattle/Texas/24-008749-003/2024(H5N1)	926	4250
NP|PP755592.1|A/cattle/Texas/24-008749-003/2024(H5N1)	927	4253
NP|PP755592.1|A/cattle/Texas/24-008749-003/2024(H5N1)	928	4186
NP|PP755592.1|A/cattle/Texas/24-008749-003/2024(H5N1)	929	4234
NP|PP755592.1|A/cattle/Texas/24-008749-003/2024(H5N1)	930	4422
NP|PP755592.1|A/cattle/Texas/24-008749-003/2024(H5N1)	931	4427
NP|PP755592.1|A/cattle/Texas/24-008749-003/2024(H5N1)	932	4562
NP|PP755592.1|A/cattle/Texas/24-008749-003/2024(H5N1)	933	4579
NP|PP755592.1|A/cattle/Texas/24-008749-003/2024(H5N1)	934	4595
NP|PP755592.1|A/cattle/Texas/24-008749-003/2024(H5N1)	935	4846
NP|PP755592.1|A/cattle/Texas/24-008749-003/2024(H5N1)	936	4847
NP|PP755592.1|A/cattle/Texas/24-008749-003/2024(H5N1)	937	4926
NP|PP755592.1|A/cattle/Texas/24-008749-003/2024(H5N1)	938	4913
NP|PP755592.1|A/cattle/Texas/24-008749-003/2024(H5N1)	939	4916
NP|PP755592.1|A/cattle/Texas/24-008749-003/2024(H5N1)	940	4936
NP|PP755592.1|A/cattle/Texas/24-008749-003/2024(H5N1)	941	4966
NP|PP755592.1|A/cattle/Texas/24-008749-003/2024(H5N1)	942	5050
NP|PP755592.1|A/cattle/Texas/24-008749-003/2024(H5N1)	943	5055
NP|PP755592.1|A/cattle/Texas/24-008749-003/2024(H5N1)	944	5050
NP|PP755592.1|A/cattle/Texas/24-008749-003/2024(H5N1)	945	5299
NP|PP755592.1|A/cattle/Texas/24-008749-003/2024(H5N1)	946	5300
NP|PP755592.1|A/cattle/Texas/24-008749-003/2024(H5N1)	947	5300
NP|PP755592.1|A/cattle/Texas/24-008749-003/2024(H5N1)	948	5300
NP|PP755592.1|A/cattle/Texas/24-008749-003/2024(H5N1)	949	5296
NP|PP755592.1|A/cattle/Texas/24-008749-003/2024(H5N1)	950	5307
NP|PP755592.1|A/cattle/Texas/24-008749-003/2024(H5N1)	951	5305
NP|PP755592.1|A/cattle/Texas/24-008749-003/2024(H5N1)	952	5305
NP|PP755592.1|A/cattle/Texas/24-008749-003/2024(H5N1)	953	5286
NP|PP755592.1|A/cattle/Texas/24-008749-003/2024(H5N1)	954	5183
NP|PP755592.1|A/cattle/Texas/24-008749-003/2024(H5N1)	955	5189
NP|PP755592.1|A/cattle/Texas/24-008749-003/2024(H5N1)	956	5196
NP|PP755592.1|A/cattle/Texas/24-008749-003/2024(H5N1)	957	5210
NP|PP755592.1|A/cattle/Texas/24-008749-003/2024(H5N1)	958	5212
NP|PP755592.1|A/cattle/Texas/24-008749-003/2024(H5N1)	959	5202
NP|PP755592.1|A/cattle/Texas/24-008749-003/2024(H5N1)	960	5206
NP|PP755592.1|A/cattle/Texas/24-008749-003/2024(H5N1)	961	5200
NP|PP755592.1|A/cattle/Texas/24-008749-003/2024(H5N1)	962	5217
NP|PP755592.1|A/cattle/Texas/24-008749-003/2024(H5N1)	963	5218
NP|PP755592.1|A/cattle/Texas/24-008749-003/2024(H5N1)	964	5217
NP|PP755592.1|A/cattle/Texas/24-008749-003/2024(H5N1)	965	5217
NP|PP755592.1|A/cattle/Texas/24-008749-003/2024(H5N1)	966	5185
NP|PP755592.1|A/cattle/Texas/24-008749-003/2024(H5N1)	967	5246
NP|PP755592.1|A/cattle/Texas/24-008749-003/2024(H5N1)	968	5248
NP|PP755592.1|A/cattle/Texas/24-008749-003/2024(H5N1)	969	5264
NP|PP755592.1|A/cattle/Texas/24-008749-003/2024(H5N1)	970	5288
NP|PP755592.1|A/cattle/Texas/24-008749-003/2024(H5N1)	971	5269
NP|PP755592.1|A/cattle/Texas/24-008749-003/2024(H5N1)	972	5271
NP|PP755592.1|A/cattle/Texas/24-008749-003/2024(H5N1)	973	5272
NP|PP755592.1|A/cattle/Texas/24-008749-003/2024(H5N1)	974	5279
NP|PP755592.1|A/cattle/Texas/24-008749-003/2024(H5N1)	975	5289
NP|PP755592.1|A/cattle/Texas/24-008749-003/2024(H5N1)	976	5239
NP|PP755592.1|A/cattle/Texas/24-008749-003/2024(H5N1)	977	5243
NP|PP755592.1|A/cattle/Texas/24-008749-003/2024(H5N1)	978	5224
NP|PP755592.1|A/cattle/Texas/24-008749-003/2024(H5N1)	979	5234
NP|PP755592.1|A/cattle/Texas/24-008749-003/2024(H5N1)	980	5235
NP|PP755592.1|A/cattle/Texas/24-008749-003/2024(H5N1)	981	5258
NP|PP755592.1|A/cattle/Texas/24-008749-003/2024(H5N1)	982	5263
NP|PP755592.1|A/cattle/Texas/24-008749-003/2024(H5N1)	983	5236
NP|PP755592.1|A/cattle/Texas/24-008749-003/2024(H5N1)	984	5350
NP|PP755592.1|A/cattle/Texas/24-008749-003/2024(H5N1)	985	5350
NP|PP755592.1|A/cattle/Texas/24-008749-003/2024(H5N1)	986	5349
NP|PP755592.1|A/cattle/Texas/24-008749-003/2024(H5N1)	987	5351
NP|PP755592.1|A/cattle/Texas/24-008749-003/2024(H5N1)	988	5344
NP|PP755592.1|A/cattle/Texas/24-008749-003/2024(H5N1)	989	5354
NP|PP755592.1|A/cattle/Texas/24-008749-003/2024(H5N1)	990	5343
NP|PP755592.1|A/cattle/Texas/24-008749-003/2024(H5N1)	991	5327
NP|PP755592.1|A/cattle/Texas/24-008749-003/2024(H5N1)	992	5331
NP|PP755592.1|A/cattle/Texas/24-008749-003/2024(H5N1)	993	5113
NP|PP755592.1|A/cattle/Texas/24-008749-003/2024(H5N1)	994	5138
NP|PP755592.1|A/cattle/Texas/24-008749-003/2024(H5N1)	995	5138
NP|PP755592.1|A/cattle/Texas/24-008749-003/2024(H5N1)	996	5138
NP|PP755592.1|A/cattle/Texas/24-008749-003/2024(H5N1)	997	5139
NP|PP755592.1|A/cattle/Texas/24-008749-003/2024(H5N1)	998	5126
NP|PP755592.1|A/cattle/Texas/24-008749-003/2024(H5N1)	999	5146
NP|PP755592.1|A/cattle/Texas/24-008749-003/2024(H5N1)	1000	5072
NP|PP755592.1|A/cattle/Texas/24-008749-003/2024(H5N1)	1001	5122
NP|PP755592.1|A/cattle/Texas/24-008749-003/2024(H5N1)	1002	5068
NP|PP755592.1|A/cattle/Texas/24-008749-003/2024(H5N1)	1003	4978
NP|PP755592.1|A/cattle/Texas/24-008749-003/2024(H5N1)	1004	4764
NP|PP755592.1|A/cattle/Texas/24-008749-003/2024(H5N1)	1005	4729
NP|PP755592.1|A/cattle/Texas/24-008749-003/2024(H5N1)	1006	4733
NP|PP755592.1|A/cattle/Texas/24-008749-003/2024(H5N1)	1007	4723
NP|PP755592.1|A/cattle/Texas/24-008749-003/2024(H5N1)	1008	4646
NP|PP755592.1|A/cattle/Texas/24-008749-003/2024(H5N1)	1009	4663
NP|PP755592.1|A/cattle/Texas/24-008749-003/2024(H5N1)	1010	4456
NP|PP755592.1|A/cattle/Texas/24-008749-003/2024(H5N1)	1011	4454
NP|PP755592.1|A/cattle/Texas/24-008749-003/2024(H5N1)	1012	4458
NP|PP755592.1|A/cattle/Texas/24-008749-003/2024(H5N1)	1013	4149
NP|PP755592.1|A/cattle/Texas/24-008749-003/2024(H5N1)	1014	4130
NP|PP755592.1|A/cattle/Texas/24-008749-003/2024(H5N1)	1015	4125
NP|PP755592.1|A/cattle/Texas/24-008749-003/2024(H5N1)	1016	4124
NP|PP755592.1|A/cattle/Texas/24-008749-003/2024(H5N1)	1017	4134
NP|PP755592.1|A/cattle/Texas/24-008749-003/2024(H5N1)	1018	4088
NP|PP755592.1|A/cattle/Texas/24-008749-003/2024(H5N1)	1019	4099
NP|PP755592.1|A/cattle/Texas/24-008749-003/2024(H5N1)	1020	4088
NP|PP755592.1|A/cattle/Texas/24-008749-003/2024(H5N1)	1021	4054
NP|PP755592.1|A/cattle/Texas/24-008749-003/2024(H5N1)	1022	4046
NP|PP755592.1|A/cattle/Texas/24-008749-003/2024(H5N1)	1023	4046
NP|PP755592.1|A/cattle/Texas/24-008749-003/2024(H5N1)	1024	4040
NP|PP755592.1|A/cattle/Texas/24-008749-003/2024(H5N1)	1025	4038
NP|PP755592.1|A/cattle/Texas/24-008749-003/2024(H5N1)	1026	3975
NP|PP755592.1|A/cattle/Texas/24-008749-003/2024(H5N1)	1027	4061
NP|PP755592.1|A/cattle/Texas/24-008749-003/2024(H5N1)	1028	3938
NP|PP755592.1|A/cattle/Texas/24-008749-003/2024(H5N1)	1029	4145
NP|PP755592.1|A/cattle/Texas/24-008749-003/2024(H5N1)	1030	4145
NP|PP755592.1|A/cattle/Texas/24-008749-003/2024(H5N1)	1031	4032
NP|PP755592.1|A/cattle/Texas/24-008749-003/2024(H5N1)	1032	4031
NP|PP755592.1|A/cattle/Texas/24-008749-003/2024(H5N1)	1033	4380
NP|PP755592.1|A/cattle/Texas/24-008749-003/2024(H5N1)	1034	4364
NP|PP755592.1|A/cattle/Texas/24-008749-003/2024(H5N1)	1035	4466
NP|PP755592.1|A/cattle/Texas/24-008749-003/2024(H5N1)	1036	4362
NP|PP755592.1|A/cattle/Texas/24-008749-003/2024(H5N1)	1037	4394
NP|PP755592.1|A/cattle/Texas/24-008749-003/2024(H5N1)	1038	4497
NP|PP755592.1|A/cattle/Texas/24-008749-003/2024(H5N1)	1039	4497
NP|PP755592.1|A/cattle/Texas/24-008749-003/2024(H5N1)	1040	4507
NP|PP755592.1|A/cattle/Texas/24-008749-003/2024(H5N1)	1041	4460
NP|PP755592.1|A/cattle/Texas/24-008749-003/2024(H5N1)	1042	4364
NP|PP755592.1|A/cattle/Texas/24-008749-003/2024(H5N1)	1043	4444
NP|PP755592.1|A/cattle/Texas/24-008749-003/2024(H5N1)	1044	4449
NP|PP755592.1|A/cattle/Texas/24-008749-003/2024(H5N1)	1045	4414
NP|PP755592.1|A/cattle/Texas/24-008749-003/2024(H5N1)	1046	5217
NP|PP755592.1|A/cattle/Texas/24-008749-003/2024(H5N1)	1047	5474
NP|PP755592.1|A/cattle/Texas/24-008749-003/2024(H5N1)	1048	5485
NP|PP755592.1|A/cattle/Texas/24-008749-003/2024(H5N1)	1049	5557
NP|PP755592.1|A/cattle/Texas/24-008749-003/2024(H5N1)	1050	5555
NP|PP755592.1|A/cattle/Texas/24-008749-003/2024(H5N1)	1051	5613
NP|PP755592.1|A/cattle/Texas/24-008749-003/2024(H5N1)	1052	5899
NP|PP755592.1|A/cattle/Texas/24-008749-003/2024(H5N1)	1053	5909
NP|PP755592.1|A/cattle/Texas/24-008749-003/2024(H5N1)	1054	6074
NP|PP755592.1|A/cattle/Texas/24-008749-003/2024(H5N1)	1055	5873
NP|PP755592.1|A/cattle/Texas/24-008749-003/2024(H5N1)	1056	5914
NP|PP755592.1|A/cattle/Texas/24-008749-003/2024(H5N1)	1057	6093
NP|PP755592.1|A/cattle/Texas/24-008749-003/2024(H5N1)	1058	6133
NP|PP755592.1|A/cattle/Texas/24-008749-003/2024(H5N1)	1059	6161
NP|PP755592.1|A/cattle/Texas/24-008749-003/2024(H5N1)	1060	6161
NP|PP755592.1|A/cattle/Texas/24-008749-003/2024(H5N1)	1061	6101
NP|PP755592.1|A/cattle/Texas/24-008749-003/2024(H5N1)	1062	6095
NP|PP755592.1|A/cattle/Texas/24-008749-003/2024(H5N1)	1063	6086
NP|PP755592.1|A/cattle/Texas/24-008749-003/2024(H5N1)	1064	6450
NP|PP755592.1|A/cattle/Texas/24-008749-003/2024(H5N1)	1065	6468
NP|PP755592.1|A/cattle/Texas/24-008749-003/2024(H5N1)	1066	6534
NP|PP755592.1|A/cattle/Texas/24-008749-003/2024(H5N1)	1067	6506
NP|PP755592.1|A/cattle/Texas/24-008749-003/2024(H5N1)	1068	6558
NP|PP755592.1|A/cattle/Texas/24-008749-003/2024(H5N1)	1069	6480
NP|PP755592.1|A/cattle/Texas/24-008749-003/2024(H5N1)	1070	6434
NP|PP755592.1|A/cattle/Texas/24-008749-003/2024(H5N1)	1071	6504
NP|PP755592.1|A/cattle/Texas/24-008749-003/2024(H5N1)	1072	6655
NP|PP755592.1|A/cattle/Texas/24-008749-003/2024(H5N1)	1073	6409
NP|PP755592.1|A/cattle/Texas/24-008749-003/2024(H5N1)	1074	6566
NP|PP755592.1|A/cattle/Texas/24-008749-003/2024(H5N1)	1075	6475
NP|PP755592.1|A/cattle/Texas/24-008749-003/2024(H5N1)	1076	6479
NP|PP755592.1|A/cattle/Texas/24-008749-003/2024(H5N1)	1077	6852
NP|PP755592.1|A/cattle/Texas/24-008749-003/2024(H5N1)	1078	6839
NP|PP755592.1|A/cattle/Texas/24-008749-003/2024(H5N1)	1079	6923
NP|PP755592.1|A/cattle/Texas/24-008749-003/2024(H5N1)	1080	6887
NP|PP755592.1|A/cattle/Texas/24-008749-003/2024(H5N1)	1081	6647
NP|PP755592.1|A/cattle/Texas/24-008749-003/2024(H5N1)	1082	6698
NP|PP755592.1|A/cattle/Texas/24-008749-003/2024(H5N1)	1083	6503
NP|PP755592.1|A/cattle/Texas/24-008749-003/2024(H5N1)	1084	6513
NP|PP755592.1|A/cattle/Texas/24-008749-003/2024(H5N1)	1085	6547
NP|PP755592.1|A/cattle/Texas/24-008749-003/2024(H5N1)	1086	6153
NP|PP755592.1|A/cattle/Texas/24-008749-003/2024(H5N1)	1087	6302
NP|PP755592.1|A/cattle/Texas/24-008749-003/2024(H5N1)	1088	6610
NP|PP755592.1|A/cattle/Texas/24-008749-003/2024(H5N1)	1089	6605
NP|PP755592.1|A/cattle/Texas/24-008749-003/2024(H5N1)	1090	6667
NP|PP755592.1|A/cattle/Texas/24-008749-003/2024(H5N1)	1091	6518
NP|PP755592.1|A/cattle/Texas/24-008749-003/2024(H5N1)	1092	6530
NP|PP755592.1|A/cattle/Texas/24-008749-003/2024(H5N1)	1093	6716
NP|PP755592.1|A/cattle/Texas/24-008749-003/2024(H5N1)	1094	6712
NP|PP755592.1|A/cattle/Texas/24-008749-003/2024(H5N1)	1095	6735
NP|PP755592.1|A/cattle/Texas/24-008749-003/2024(H5N1)	1096	6734
NP|PP755592.1|A/cattle/Texas/24-008749-003/2024(H5N1)	1097	6765
NP|PP755592.1|A/cattle/Texas/24-008749-003/2024(H5N1)	1098	7176
NP|PP755592.1|A/cattle/Texas/24-008749-003/2024(H5N1)	1099	7180
NP|PP755592.1|A/cattle/Texas/24-008749-003/2024(H5N1)	1100	7193
NP|PP755592.1|A/cattle/Texas/24-008749-003/2024(H5N1)	1101	7227
NP|PP755592.1|A/cattle/Texas/24-008749-003/2024(H5N1)	1102	7283
NP|PP755592.1|A/cattle/Texas/24-008749-003/2024(H5N1)	1103	7360
NP|PP755592.1|A/cattle/Texas/24-008749-003/2024(H5N1)	1104	7393
NP|PP755592.1|A/cattle/Texas/24-008749-003/2024(H5N1)	1105	7394
NP|PP755592.1|A/cattle/Texas/24-008749-003/2024(H5N1)	1106	7459
NP|PP755592.1|A/cattle/Texas/24-008749-003/2024(H5N1)	1107	7481
NP|PP755592.1|A/cattle/Texas/24-008749-003/2024(H5N1)	1108	7512
NP|PP755592.1|A/cattle/Texas/24-008749-003/2024(H5N1)	1109	7630
NP|PP755592.1|A/cattle/Texas/24-008749-003/2024(H5N1)	1110	7793
NP|PP755592.1|A/cattle/Texas/24-008749-003/2024(H5N1)	1111	7795
NP|PP755592.1|A/cattle/Texas/24-008749-003/2024(H5N1)	1112	7799
NP|PP755592.1|A/cattle/Texas/24-008749-003/2024(H5N1)	1113	7799
NP|PP755592.1|A/cattle/Texas/24-008749-003/2024(H5N1)	1114	7992
NP|PP755592.1|A/cattle/Texas/24-008749-003/2024(H5N1)	1115	8039
NP|PP755592.1|A/cattle/Texas/24-008749-003/2024(H5N1)	1116	8059
NP|PP755592.1|A/cattle/Texas/24-008749-003/2024(H5N1)	1117	8208
NP|PP755592.1|A/cattle/Texas/24-008749-003/2024(H5N1)	1118	8305
NP|PP755592.1|A/cattle/Texas/24-008749-003/2024(H5N1)	1119	8228
NP|PP755592.1|A/cattle/Texas/24-008749-003/2024(H5N1)	1120	8306
NP|PP755592.1|A/cattle/Texas/24-008749-003/2024(H5N1)	1121	8320
NP|PP755592.1|A/cattle/Texas/24-008749-003/2024(H5N1)	1122	8375
NP|PP755592.1|A/cattle/Texas/24-008749-003/2024(H5N1)	1123	8375
NP|PP755592.1|A/cattle/Texas/24-008749-003/2024(H5N1)	1124	8356
NP|PP755592.1|A/cattle/Texas/24-008749-003/2024(H5N1)	1125	8465
NP|PP755592.1|A/cattle/Texas/24-008749-003/2024(H5N1)	1126	8464
NP|PP755592.1|A/cattle/Texas/24-008749-003/2024(H5N1)	1127	8491
NP|PP755592.1|A/cattle/Texas/24-008749-003/2024(H5N1)	1128	8495
NP|PP755592.1|A/cattle/Texas/24-008749-003/2024(H5N1)	1129	8468
NP|PP755592.1|A/cattle/Texas/24-008749-003/2024(H5N1)	1130	8486
NP|PP755592.1|A/cattle/Texas/24-008749-003/2024(H5N1)	1131	8462
NP|PP755592.1|A/cattle/Texas/24-008749-003/2024(H5N1)	1132	8461
NP|PP755592.1|A/cattle/Texas/24-008749-003/2024(H5N1)	1133	8664
NP|PP755592.1|A/cattle/Texas/24-008749-003/2024(H5N1)	1134	8593
NP|PP755592.1|A/cattle/Texas/24-008749-003/2024(H5N1)	1135	8599
NP|PP755592.1|A/cattle/Texas/24-008749-003/2024(H5N1)	1136	8552
NP|PP755592.1|A/cattle/Texas/24-008749-003/2024(H5N1)	1137	8546
NP|PP755592.1|A/cattle/Texas/24-008749-003/2024(H5N1)	1138	8640
NP|PP755592.1|A/cattle/Texas/24-008749-003/2024(H5N1)	1139	8630
NP|PP755592.1|A/cattle/Texas/24-008749-003/2024(H5N1)	1140	8644
NP|PP755592.1|A/cattle/Texas/24-008749-003/2024(H5N1)	1141	8659
NP|PP755592.1|A/cattle/Texas/24-008749-003/2024(H5N1)	1142	8515
NP|PP755592.1|A/cattle/Texas/24-008749-003/2024(H5N1)	1143	8538
NP|PP755592.1|A/cattle/Texas/24-008749-003/2024(H5N1)	1144	8525
NP|PP755592.1|A/cattle/Texas/24-008749-003/2024(H5N1)	1145	8556
NP|PP755592.1|A/cattle/Texas/24-008749-003/2024(H5N1)	1146	8641
NP|PP755592.1|A/cattle/Texas/24-008749-003/2024(H5N1)	1147	8572
NP|PP755592.1|A/cattle/Texas/24-008749-003/2024(H5N1)	1148	8591
NP|PP755592.1|A/cattle/Texas/24-008749-003/2024(H5N1)	1149	8595
NP|PP755592.1|A/cattle/Texas/24-008749-003/2024(H5N1)	1150	8568
NP|PP755592.1|A/cattle/Texas/24-008749-003/2024(H5N1)	1151	8602
NP|PP755592.1|A/cattle/Texas/24-008749-003/2024(H5N1)	1152	8700
NP|PP755592.1|A/cattle/Texas/24-008749-003/2024(H5N1)	1153	8704
NP|PP755592.1|A/cattle/Texas/24-008749-003/2024(H5N1)	1154	8677
NP|PP755592.1|A/cattle/Texas/24-008749-003/2024(H5N1)	1155	8651
NP|PP755592.1|A/cattle/Texas/24-008749-003/2024(H5N1)	1156	8529
NP|PP755592.1|A/cattle/Texas/24-008749-003/2024(H5N1)	1157	8582
NP|PP755592.1|A/cattle/Texas/24-008749-003/2024(H5N1)	1158	8610
NP|PP755592.1|A/cattle/Texas/24-008749-003/2024(H5N1)	1159	8625
NP|PP755592.1|A/cattle/Texas/24-008749-003/2024(H5N1)	1160	8612
NP|PP755592.1|A/cattle/Texas/24-008749-003/2024(H5N1)	1161	8402
NP|PP755592.1|A/cattle/Texas/24-008749-003/2024(H5N1)	1162	8414
NP|PP755592.1|A/cattle/Texas/24-008749-003/2024(H5N1)	1163	8413
NP|PP755592.1|A/cattle/Texas/24-008749-003/2024(H5N1)	1164	8407
NP|PP755592.1|A/cattle/Texas/24-008749-003/2024(H5N1)	1165	8407
NP|PP755592.1|A/cattle/Texas/24-008749-003/2024(H5N1)	1166	8402
NP|PP755592.1|A/cattle/Texas/24-008749-003/2024(H5N1)	1167	8364
NP|PP755592.1|A/cattle/Texas/24-008749-003/2024(H5N1)	1168	8354
NP|PP755592.1|A/cattle/Texas/24-008749-003/2024(H5N1)	1169	8360
NP|PP755592.1|A/cattle/Texas/24-008749-003/2024(H5N1)	1170	8340
NP|PP755592.1|A/cattle/Texas/24-008749-003/2024(H5N1)	1171	8328
NP|PP755592.1|A/cattle/Texas/24-008749-003/2024(H5N1)	1172	8339
NP|PP755592.1|A/cattle/Texas/24-008749-003/2024(H5N1)	1173	8344
NP|PP755592.1|A/cattle/Texas/24-008749-003/2024(H5N1)	1174	8342
NP|PP755592.1|A/cattle/Texas/24-008749-003/2024(H5N1)	1175	8355
NP|PP755592.1|A/cattle/Texas/24-008749-003/2024(H5N1)	1176	8314
NP|PP755592.1|A/cattle/Texas/24-008749-003/2024(H5N1)	1177	8319
NP|PP755592.1|A/cattle/Texas/24-008749-003/2024(H5N1)	1178	8279
NP|PP755592.1|A/cattle/Texas/24-008749-003/2024(H5N1)	1179	8263
NP|PP755592.1|A/cattle/Texas/24-008749-003/2024(H5N1)	1180	8149
NP|PP755592.1|A/cattle/Texas/24-008749-003/2024(H5N1)	1181	8102
NP|PP755592.1|A/cattle/Texas/24-008749-003/2024(H5N1)	1182	8080
NP|PP755592.1|A/cattle/Texas/24-008749-003/2024(H5N1)	1183	8076
NP|PP755592.1|A/cattle/Texas/24-008749-003/2024(H5N1)	1184	7744
NP|PP755592.1|A/cattle/Texas/24-008749-003/2024(H5N1)	1185	7689
NP|PP755592.1|A/cattle/Texas/24-008749-003/2024(H5N1)	1186	7672
NP|PP755592.1|A/cattle/Texas/24-008749-003/2024(H5N1)	1187	7691
NP|PP755592.1|A/cattle/Texas/24-008749-003/2024(H5N1)	1188	7525
NP|PP755592.1|A/cattle/Texas/24-008749-003/2024(H5N1)	1189	7568
NP|PP755592.1|A/cattle/Texas/24-008749-003/2024(H5N1)	1190	7567
NP|PP755592.1|A/cattle/Texas/24-008749-003/2024(H5N1)	1191	7568
NP|PP755592.1|A/cattle/Texas/24-008749-003/2024(H5N1)	1192	7599
NP|PP755592.1|A/cattle/Texas/24-008749-003/2024(H5N1)	1193	7575
NP|PP755592.1|A/cattle/Texas/24-008749-003/2024(H5N1)	1194	7530
NP|PP755592.1|A/cattle/Texas/24-008749-003/2024(H5N1)	1195	7507
NP|PP755592.1|A/cattle/Texas/24-008749-003/2024(H5N1)	1196	7404
NP|PP755592.1|A/cattle/Texas/24-008749-003/2024(H5N1)	1197	6967
NP|PP755592.1|A/cattle/Texas/24-008749-003/2024(H5N1)	1198	6554
NP|PP755592.1|A/cattle/Texas/24-008749-003/2024(H5N1)	1199	6632
NP|PP755592.1|A/cattle/Texas/24-008749-003/2024(H5N1)	1200	6467
NP|PP755592.1|A/cattle/Texas/24-008749-003/2024(H5N1)	1201	6466
NP|PP755592.1|A/cattle/Texas/24-008749-003/2024(H5N1)	1202	6294
NP|PP755592.1|A/cattle/Texas/24-008749-003/2024(H5N1)	1203	6258
NP|PP755592.1|A/cattle/Texas/24-008749-003/2024(H5N1)	1204	6253
NP|PP755592.1|A/cattle/Texas/24-008749-003/2024(H5N1)	1205	6049
NP|PP755592.1|A/cattle/Texas/24-008749-003/2024(H5N1)	1206	6003
NP|PP755592.1|A/cattle/Texas/24-008749-003/2024(H5N1)	1207	6013
NP|PP755592.1|A/cattle/Texas/24-008749-003/2024(H5N1)	1208	5953
NP|PP755592.1|A/cattle/Texas/24-008749-003/2024(H5N1)	1209	5876
NP|PP755592.1|A/cattle/Texas/24-008749-003/2024(H5N1)	1210	6191
NP|PP755592.1|A/cattle/Texas/24-008749-003/2024(H5N1)	1211	6123
NP|PP755592.1|A/cattle/Texas/24-008749-003/2024(H5N1)	1212	6127
NP|PP755592.1|A/cattle/Texas/24-008749-003/2024(H5N1)	1213	6143
NP|PP755592.1|A/cattle/Texas/24-008749-003/2024(H5N1)	1214	5899
NP|PP755592.1|A/cattle/Texas/24-008749-003/2024(H5N1)	1215	5979
NP|PP755592.1|A/cattle/Texas/24-008749-003/2024(H5N1)	1216	5986
NP|PP755592.1|A/cattle/Texas/24-008749-003/2024(H5N1)	1217	6192
NP|PP755592.1|A/cattle/Texas/24-008749-003/2024(H5N1)	1218	6193
NP|PP755592.1|A/cattle/Texas/24-008749-003/2024(H5N1)	1219	6004
NP|PP755592.1|A/cattle/Texas/24-008749-003/2024(H5N1)	1220	6242
NP|PP755592.1|A/cattle/Texas/24-008749-003/2024(H5N1)	1221	6209
NP|PP755592.1|A/cattle/Texas/24-008749-003/2024(H5N1)	1222	6346
NP|PP755592.1|A/cattle/Texas/24-008749-003/2024(H5N1)	1223	6277
NP|PP755592.1|A/cattle/Texas/24-008749-003/2024(H5N1)	1224	6162
NP|PP755592.1|A/cattle/Texas/24-008749-003/2024(H5N1)	1225	6120
NP|PP755592.1|A/cattle/Texas/24-008749-003/2024(H5N1)	1226	5996
NP|PP755592.1|A/cattle/Texas/24-008749-003/2024(H5N1)	1227	6587
NP|PP755592.1|A/cattle/Texas/24-008749-003/2024(H5N1)	1228	6558
NP|PP755592.1|A/cattle/Texas/24-008749-003/2024(H5N1)	1229	6465
NP|PP755592.1|A/cattle/Texas/24-008749-003/2024(H5N1)	1230	6710
NP|PP755592.1|A/cattle/Texas/24-008749-003/2024(H5N1)	1231	6626
NP|PP755592.1|A/cattle/Texas/24-008749-003/2024(H5N1)	1232	6708
NP|PP755592.1|A/cattle/Texas/24-008749-003/2024(H5N1)	1233	6704
NP|PP755592.1|A/cattle/Texas/24-008749-003/2024(H5N1)	1234	6705
NP|PP755592.1|A/cattle/Texas/24-008749-003/2024(H5N1)	1235	6975
NP|PP755592.1|A/cattle/Texas/24-008749-003/2024(H5N1)	1236	6867
NP|PP755592.1|A/cattle/Texas/24-008749-003/2024(H5N1)	1237	6384
NP|PP755592.1|A/cattle/Texas/24-008749-003/2024(H5N1)	1238	6393
NP|PP755592.1|A/cattle/Texas/24-008749-003/2024(H5N1)	1239	6174
NP|PP755592.1|A/cattle/Texas/24-008749-003/2024(H5N1)	1240	6613
NP|PP755592.1|A/cattle/Texas/24-008749-003/2024(H5N1)	1241	6499
NP|PP755592.1|A/cattle/Texas/24-008749-003/2024(H5N1)	1242	6541
NP|PP755592.1|A/cattle/Texas/24-008749-003/2024(H5N1)	1243	6542
NP|PP755592.1|A/cattle/Texas/24-008749-003/2024(H5N1)	1244	6130
NP|PP755592.1|A/cattle/Texas/24-008749-003/2024(H5N1)	1245	6183
NP|PP755592.1|A/cattle/Texas/24-008749-003/2024(H5N1)	1246	6262
NP|PP755592.1|A/cattle/Texas/24-008749-003/2024(H5N1)	1247	6321
NP|PP755592.1|A/cattle/Texas/24-008749-003/2024(H5N1)	1248	6341
NP|PP755592.1|A/cattle/Texas/24-008749-003/2024(H5N1)	1249	5594
NP|PP755592.1|A/cattle/Texas/24-008749-003/2024(H5N1)	1250	5590
NP|PP755592.1|A/cattle/Texas/24-008749-003/2024(H5N1)	1251	5624
NP|PP755592.1|A/cattle/Texas/24-008749-003/2024(H5N1)	1252	5538
NP|PP755592.1|A/cattle/Texas/24-008749-003/2024(H5N1)	1253	5529
NP|PP755592.1|A/cattle/Texas/24-008749-003/2024(H5N1)	1254	5408
NP|PP755592.1|A/cattle/Texas/24-008749-003/2024(H5N1)	1255	5437
NP|PP755592.1|A/cattle/Texas/24-008749-003/2024(H5N1)	1256	5321
NP|PP755592.1|A/cattle/Texas/24-008749-003/2024(H5N1)	1257	5376
NP|PP755592.1|A/cattle/Texas/24-008749-003/2024(H5N1)	1258	5372
NP|PP755592.1|A/cattle/Texas/24-008749-003/2024(H5N1)	1259	5369
NP|PP755592.1|A/cattle/Texas/24-008749-003/2024(H5N1)	1260	5159
NP|PP755592.1|A/cattle/Texas/24-008749-003/2024(H5N1)	1261	5137
NP|PP755592.1|A/cattle/Texas/24-008749-003/2024(H5N1)	1262	5124
NP|PP755592.1|A/cattle/Texas/24-008749-003/2024(H5N1)	1263	5121
NP|PP755592.1|A/cattle/Texas/24-008749-003/2024(H5N1)	1264	4782
NP|PP755592.1|A/cattle/Texas/24-008749-003/2024(H5N1)	1265	4897
NP|PP755592.1|A/cattle/Texas/24-008749-003/2024(H5N1)	1266	4527
NP|PP755592.1|A/cattle/Texas/24-008749-003/2024(H5N1)	1267	4509
NP|PP755592.1|A/cattle/Texas/24-008749-003/2024(H5N1)	1268	4518
NP|PP755592.1|A/cattle/Texas/24-008749-003/2024(H5N1)	1269	4437
NP|PP755592.1|A/cattle/Texas/24-008749-003/2024(H5N1)	1270	4572
NP|PP755592.1|A/cattle/Texas/24-008749-003/2024(H5N1)	1271	4495
NP|PP755592.1|A/cattle/Texas/24-008749-003/2024(H5N1)	1272	4612
NP|PP755592.1|A/cattle/Texas/24-008749-003/2024(H5N1)	1273	4617
NP|PP755592.1|A/cattle/Texas/24-008749-003/2024(H5N1)	1274	4696
NP|PP755592.1|A/cattle/Texas/24-008749-003/2024(H5N1)	1275	4715
NP|PP755592.1|A/cattle/Texas/24-008749-003/2024(H5N1)	1276	4750
NP|PP755592.1|A/cattle/Texas/24-008749-003/2024(H5N1)	1277	4769
NP|PP755592.1|A/cattle/Texas/24-008749-003/2024(H5N1)	1278	4763
NP|PP755592.1|A/cattle/Texas/24-008749-003/2024(H5N1)	1279	4762
NP|PP755592.1|A/cattle/Texas/24-008749-003/2024(H5N1)	1280	4787
NP|PP755592.1|A/cattle/Texas/24-008749-003/2024(H5N1)	1281	4750
NP|PP755592.1|A/cattle/Texas/24-008749-003/2024(H5N1)	1282	4783
NP|PP755592.1|A/cattle/Texas/24-008749-003/2024(H5N1)	1283	4924
NP|PP755592.1|A/cattle/Texas/24-008749-003/2024(H5N1)	1284	5071
NP|PP755592.1|A/cattle/Texas/24-008749-003/2024(H5N1)	1285	5093
NP|PP755592.1|A/cattle/Texas/24-008749-003/2024(H5N1)	1286	5120
NP|PP755592.1|A/cattle/Texas/24-008749-003/2024(H5N1)	1287	5121
NP|PP755592.1|A/cattle/Texas/24-008749-003/2024(H5N1)	1288	5132
NP|PP755592.1|A/cattle/Texas/24-008749-003/2024(H5N1)	1289	5170
NP|PP755592.1|A/cattle/Texas/24-008749-003/2024(H5N1)	1290	5173
NP|PP755592.1|A/cattle/Texas/24-008749-003/2024(H5N1)	1291	5280
NP|PP755592.1|A/cattle/Texas/24-008749-003/2024(H5N1)	1292	5795
NP|PP755592.1|A/cattle/Texas/24-008749-003/2024(H5N1)	1293	5811
NP|PP755592.1|A/cattle/Texas/24-008749-003/2024(H5N1)	1294	5814
NP|PP755592.1|A/cattle/Texas/24-008749-003/2024(H5N1)	1295	5874
NP|PP755592.1|A/cattle/Texas/24-008749-003/2024(H5N1)	1296	5957
NP|PP755592.1|A/cattle/Texas/24-008749-003/2024(H5N1)	1297	5988
NP|PP755592.1|A/cattle/Texas/24-008749-003/2024(H5N1)	1298	5989
NP|PP755592.1|A/cattle/Texas/24-008749-003/2024(H5N1)	1299	5965
NP|PP755592.1|A/cattle/Texas/24-008749-003/2024(H5N1)	1300	5977
NP|PP755592.1|A/cattle/Texas/24-008749-003/2024(H5N1)	1301	5977
NP|PP755592.1|A/cattle/Texas/24-008749-003/2024(H5N1)	1302	6052
NP|PP755592.1|A/cattle/Texas/24-008749-003/2024(H5N1)	1303	6053
NP|PP755592.1|A/cattle/Texas/24-008749-003/2024(H5N1)	1304	6026
NP|PP755592.1|A/cattle/Texas/24-008749-003/2024(H5N1)	1305	6015
NP|PP755592.1|A/cattle/Texas/24-008749-003/2024(H5N1)	1306	5988
NP|PP755592.1|A/cattle/Texas/24-008749-003/2024(H5N1)	1307	6013
NP|PP755592.1|A/cattle/Texas/24-008749-003/2024(H5N1)	1308	6011
NP|PP755592.1|A/cattle/Texas/24-008749-003/2024(H5N1)	1309	6037
NP|PP755592.1|A/cattle/Texas/24-008749-003/2024(H5N1)	1310	6106
NP|PP755592.1|A/cattle/Texas/24-008749-003/2024(H5N1)	1311	6061
NP|PP755592.1|A/cattle/Texas/24-008749-003/2024(H5N1)	1312	6056
NP|PP755592.1|A/cattle/Texas/24-008749-003/2024(H5N1)	1313	6056
NP|PP755592.1|A/cattle/Texas/24-008749-003/2024(H5N1)	1314	6054
NP|PP755592.1|A/cattle/Texas/24-008749-003/2024(H5N1)	1315	6084
NP|PP755592.1|A/cattle/Texas/24-008749-003/2024(H5N1)	1316	6071
NP|PP755592.1|A/cattle/Texas/24-008749-003/2024(H5N1)	1317	6175
NP|PP755592.1|A/cattle/Texas/24-008749-003/2024(H5N1)	1318	6155
NP|PP755592.1|A/cattle/Texas/24-008749-003/2024(H5N1)	1319	6138
NP|PP755592.1|A/cattle/Texas/24-008749-003/2024(H5N1)	1320	6138
NP|PP755592.1|A/cattle/Texas/24-008749-003/2024(H5N1)	1321	6138
NP|PP755592.1|A/cattle/Texas/24-008749-003/2024(H5N1)	1322	6223
NP|PP755592.1|A/cattle/Texas/24-008749-003/2024(H5N1)	1323	6225
NP|PP755592.1|A/cattle/Texas/24-008749-003/2024(H5N1)	1324	6200
NP|PP755592.1|A/cattle/Texas/24-008749-003/2024(H5N1)	1325	6197
NP|PP755592.1|A/cattle/Texas/24-008749-003/2024(H5N1)	1326	6106
NP|PP755592.1|A/cattle/Texas/24-008749-003/2024(H5N1)	1327	6112
NP|PP755592.1|A/cattle/Texas/24-008749-003/2024(H5N1)	1328	6079
NP|PP755592.1|A/cattle/Texas/24-008749-003/2024(H5N1)	1329	6146
NP|PP755592.1|A/cattle/Texas/24-008749-003/2024(H5N1)	1330	6159
NP|PP755592.1|A/cattle/Texas/24-008749-003/2024(H5N1)	1331	6112
NP|PP755592.1|A/cattle/Texas/24-008749-003/2024(H5N1)	1332	6137
NP|PP755592.1|A/cattle/Texas/24-008749-003/2024(H5N1)	1333	6146
NP|PP755592.1|A/cattle/Texas/24-008749-003/2024(H5N1)	1334	6143
NP|PP755592.1|A/cattle/Texas/24-008749-003/2024(H5N1)	1335	6147
NP|PP755592.1|A/cattle/Texas/24-008749-003/2024(H5N1)	1336	6133
NP|PP755592.1|A/cattle/Texas/24-008749-003/2024(H5N1)	1337	6160
NP|PP755592.1|A/cattle/Texas/24-008749-003/2024(H5N1)	1338	6112
NP|PP755592.1|A/cattle/Texas/24-008749-003/2024(H5N1)	1339	6101
NP|PP755592.1|A/cattle/Texas/24-008749-003/2024(H5N1)	1340	6040
NP|PP755592.1|A/cattle/Texas/24-008749-003/2024(H5N1)	1341	5987
NP|PP755592.1|A/cattle/Texas/24-008749-003/2024(H5N1)	1342	6008
NP|PP755592.1|A/cattle/Texas/24-008749-003/2024(H5N1)	1343	6011
NP|PP755592.1|A/cattle/Texas/24-008749-003/2024(H5N1)	1344	6021
NP|PP755592.1|A/cattle/Texas/24-008749-003/2024(H5N1)	1345	6044
NP|PP755592.1|A/cattle/Texas/24-008749-003/2024(H5N1)	1346	5989
NP|PP755592.1|A/cattle/Texas/24-008749-003/2024(H5N1)	1347	5983
NP|PP755592.1|A/cattle/Texas/24-008749-003/2024(H5N1)	1348	5976
NP|PP755592.1|A/cattle/Texas/24-008749-003/2024(H5N1)	1349	5971
NP|PP755592.1|A/cattle/Texas/24-008749-003/2024(H5N1)	1350	5982
NP|PP755592.1|A/cattle/Texas/24-008749-003/2024(H5N1)	1351	5978
NP|PP755592.1|A/cattle/Texas/24-008749-003/2024(H5N1)	1352	5975
NP|PP755592.1|A/cattle/Texas/24-008749-003/2024(H5N1)	1353	5969
NP|PP755592.1|A/cattle/Texas/24-008749-003/2024(H5N1)	1354	5915
NP|PP755592.1|A/cattle/Texas/24-008749-003/2024(H5N1)	1355	5954
NP|PP755592.1|A/cattle/Texas/24-008749-003/2024(H5N1)	1356	5953
NP|PP755592.1|A/cattle/Texas/24-008749-003/2024(H5N1)	1357	5991
NP|PP755592.1|A/cattle/Texas/24-008749-003/2024(H5N1)	1358	5840
NP|PP755592.1|A/cattle/Texas/24-008749-003/2024(H5N1)	1359	5741
NP|PP755592.1|A/cattle/Texas/24-008749-003/2024(H5N1)	1360	5756
NP|PP755592.1|A/cattle/Texas/24-008749-003/2024(H5N1)	1361	5752
NP|PP755592.1|A/cattle/Texas/24-008749-003/2024(H5N1)	1362	5762
NP|PP755592.1|A/cattle/Texas/24-008749-003/2024(H5N1)	1363	5755
NP|PP755592.1|A/cattle/Texas/24-008749-003/2024(H5N1)	1364	5661
NP|PP755592.1|A/cattle/Texas/24-008749-003/2024(H5N1)	1365	5579
NP|PP755592.1|A/cattle/Texas/24-008749-003/2024(H5N1)	1366	5373
NP|PP755592.1|A/cattle/Texas/24-008749-003/2024(H5N1)	1367	5330
NP|PP755592.1|A/cattle/Texas/24-008749-003/2024(H5N1)	1368	5196
NP|PP755592.1|A/cattle/Texas/24-008749-003/2024(H5N1)	1369	5157
NP|PP755592.1|A/cattle/Texas/24-008749-003/2024(H5N1)	1370	5024
NP|PP755592.1|A/cattle/Texas/24-008749-003/2024(H5N1)	1371	4994
NP|PP755592.1|A/cattle/Texas/24-008749-003/2024(H5N1)	1372	5021
NP|PP755592.1|A/cattle/Texas/24-008749-003/2024(H5N1)	1373	4934
NP|PP755592.1|A/cattle/Texas/24-008749-003/2024(H5N1)	1374	4929
NP|PP755592.1|A/cattle/Texas/24-008749-003/2024(H5N1)	1375	4890
NP|PP755592.1|A/cattle/Texas/24-008749-003/2024(H5N1)	1376	4826
NP|PP755592.1|A/cattle/Texas/24-008749-003/2024(H5N1)	1377	4837
NP|PP755592.1|A/cattle/Texas/24-008749-003/2024(H5N1)	1378	4502
NP|PP755592.1|A/cattle/Texas/24-008749-003/2024(H5N1)	1379	4449
NP|PP755592.1|A/cattle/Texas/24-008749-003/2024(H5N1)	1380	4406
NP|PP755592.1|A/cattle/Texas/24-008749-003/2024(H5N1)	1381	3954
NP|PP755592.1|A/cattle/Texas/24-008749-003/2024(H5N1)	1382	3957
NP|PP755592.1|A/cattle/Texas/24-008749-003/2024(H5N1)	1383	3904
NP|PP755592.1|A/cattle/Texas/24-008749-003/2024(H5N1)	1384	3897
NP|PP755592.1|A/cattle/Texas/24-008749-003/2024(H5N1)	1385	3890
NP|PP755592.1|A/cattle/Texas/24-008749-003/2024(H5N1)	1386	3639
NP|PP755592.1|A/cattle/Texas/24-008749-003/2024(H5N1)	1387	3664
NP|PP755592.1|A/cattle/Texas/24-008749-003/2024(H5N1)	1388	3553
NP|PP755592.1|A/cattle/Texas/24-008749-003/2024(H5N1)	1389	3347
NP|PP755592.1|A/cattle/Texas/24-008749-003/2024(H5N1)	1390	3335
NP|PP755592.1|A/cattle/Texas/24-008749-003/2024(H5N1)	1391	3305
NP|PP755592.1|A/cattle/Texas/24-008749-003/2024(H5N1)	1392	3285
NP|PP755592.1|A/cattle/Texas/24-008749-003/2024(H5N1)	1393	3283
NP|PP755592.1|A/cattle/Texas/24-008749-003/2024(H5N1)	1394	3261
NP|PP755592.1|A/cattle/Texas/24-008749-003/2024(H5N1)	1395	3260
NP|PP755592.1|A/cattle/Texas/24-008749-003/2024(H5N1)	1396	3027
NP|PP755592.1|A/cattle/Texas/24-008749-003/2024(H5N1)	1397	2977
NP|PP755592.1|A/cattle/Texas/24-008749-003/2024(H5N1)	1398	2939
NP|PP755592.1|A/cattle/Texas/24-008749-003/2024(H5N1)	1399	2933
NP|PP755592.1|A/cattle/Texas/24-008749-003/2024(H5N1)	1400	2934
NP|PP755592.1|A/cattle/Texas/24-008749-003/2024(H5N1)	1401	2934
NP|PP755592.1|A/cattle/Texas/24-008749-003/2024(H5N1)	1402	2905
NP|PP755592.1|A/cattle/Texas/24-008749-003/2024(H5N1)	1403	2905
NP|PP755592.1|A/cattle/Texas/24-008749-003/2024(H5N1)	1404	2849
NP|PP755592.1|A/cattle/Texas/24-008749-003/2024(H5N1)	1405	2826
NP|PP755592.1|A/cattle/Texas/24-008749-003/2024(H5N1)	1406	2796
NP|PP755592.1|A/cattle/Texas/24-008749-003/2024(H5N1)	1407	2775
NP|PP755592.1|A/cattle/Texas/24-008749-003/2024(H5N1)	1408	2750
NP|PP755592.1|A/cattle/Texas/24-008749-003/2024(H5N1)	1409	2736
NP|PP755592.1|A/cattle/Texas/24-008749-003/2024(H5N1)	1410	2736
NP|PP755592.1|A/cattle/Texas/24-008749-003/2024(H5N1)	1411	2662
NP|PP755592.1|A/cattle/Texas/24-008749-003/2024(H5N1)	1412	2648
NP|PP755592.1|A/cattle/Texas/24-008749-003/2024(H5N1)	1413	2588
NP|PP755592.1|A/cattle/Texas/24-008749-003/2024(H5N1)	1414	2588
NP|PP755592.1|A/cattle/Texas/24-008749-003/2024(H5N1)	1415	2536
NP|PP755592.1|A/cattle/Texas/24-008749-003/2024(H5N1)	1416	2532
NP|PP755592.1|A/cattle/Texas/24-008749-003/2024(H5N1)	1417	2527
NP|PP755592.1|A/cattle/Texas/24-008749-003/2024(H5N1)	1418	2518
NP|PP755592.1|A/cattle/Texas/24-008749-003/2024(H5N1)	1419	2492
NP|PP755592.1|A/cattle/Texas/24-008749-003/2024(H5N1)	1420	2438
NP|PP755592.1|A/cattle/Texas/24-008749-003/2024(H5N1)	1421	2299
NP|PP755592.1|A/cattle/Texas/24-008749-003/2024(H5N1)	1422	2297
NP|PP755592.1|A/cattle/Texas/24-008749-003/2024(H5N1)	1423	2243
NP|PP755592.1|A/cattle/Texas/24-008749-003/2024(H5N1)	1424	2241
NP|PP755592.1|A/cattle/Texas/24-008749-003/2024(H5N1)	1425	2098
NP|PP755592.1|A/cattle/Texas/24-008749-003/2024(H5N1)	1426	2066
NP|PP755592.1|A/cattle/Texas/24-008749-003/2024(H5N1)	1427	1991
NP|PP755592.1|A/cattle/Texas/24-008749-003/2024(H5N1)	1428	1979
NP|PP755592.1|A/cattle/Texas/24-008749-003/2024(H5N1)	1429	1971
NP|PP755592.1|A/cattle/Texas/24-008749-003/2024(H5N1)	1430	1941
NP|PP755592.1|A/cattle/Texas/24-008749-003/2024(H5N1)	1431	1852
NP|PP755592.1|A/cattle/Texas/24-008749-003/2024(H5N1)	1432	1763
NP|PP755592.1|A/cattle/Texas/24-008749-003/2024(H5N1)	1433	1753
NP|PP755592.1|A/cattle/Texas/24-008749-003/2024(H5N1)	1434	1744
NP|PP755592.1|A/cattle/Texas/24-008749-003/2024(H5N1)	1435	1494
NP|PP755592.1|A/cattle/Texas/24-008749-003/2024(H5N1)	1436	1458
NP|PP755592.1|A/cattle/Texas/24-008749-003/2024(H5N1)	1437	1401
NP|PP755592.1|A/cattle/Texas/24-008749-003/2024(H5N1)	1438	1403
NP|PP755592.1|A/cattle/Texas/24-008749-003/2024(H5N1)	1439	1395
NP|PP755592.1|A/cattle/Texas/24-008749-003/2024(H5N1)	1440	1387
NP|PP755592.1|A/cattle/Texas/24-008749-003/2024(H5N1)	1441	1237
NP|PP755592.1|A/cattle/Texas/24-008749-003/2024(H5N1)	1442	399
NP|PP755592.1|A/cattle/Texas/24-008749-003/2024(H5N1)	1443	366
NP|PP755592.1|A/cattle/Texas/24-008749-003/2024(H5N1)	1444	344
NP|PP755592.1|A/cattle/Texas/24-008749-003/2024(H5N1)	1445	338
NP|PP755592.1|A/cattle/Texas/24-008749-003/2024(H5N1)	1446	336
NP|PP755592.1|A/cattle/Texas/24-008749-003/2024(H5N1)	1447	246
NP|PP755592.1|A/cattle/Texas/24-008749-003/2024(H5N1)	1448	247
NP|PP755592.1|A/cattle/Texas/24-008749-003/2024(H5N1)	1449	239
NP|PP755592.1|A/cattle/Texas/24-008749-003/2024(H5N1)	1450	239
NP|PP755592.1|A/cattle/Texas/24-008749-003/2024(H5N1)	1451	237
NP|PP755592.1|A/cattle/Texas/24-008749-003/2024(H5N1)	1452	236
NP|PP755592.1|A/cattle/Texas/24-008749-003/2024(H5N1)	1453	235
NP|PP755592.1|A/cattle/Texas/24-008749-003/2024(H5N1)	1454	235
NP|PP755592.1|A/cattle/Texas/24-008749-003/2024(H5N1)	1455	232
NP|PP755592.1|A/cattle/Texas/24-008749-003/2024(H5N1)	1456	232
NP|PP755592.1|A/cattle/Texas/24-008749-003/2024(H5N1)	1457	230
NP|PP755592.1|A/cattle/Texas/24-008749-003/2024(H5N1)	1458	230
NP|PP755592.1|A/cattle/Texas/24-008749-003/2024(H5N1)	1459	230
NP|PP755592.1|A/cattle/Texas/24-008749-003/2024(H5N1)	1460	229
NP|PP755592.1|A/cattle/Texas/24-008749-003/2024(H5N1)	1461	225
NP|PP755592.1|A/cattle/Texas/24-008749-003/2024(H5N1)	1462	225
NP|PP755592.1|A/cattle/Texas/24-008749-003/2024(H5N1)	1463	225
NP|PP755592.1|A/cattle/Texas/24-008749-003/2024(H5N1)	1464	223
NP|PP755592.1|A/cattle/Texas/24-008749-003/2024(H5N1)	1465	222
NP|PP755592.1|A/cattle/Texas/24-008749-003/2024(H5N1)	1466	222
NP|PP755592.1|A/cattle/Texas/24-008749-003/2024(H5N1)	1467	217
NP|PP755592.1|A/cattle/Texas/24-008749-003/2024(H5N1)	1468	217
NP|PP755592.1|A/cattle/Texas/24-008749-003/2024(H5N1)	1469	217
NP|PP755592.1|A/cattle/Texas/24-008749-003/2024(H5N1)	1470	216
NP|PP755592.1|A/cattle/Texas/24-008749-003/2024(H5N1)	1471	216
NP|PP755592.1|A/cattle/Texas/24-008749-003/2024(H5N1)	1472	214
NP|PP755592.1|A/cattle/Texas/24-008749-003/2024(H5N1)	1473	209
NP|PP755592.1|A/cattle/Texas/24-008749-003/2024(H5N1)	1474	207
NP|PP755592.1|A/cattle/Texas/24-008749-003/2024(H5N1)	1475	208
NP|PP755592.1|A/cattle/Texas/24-008749-003/2024(H5N1)	1476	208
NP|PP755592.1|A/cattle/Texas/24-008749-003/2024(H5N1)	1477	208
NP|PP755592.1|A/cattle/Texas/24-008749-003/2024(H5N1)	1478	208
NP|PP755592.1|A/cattle/Texas/24-008749-003/2024(H5N1)	1479	203
NP|PP755592.1|A/cattle/Texas/24-008749-003/2024(H5N1)	1480	202
NP|PP755592.1|A/cattle/Texas/24-008749-003/2024(H5N1)	1481	200
NP|PP755592.1|A/cattle/Texas/24-008749-003/2024(H5N1)	1482	196
NP|PP755592.1|A/cattle/Texas/24-008749-003/2024(H5N1)	1483	194
NP|PP755592.1|A/cattle/Texas/24-008749-003/2024(H5N1)	1484	159
NP|PP755592.1|A/cattle/Texas/24-008749-003/2024(H5N1)	1485	159
NP|PP755592.1|A/cattle/Texas/24-008749-003/2024(H5N1)	1486	151
NP|PP755592.1|A/cattle/Texas/24-008749-003/2024(H5N1)	1487	151
NP|PP755592.1|A/cattle/Texas/24-008749-003/2024(H5N1)	1488	149
NP|PP755592.1|A/cattle/Texas/24-008749-003/2024(H5N1)	1489	147
NP|PP755592.1|A/cattle/Texas/24-008749-003/2024(H5N1)	1490	147
NP|PP755592.1|A/cattle/Texas/24-008749-003/2024(H5N1)	1491	141
NP|PP755592.1|A/cattle/Texas/24-008749-003/2024(H5N1)	1492	122
NP|PP755592.1|A/cattle/Texas/24-008749-003/2024(H5N1)	1493	122
NP|PP755592.1|A/cattle/Texas/24-008749-003/2024(H5N1)	1494	111
NP|PP755592.1|A/cattle/Texas/24-008749-003/2024(H5N1)	1495	110
NP|PP755592.1|A/cattle/Texas/24-008749-003/2024(H5N1)	1496	108
NP|PP755592.1|A/cattle/Texas/24-008749-003/2024(H5N1)	1497	107
