NA|PP755591.1|A/cattle/Texas/24-008749-003/2024(H5N1)	1	251
NA|PP755591.1|A/cattle/Texas/24-008749-003/2024(H5N1)	2	251
NA|PP755591.1|A/cattle/Texas/24-008749-003/2024(H5N1)	3	251
NA|PP755591.1|A/cattle/Texas/24-008749-003/2024(H5N1)	4	251
NA|PP755591.1|A/cattle/Texas/24-008749-003/2024(H5N1)	5	254
NA|PP755591.1|A/cattle/Texas/24-008749-003/2024(H5N1)	6	254
NA|PP755591.1|A/cattle/Texas/24-008749-003/2024(H5N1)	7	254
NA|PP755591.1|A/cattle/Texas/24-008749-003/2024(H5N1)	8	254
NA|PP755591.1|A/cattle/Texas/24-008749-003/2024(H5N1)	9	254
NA|PP755591.1|A/cattle/Texas/24-008749-003/2024(H5N1)	10	258
NA|PP755591.1|A/cattle/Texas/24-008749-003/2024(H5N1)	11	258
NA|PP755591.1|A/cattle/Texas/24-008749-003/2024(H5N1)	12	258
NA|PP755591.1|A/cattle/Texas/24-008749-003/2024(H5N1)	13	259
NA|PP755591.1|A/cattle/Texas/24-008749-003/2024(H5N1)	14	259
NA|PP755591.1|A/cattle/Texas/24-008749-003/2024(H5N1)	15	266
NA|PP755591.1|A/cattle/Texas/24-008749-003/2024(H5N1)	16	266
NA|PP755591.1|A/cattle/Texas/24-008749-003/2024(H5N1)	17	267
NA|PP755591.1|A/cattle/Texas/24-008749-003/2024(H5N1)	18	267
NA|PP755591.1|A/cattle/Texas/24-008749-003/2024(H5N1)	19	267
NA|PP755591.1|A/cattle/Texas/24-008749-003/2024(H5N1)	20	267
NA|PP755591.1|A/cattle/Texas/24-008749-003/2024(H5N1)	21	267
NA|PP755591.1|A/cattle/Texas/24-008749-003/2024(H5N1)	22	267
NA|PP755591.1|A/cattle/Texas/24-008749-003/2024(H5N1)	23	267
NA|PP755591.1|A/cattle/Texas/24-008749-003/2024(H5N1)	24	267
NA|PP755591.1|A/cattle/Texas/24-008749-003/2024(H5N1)	25	267
NA|PP755591.1|A/cattle/Texas/24-008749-003/2024(H5N1)	26	265
NA|PP755591.1|A/cattle/Texas/24-008749-003/2024(H5N1)	27	265
NA|PP755591.1|A/cattle/Texas/24-008749-003/2024(H5N1)	28	265
NA|PP755591.1|A/cattle/Texas/24-008749-003/2024(H5N1)	29	265
NA|PP755591.1|A/cattle/Texas/24-008749-003/2024(H5N1)	30	265
NA|PP755591.1|A/cattle/Texas/24-008749-003/2024(H5N1)	31	265
NA|PP755591.1|A/cattle/Texas/24-008749-003/2024(H5N1)	32	265
NA|PP755591.1|A/cattle/Texas/24-008749-003/2024(H5N1)	33	265
NA|PP755591.1|A/cattle/Texas/24-008749-003/2024(H5N1)	34	265
NA|PP755591.1|A/cattle/Texas/24-008749-003/2024(H5N1)	35	265
NA|PP755591.1|A/cattle/Texas/24-008749-003/2024(H5N1)	36	265
NA|PP755591.1|A/cattle/Texas/24-008749-003/2024(H5N1)	37	265
NA|PP755591.1|A/cattle/Texas/24-008749-003/2024(H5N1)	38	265
NA|PP755591.1|A/cattle/Texas/24-008749-003/2024(H5N1)	39	265
NA|PP755591.1|A/cattle/Texas/24-008749-003/2024(H5N1)	40	265
NA|PP755591.1|A/cattle/Texas/24-008749-003/2024(H5N1)	41	265
NA|PP755591.1|A/cattle/Texas/24-008749-003/2024(H5N1)	42	265
NA|PP755591.1|A/cattle/Texas/24-008749-003/2024(H5N1)	43	265
NA|PP755591.1|A/cattle/Texas/24-008749-003/2024(H5N1)	44	265
NA|PP755591.1|A/cattle/Texas/24-008749-003/2024(H5N1)	45	265
NA|PP755591.1|A/cattle/Texas/24-008749-003/2024(H5N1)	46	265
NA|PP755591.1|A/cattle/Texas/24-008749-003/2024(H5N1)	47	265
NA|PP755591.1|A/cattle/Texas/24-008749-003/2024(H5N1)	48	265
NA|PP755591.1|A/cattle/Texas/24-008749-003/2024(H5N1)	49	265
NA|PP755591.1|A/cattle/Texas/24-008749-003/2024(H5N1)	50	265
NA|PP755591.1|A/cattle/Texas/24-008749-003/2024(H5N1)	51	265
NA|PP755591.1|A/cattle/Texas/24-008749-003/2024(H5N1)	52	265
NA|PP755591.1|A/cattle/Texas/24-008749-003/2024(H5N1)	53	265
NA|PP755591.1|A/cattle/Texas/24-008749-003/2024(H5N1)	54	261
NA|PP755591.1|A/cattle/Texas/24-008749-003/2024(H5N1)	55	261
NA|PP755591.1|A/cattle/Texas/24-008749-003/2024(H5N1)	56	261
NA|PP755591.1|A/cattle/Texas/24-008749-003/2024(H5N1)	57	260
NA|PP755591.1|A/cattle/Texas/24-008749-003/2024(H5N1)	58	260
NA|PP755591.1|A/cattle/Texas/24-008749-003/2024(H5N1)	59	260
NA|PP755591.1|A/cattle/Texas/24-008749-003/2024(H5N1)	60	260
NA|PP755591.1|A/cattle/Texas/24-008749-003/2024(H5N1)	61	259
NA|PP755591.1|A/cattle/Texas/24-008749-003/2024(H5N1)	62	259
NA|PP755591.1|A/cattle/Texas/24-008749-003/2024(H5N1)	63	259
NA|PP755591.1|A/cattle/Texas/24-008749-003/2024(H5N1)	64	259
NA|PP755591.1|A/cattle/Texas/24-008749-003/2024(H5N1)	65	263
NA|PP755591.1|A/cattle/Texas/24-008749-003/2024(H5N1)	66	264
NA|PP755591.1|A/cattle/Texas/24-008749-003/2024(H5N1)	67	275
NA|PP755591.1|A/cattle/Texas/24-008749-003/2024(H5N1)	68	276
NA|PP755591.1|A/cattle/Texas/24-008749-003/2024(H5N1)	69	276
NA|PP755591.1|A/cattle/Texas/24-008749-003/2024(H5N1)	70	282
NA|PP755591.1|A/cattle/Texas/24-008749-003/2024(H5N1)	71	282
NA|PP755591.1|A/cattle/Texas/24-008749-003/2024(H5N1)	72	287
NA|PP755591.1|A/cattle/Texas/24-008749-003/2024(H5N1)	73	528
NA|PP755591.1|A/cattle/Texas/24-008749-003/2024(H5N1)	74	531
NA|PP755591.1|A/cattle/Texas/24-008749-003/2024(H5N1)	75	536
NA|PP755591.1|A/cattle/Texas/24-008749-003/2024(H5N1)	76	537
NA|PP755591.1|A/cattle/Texas/24-008749-003/2024(H5N1)	77	538
NA|PP755591.1|A/cattle/Texas/24-008749-003/2024(H5N1)	78	538
NA|PP755591.1|A/cattle/Texas/24-008749-003/2024(H5N1)	79	596
NA|PP755591.1|A/cattle/Texas/24-008749-003/2024(H5N1)	80	598
NA|PP755591.1|A/cattle/Texas/24-008749-003/2024(H5N1)	81	598
NA|PP755591.1|A/cattle/Texas/24-008749-003/2024(H5N1)	82	600
NA|PP755591.1|A/cattle/Texas/24-008749-003/2024(H5N1)	83	603
NA|PP755591.1|A/cattle/Texas/24-008749-003/2024(H5N1)	84	611
NA|PP755591.1|A/cattle/Texas/24-008749-003/2024(H5N1)	85	611
NA|PP755591.1|A/cattle/Texas/24-008749-003/2024(H5N1)	86	611
NA|PP755591.1|A/cattle/Texas/24-008749-003/2024(H5N1)	87	615
NA|PP755591.1|A/cattle/Texas/24-008749-003/2024(H5N1)	88	615
NA|PP755591.1|A/cattle/Texas/24-008749-003/2024(H5N1)	89	624
NA|PP755591.1|A/cattle/Texas/24-008749-003/2024(H5N1)	90	624
NA|PP755591.1|A/cattle/Texas/24-008749-003/2024(H5N1)	91	624
NA|PP755591.1|A/cattle/Texas/24-008749-003/2024(H5N1)	92	637
NA|PP755591.1|A/cattle/Texas/24-008749-003/2024(H5N1)	93	636
NA|PP755591.1|A/cattle/Texas/24-008749-003/2024(H5N1)	94	636
NA|PP755591.1|A/cattle/Texas/24-008749-003/2024(H5N1)	95	636
NA|PP755591.1|A/cattle/Texas/24-008749-003/2024(H5N1)	96	636
NA|PP755591.1|A/cattle/Texas/24-008749-003/2024(H5N1)	97	636
NA|PP755591.1|A/cattle/Texas/24-008749-003/2024(H5N1)	98	636
NA|PP755591.1|A/cattle/Texas/24-008749-003/2024(H5N1)	99	636
NA|PP755591.1|A/cattle/Texas/24-008749-003/2024(H5N1)	100	636
NA|PP755591.1|A/cattle/Texas/24-008749-003/2024(H5N1)	101	632
NA|PP755591.1|A/cattle/Texas/24-008749-003/2024(H5N1)	102	631
NA|PP755591.1|A/cattle/Texas/24-008749-003/2024(H5N1)	103	631
NA|PP755591.1|A/cattle/Texas/24-008749-003/2024(H5N1)	104	631
NA|PP755591.1|A/cattle/Texas/24-008749-003/2024(H5N1)	105	626
NA|PP755591.1|A/cattle/Texas/24-008749-003/2024(H5N1)	106	626
NA|PP755591.1|A/cattle/Texas/24-008749-003/2024(H5N1)	107	622
NA|PP755591.1|A/cattle/Texas/24-008749-003/2024(H5N1)	108	614
NA|PP755591.1|A/cattle/Texas/24-008749-003/2024(H5N1)	109	614
NA|PP755591.1|A/cattle/Texas/24-008749-003/2024(H5N1)	110	614
NA|PP755591.1|A/cattle/Texas/24-008749-003/2024(H5N1)	111	609
NA|PP755591.1|A/cattle/Texas/24-008749-003/2024(H5N1)	112	606
NA|PP755591.1|A/cattle/Texas/24-008749-003/2024(H5N1)	113	606
NA|PP755591.1|A/cattle/Texas/24-008749-003/2024(H5N1)	114	598
NA|PP755591.1|A/cattle/Texas/24-008749-003/2024(H5N1)	115	598
NA|PP755591.1|A/cattle/Texas/24-008749-003/2024(H5N1)	116	598
NA|PP755591.1|A/cattle/Texas/24-008749-003/2024(H5N1)	117	598
NA|PP755591.1|A/cattle/Texas/24-008749-003/2024(H5N1)	118	598
NA|PP755591.1|A/cattle/Texas/24-008749-003/2024(H5N1)	119	598
NA|PP755591.1|A/cattle/Texas/24-008749-003/2024(H5N1)	120	272
NA|PP755591.1|A/cattle/Texas/24-008749-003/2024(H5N1)	121	272
NA|PP755591.1|A/cattle/Texas/24-008749-003/2024(H5N1)	122	272
NA|PP755591.1|A/cattle/Texas/24-008749-003/2024(H5N1)	123	272
NA|PP755591.1|A/cattle/Texas/24-008749-003/2024(H5N1)	124	272
NA|PP755591.1|A/cattle/Texas/24-008749-003/2024(H5N1)	125	272
NA|PP755591.1|A/cattle/Texas/24-008749-003/2024(H5N1)	126	272
NA|PP755591.1|A/cattle/Texas/24-008749-003/2024(H5N1)	127	272
NA|PP755591.1|A/cattle/Texas/24-008749-003/2024(H5N1)	128	272
NA|PP755591.1|A/cattle/Texas/24-008749-003/2024(H5N1)	129	272
NA|PP755591.1|A/cattle/Texas/24-008749-003/2024(H5N1)	130	272
NA|PP755591.1|A/cattle/Texas/24-008749-003/2024(H5N1)	131	272
NA|PP755591.1|A/cattle/Texas/24-008749-003/2024(H5N1)	132	272
NA|PP755591.1|A/cattle/Texas/24-008749-003/2024(H5N1)	133	272
NA|PP755591.1|A/cattle/Texas/24-008749-003/2024(H5N1)	134	272
NA|PP755591.1|A/cattle/Texas/24-008749-003/2024(H5N1)	135	272
NA|PP755591.1|A/cattle/Texas/24-008749-003/2024(H5N1)	136	272
NA|PP755591.1|A/cattle/Texas/24-008749-003/2024(H5N1)	137	272
NA|PP755591.1|A/cattle/Texas/24-008749-003/2024(H5N1)	138	272
NA|PP755591.1|A/cattle/Texas/24-008749-003/2024(H5N1)	139	272
NA|PP755591.1|A/cattle/Texas/24-008749-003/2024(H5N1)	140	272
NA|PP755591.1|A/cattle/Texas/24-008749-003/2024(H5N1)	141	272
NA|PP755591.1|A/cattle/Texas/24-008749-003/2024(H5N1)	142	272
NA|PP755591.1|A/cattle/Texas/24-008749-003/2024(H5N1)	143	358
NA|PP755591.1|A/cattle/Texas/24-008749-003/2024(H5N1)	144	359
NA|PP755591.1|A/cattle/Texas/24-008749-003/2024(H5N1)	145	359
NA|PP755591.1|A/cattle/Texas/24-008749-003/2024(H5N1)	146	359
NA|PP755591.1|A/cattle/Texas/24-008749-003/2024(H5N1)	147	360
NA|PP755591.1|A/cattle/Texas/24-008749-003/2024(H5N1)	148	360
NA|PP755591.1|A/cattle/Texas/24-008749-003/2024(H5N1)	149	360
NA|PP755591.1|A/cattle/Texas/24-008749-003/2024(H5N1)	150	360
NA|PP755591.1|A/cattle/Texas/24-008749-003/2024(H5N1)	151	360
NA|PP755591.1|A/cattle/Texas/24-008749-003/2024(H5N1)	152	360
NA|PP755591.1|A/cattle/Texas/24-008749-003/2024(H5N1)	153	360
NA|PP755591.1|A/cattle/Texas/24-008749-003/2024(H5N1)	154	360
NA|PP755591.1|A/cattle/Texas/24-008749-003/2024(H5N1)	155	360
NA|PP755591.1|A/cattle/Texas/24-008749-003/2024(H5N1)	156	355
NA|PP755591.1|A/cattle/Texas/24-008749-003/2024(H5N1)	157	355
NA|PP755591.1|A/cattle/Texas/24-008749-003/2024(H5N1)	158	437
NA|PP755591.1|A/cattle/Texas/24-008749-003/2024(H5N1)	159	437
NA|PP755591.1|A/cattle/Texas/24-008749-003/2024(H5N1)	160	437
NA|PP755591.1|A/cattle/Texas/24-008749-003/2024(H5N1)	161	437
NA|PP755591.1|A/cattle/Texas/24-008749-003/2024(H5N1)	162	437
NA|PP755591.1|A/cattle/Texas/24-008749-003/2024(H5N1)	163	437
NA|PP755591.1|A/cattle/Texas/24-008749-003/2024(H5N1)	164	437
NA|PP755591.1|A/cattle/Texas/24-008749-003/2024(H5N1)	165	437
NA|PP755591.1|A/cattle/Texas/24-008749-003/2024(H5N1)	166	431
NA|PP755591.1|A/cattle/Texas/24-008749-003/2024(H5N1)	167	431
NA|PP755591.1|A/cattle/Texas/24-008749-003/2024(H5N1)	168	408
NA|PP755591.1|A/cattle/Texas/24-008749-003/2024(H5N1)	169	408
NA|PP755591.1|A/cattle/Texas/24-008749-003/2024(H5N1)	170	408
NA|PP755591.1|A/cattle/Texas/24-008749-003/2024(H5N1)	171	408
NA|PP755591.1|A/cattle/Texas/24-008749-003/2024(H5N1)	172	408
NA|PP755591.1|A/cattle/Texas/24-008749-003/2024(H5N1)	173	408
NA|PP755591.1|A/cattle/Texas/24-008749-003/2024(H5N1)	174	408
NA|PP755591.1|A/cattle/Texas/24-008749-003/2024(H5N1)	175	408
NA|PP755591.1|A/cattle/Texas/24-008749-003/2024(H5N1)	176	402
NA|PP755591.1|A/cattle/Texas/24-008749-003/2024(H5N1)	177	394
NA|PP755591.1|A/cattle/Texas/24-008749-003/2024(H5N1)	178	394
NA|PP755591.1|A/cattle/Texas/24-008749-003/2024(H5N1)	179	394
NA|PP755591.1|A/cattle/Texas/24-008749-003/2024(H5N1)	180	394
NA|PP755591.1|A/cattle/Texas/24-008749-003/2024(H5N1)	181	394
NA|PP755591.1|A/cattle/Texas/24-008749-003/2024(H5N1)	182	394
NA|PP755591.1|A/cattle/Texas/24-008749-003/2024(H5N1)	183	394
NA|PP755591.1|A/cattle/Texas/24-008749-003/2024(H5N1)	184	394
NA|PP755591.1|A/cattle/Texas/24-008749-003/2024(H5N1)	185	394
NA|PP755591.1|A/cattle/Texas/24-008749-003/2024(H5N1)	186	392
NA|PP755591.1|A/cattle/Texas/24-008749-003/2024(H5N1)	187	392
NA|PP755591.1|A/cattle/Texas/24-008749-003/2024(H5N1)	188	392
NA|PP755591.1|A/cattle/Texas/24-008749-003/2024(H5N1)	189	392
NA|PP755591.1|A/cattle/Texas/24-008749-003/2024(H5N1)	190	392
NA|PP755591.1|A/cattle/Texas/24-008749-003/2024(H5N1)	191	392
NA|PP755591.1|A/cattle/Texas/24-008749-003/2024(H5N1)	192	379
NA|PP755591.1|A/cattle/Texas/24-008749-003/2024(H5N1)	193	379
NA|PP755591.1|A/cattle/Texas/24-008749-003/2024(H5N1)	194	379
NA|PP755591.1|A/cattle/Texas/24-008749-003/2024(H5N1)	195	378
NA|PP755591.1|A/cattle/Texas/24-008749-003/2024(H5N1)	196	377
NA|PP755591.1|A/cattle/Texas/24-008749-003/2024(H5N1)	197	368
NA|PP755591.1|A/cattle/Texas/24-008749-003/2024(H5N1)	198	365
NA|PP755591.1|A/cattle/Texas/24-008749-003/2024(H5N1)	199	365
NA|PP755591.1|A/cattle/Texas/24-008749-003/2024(H5N1)	200	365
NA|PP755591.1|A/cattle/Texas/24-008749-003/2024(H5N1)	201	358
NA|PP755591.1|A/cattle/Texas/24-008749-003/2024(H5N1)	202	354
NA|PP755591.1|A/cattle/Texas/24-008749-003/2024(H5N1)	203	347
NA|PP755591.1|A/cattle/Texas/24-008749-003/2024(H5N1)	204	342
NA|PP755591.1|A/cattle/Texas/24-008749-003/2024(H5N1)	205	338
NA|PP755591.1|A/cattle/Texas/24-008749-003/2024(H5N1)	206	337
NA|PP755591.1|A/cattle/Texas/24-008749-003/2024(H5N1)	207	317
NA|PP755591.1|A/cattle/Texas/24-008749-003/2024(H5N1)	208	313
NA|PP755591.1|A/cattle/Texas/24-008749-003/2024(H5N1)	209	313
NA|PP755591.1|A/cattle/Texas/24-008749-003/2024(H5N1)	210	313
NA|PP755591.1|A/cattle/Texas/24-008749-003/2024(H5N1)	211	307
NA|PP755591.1|A/cattle/Texas/24-008749-003/2024(H5N1)	212	298
NA|PP755591.1|A/cattle/Texas/24-008749-003/2024(H5N1)	213	286
NA|PP755591.1|A/cattle/Texas/24-008749-003/2024(H5N1)	214	286
NA|PP755591.1|A/cattle/Texas/24-008749-003/2024(H5N1)	215	285
NA|PP755591.1|A/cattle/Texas/24-008749-003/2024(H5N1)	216	281
NA|PP755591.1|A/cattle/Texas/24-008749-003/2024(H5N1)	217	278
NA|PP755591.1|A/cattle/Texas/24-008749-003/2024(H5N1)	218	272
NA|PP755591.1|A/cattle/Texas/24-008749-003/2024(H5N1)	219	272
NA|PP755591.1|A/cattle/Texas/24-008749-003/2024(H5N1)	220	272
NA|PP755591.1|A/cattle/Texas/24-008749-003/2024(H5N1)	221	266
NA|PP755591.1|A/cattle/Texas/24-008749-003/2024(H5N1)	222	7
NA|PP755591.1|A/cattle/Texas/24-008749-003/2024(H5N1)	223	1
NA|PP755591.1|A/cattle/Texas/24-008749-003/2024(H5N1)	224	1
NA|PP755591.1|A/cattle/Texas/24-008749-003/2024(H5N1)	225	1
NA|PP755591.1|A/cattle/Texas/24-008749-003/2024(H5N1)	226	1
NA|PP755591.1|A/cattle/Texas/24-008749-003/2024(H5N1)	227	1
NA|PP755591.1|A/cattle/Texas/24-008749-003/2024(H5N1)	228	1
NA|PP755591.1|A/cattle/Texas/24-008749-003/2024(H5N1)	229	1
NA|PP755591.1|A/cattle/Texas/24-008749-003/2024(H5N1)	230	0
NA|PP755591.1|A/cattle/Texas/24-008749-003/2024(H5N1)	231	0
NA|PP755591.1|A/cattle/Texas/24-008749-003/2024(H5N1)	232	0
NA|PP755591.1|A/cattle/Texas/24-008749-003/2024(H5N1)	233	0
NA|PP755591.1|A/cattle/Texas/24-008749-003/2024(H5N1)	234	0
NA|PP755591.1|A/cattle/Texas/24-008749-003/2024(H5N1)	235	0
NA|PP755591.1|A/cattle/Texas/24-008749-003/2024(H5N1)	236	0
NA|PP755591.1|A/cattle/Texas/24-008749-003/2024(H5N1)	237	0
NA|PP755591.1|A/cattle/Texas/24-008749-003/2024(H5N1)	238	0
NA|PP755591.1|A/cattle/Texas/24-008749-003/2024(H5N1)	239	0
NA|PP755591.1|A/cattle/Texas/24-008749-003/2024(H5N1)	240	0
NA|PP755591.1|A/cattle/Texas/24-008749-003/2024(H5N1)	241	0
NA|PP755591.1|A/cattle/Texas/24-008749-003/2024(H5N1)	242	0
NA|PP755591.1|A/cattle/Texas/24-008749-003/2024(H5N1)	243	0
NA|PP755591.1|A/cattle/Texas/24-008749-003/2024(H5N1)	244	0
NA|PP755591.1|A/cattle/Texas/24-008749-003/2024(H5N1)	245	0
NA|PP755591.1|A/cattle/Texas/24-008749-003/2024(H5N1)	246	0
NA|PP755591.1|A/cattle/Texas/24-008749-003/2024(H5N1)	247	0
NA|PP755591.1|A/cattle/Texas/24-008749-003/2024(H5N1)	248	0
NA|PP755591.1|A/cattle/Texas/24-008749-003/2024(H5N1)	249	0
NA|PP755591.1|A/cattle/Texas/24-008749-003/2024(H5N1)	250	0
NA|PP755591.1|A/cattle/Texas/24-008749-003/2024(H5N1)	251	0
NA|PP755591.1|A/cattle/Texas/24-008749-003/2024(H5N1)	252	0
NA|PP755591.1|A/cattle/Texas/24-008749-003/2024(H5N1)	253	0
NA|PP755591.1|A/cattle/Texas/24-008749-003/2024(H5N1)	254	0
NA|PP755591.1|A/cattle/Texas/24-008749-003/2024(H5N1)	255	0
NA|PP755591.1|A/cattle/Texas/24-008749-003/2024(H5N1)	256	0
NA|PP755591.1|A/cattle/Texas/24-008749-003/2024(H5N1)	257	0
NA|PP755591.1|A/cattle/Texas/24-008749-003/2024(H5N1)	258	0
NA|PP755591.1|A/cattle/Texas/24-008749-003/2024(H5N1)	259	0
NA|PP755591.1|A/cattle/Texas/24-008749-003/2024(H5N1)	260	0
NA|PP755591.1|A/cattle/Texas/24-008749-003/2024(H5N1)	261	0
NA|PP755591.1|A/cattle/Texas/24-008749-003/2024(H5N1)	262	0
NA|PP755591.1|A/cattle/Texas/24-008749-003/2024(H5N1)	263	0
NA|PP755591.1|A/cattle/Texas/24-008749-003/2024(H5N1)	264	0
NA|PP755591.1|A/cattle/Texas/24-008749-003/2024(H5N1)	265	0
NA|PP755591.1|A/cattle/Texas/24-008749-003/2024(H5N1)	266	0
NA|PP755591.1|A/cattle/Texas/24-008749-003/2024(H5N1)	267	0
NA|PP755591.1|A/cattle/Texas/24-008749-003/2024(H5N1)	268	0
NA|PP755591.1|A/cattle/Texas/24-008749-003/2024(H5N1)	269	0
NA|PP755591.1|A/cattle/Texas/24-008749-003/2024(H5N1)	270	0
NA|PP755591.1|A/cattle/Texas/24-008749-003/2024(H5N1)	271	0
NA|PP755591.1|A/cattle/Texas/24-008749-003/2024(H5N1)	272	0
NA|PP755591.1|A/cattle/Texas/24-008749-003/2024(H5N1)	273	0
NA|PP755591.1|A/cattle/Texas/24-008749-003/2024(H5N1)	274	0
NA|PP755591.1|A/cattle/Texas/24-008749-003/2024(H5N1)	275	0
NA|PP755591.1|A/cattle/Texas/24-008749-003/2024(H5N1)	276	0
NA|PP755591.1|A/cattle/Texas/24-008749-003/2024(H5N1)	277	0
NA|PP755591.1|A/cattle/Texas/24-008749-003/2024(H5N1)	278	0
NA|PP755591.1|A/cattle/Texas/24-008749-003/2024(H5N1)	279	0
NA|PP755591.1|A/cattle/Texas/24-008749-003/2024(H5N1)	280	0
NA|PP755591.1|A/cattle/Texas/24-008749-003/2024(H5N1)	281	0
NA|PP755591.1|A/cattle/Texas/24-008749-003/2024(H5N1)	282	0
NA|PP755591.1|A/cattle/Texas/24-008749-003/2024(H5N1)	283	1
NA|PP755591.1|A/cattle/Texas/24-008749-003/2024(H5N1)	284	1
NA|PP755591.1|A/cattle/Texas/24-008749-003/2024(H5N1)	285	1
NA|PP755591.1|A/cattle/Texas/24-008749-003/2024(H5N1)	286	1
NA|PP755591.1|A/cattle/Texas/24-008749-003/2024(H5N1)	287	1
NA|PP755591.1|A/cattle/Texas/24-008749-003/2024(H5N1)	288	1
NA|PP755591.1|A/cattle/Texas/24-008749-003/2024(H5N1)	289	1
NA|PP755591.1|A/cattle/Texas/24-008749-003/2024(H5N1)	290	1
NA|PP755591.1|A/cattle/Texas/24-008749-003/2024(H5N1)	291	1
NA|PP755591.1|A/cattle/Texas/24-008749-003/2024(H5N1)	292	1
NA|PP755591.1|A/cattle/Texas/24-008749-003/2024(H5N1)	293	1
NA|PP755591.1|A/cattle/Texas/24-008749-003/2024(H5N1)	294	1
NA|PP755591.1|A/cattle/Texas/24-008749-003/2024(H5N1)	295	1
NA|PP755591.1|A/cattle/Texas/24-008749-003/2024(H5N1)	296	1
NA|PP755591.1|A/cattle/Texas/24-008749-003/2024(H5N1)	297	1
NA|PP755591.1|A/cattle/Texas/24-008749-003/2024(H5N1)	298	1
NA|PP755591.1|A/cattle/Texas/24-008749-003/2024(H5N1)	299	1
NA|PP755591.1|A/cattle/Texas/24-008749-003/2024(H5N1)	300	1
NA|PP755591.1|A/cattle/Texas/24-008749-003/2024(H5N1)	301	1
NA|PP755591.1|A/cattle/Texas/24-008749-003/2024(H5N1)	302	1
NA|PP755591.1|A/cattle/Texas/24-008749-003/2024(H5N1)	303	1
NA|PP755591.1|A/cattle/Texas/24-008749-003/2024(H5N1)	304	1
NA|PP755591.1|A/cattle/Texas/24-008749-003/2024(H5N1)	305	1
NA|PP755591.1|A/cattle/Texas/24-008749-003/2024(H5N1)	306	1
NA|PP755591.1|A/cattle/Texas/24-008749-003/2024(H5N1)	307	1
NA|PP755591.1|A/cattle/Texas/24-008749-003/2024(H5N1)	308	1
NA|PP755591.1|A/cattle/Texas/24-008749-003/2024(H5N1)	309	1
NA|PP755591.1|A/cattle/Texas/24-008749-003/2024(H5N1)	310	1
NA|PP755591.1|A/cattle/Texas/24-008749-003/2024(H5N1)	311	1
NA|PP755591.1|A/cattle/Texas/24-008749-003/2024(H5N1)	312	1
NA|PP755591.1|A/cattle/Texas/24-008749-003/2024(H5N1)	313	1
NA|PP755591.1|A/cattle/Texas/24-008749-003/2024(H5N1)	314	1
NA|PP755591.1|A/cattle/Texas/24-008749-003/2024(H5N1)	315	1
NA|PP755591.1|A/cattle/Texas/24-008749-003/2024(H5N1)	316	1
NA|PP755591.1|A/cattle/Texas/24-008749-003/2024(H5N1)	317	1
NA|PP755591.1|A/cattle/Texas/24-008749-003/2024(H5N1)	318	1
NA|PP755591.1|A/cattle/Texas/24-008749-003/2024(H5N1)	319	1
NA|PP755591.1|A/cattle/Texas/24-008749-003/2024(H5N1)	320	1
NA|PP755591.1|A/cattle/Texas/24-008749-003/2024(H5N1)	321	0
NA|PP755591.1|A/cattle/Texas/24-008749-003/2024(H5N1)	322	0
NA|PP755591.1|A/cattle/Texas/24-008749-003/2024(H5N1)	323	0
NA|PP755591.1|A/cattle/Texas/24-008749-003/2024(H5N1)	324	0
NA|PP755591.1|A/cattle/Texas/24-008749-003/2024(H5N1)	325	0
NA|PP755591.1|A/cattle/Texas/24-008749-003/2024(H5N1)	326	0
NA|PP755591.1|A/cattle/Texas/24-008749-003/2024(H5N1)	327	0
NA|PP755591.1|A/cattle/Texas/24-008749-003/2024(H5N1)	328	0
NA|PP755591.1|A/cattle/Texas/24-008749-003/2024(H5N1)	329	0
NA|PP755591.1|A/cattle/Texas/24-008749-003/2024(H5N1)	330	0
NA|PP755591.1|A/cattle/Texas/24-008749-003/2024(H5N1)	331	0
NA|PP755591.1|A/cattle/Texas/24-008749-003/2024(H5N1)	332	0
NA|PP755591.1|A/cattle/Texas/24-008749-003/2024(H5N1)	333	0
NA|PP755591.1|A/cattle/Texas/24-008749-003/2024(H5N1)	334	0
NA|PP755591.1|A/cattle/Texas/24-008749-003/2024(H5N1)	335	0
NA|PP755591.1|A/cattle/Texas/24-008749-003/2024(H5N1)	336	0
NA|PP755591.1|A/cattle/Texas/24-008749-003/2024(H5N1)	337	0
NA|PP755591.1|A/cattle/Texas/24-008749-003/2024(H5N1)	338	0
NA|PP755591.1|A/cattle/Texas/24-008749-003/2024(H5N1)	339	0
NA|PP755591.1|A/cattle/Texas/24-008749-003/2024(H5N1)	340	0
NA|PP755591.1|A/cattle/Texas/24-008749-003/2024(H5N1)	341	0
NA|PP755591.1|A/cattle/Texas/24-008749-003/2024(H5N1)	342	0
NA|PP755591.1|A/cattle/Texas/24-008749-003/2024(H5N1)	343	0
NA|PP755591.1|A/cattle/Texas/24-008749-003/2024(H5N1)	344	0
NA|PP755591.1|A/cattle/Texas/24-008749-003/2024(H5N1)	345	0
NA|PP755591.1|A/cattle/Texas/24-008749-003/2024(H5N1)	346	0
NA|PP755591.1|A/cattle/Texas/24-008749-003/2024(H5N1)	347	0
NA|PP755591.1|A/cattle/Texas/24-008749-003/2024(H5N1)	348	0
NA|PP755591.1|A/cattle/Texas/24-008749-003/2024(H5N1)	349	0
NA|PP755591.1|A/cattle/Texas/24-008749-003/2024(H5N1)	350	0
NA|PP755591.1|A/cattle/Texas/24-008749-003/2024(H5N1)	351	0
NA|PP755591.1|A/cattle/Texas/24-008749-003/2024(H5N1)	352	0
NA|PP755591.1|A/cattle/Texas/24-008749-003/2024(H5N1)	353	0
NA|PP755591.1|A/cattle/Texas/24-008749-003/2024(H5N1)	354	0
NA|PP755591.1|A/cattle/Texas/24-008749-003/2024(H5N1)	355	0
NA|PP755591.1|A/cattle/Texas/24-008749-003/2024(H5N1)	356	0
NA|PP755591.1|A/cattle/Texas/24-008749-003/2024(H5N1)	357	0
NA|PP755591.1|A/cattle/Texas/24-008749-003/2024(H5N1)	358	0
NA|PP755591.1|A/cattle/Texas/24-008749-003/2024(H5N1)	359	0
NA|PP755591.1|A/cattle/Texas/24-008749-003/2024(H5N1)	360	0
NA|PP755591.1|A/cattle/Texas/24-008749-003/2024(H5N1)	361	0
NA|PP755591.1|A/cattle/Texas/24-008749-003/2024(H5N1)	362	0
NA|PP755591.1|A/cattle/Texas/24-008749-003/2024(H5N1)	363	0
NA|PP755591.1|A/cattle/Texas/24-008749-003/2024(H5N1)	364	0
NA|PP755591.1|A/cattle/Texas/24-008749-003/2024(H5N1)	365	0
NA|PP755591.1|A/cattle/Texas/24-008749-003/2024(H5N1)	366	0
NA|PP755591.1|A/cattle/Texas/24-008749-003/2024(H5N1)	367	274
NA|PP755591.1|A/cattle/Texas/24-008749-003/2024(H5N1)	368	277
NA|PP755591.1|A/cattle/Texas/24-008749-003/2024(H5N1)	369	278
NA|PP755591.1|A/cattle/Texas/24-008749-003/2024(H5N1)	370	280
NA|PP755591.1|A/cattle/Texas/24-008749-003/2024(H5N1)	371	280
NA|PP755591.1|A/cattle/Texas/24-008749-003/2024(H5N1)	372	281
NA|PP755591.1|A/cattle/Texas/24-008749-003/2024(H5N1)	373	281
NA|PP755591.1|A/cattle/Texas/24-008749-003/2024(H5N1)	374	281
NA|PP755591.1|A/cattle/Texas/24-008749-003/2024(H5N1)	375	281
NA|PP755591.1|A/cattle/Texas/24-008749-003/2024(H5N1)	376	338
NA|PP755591.1|A/cattle/Texas/24-008749-003/2024(H5N1)	377	340
NA|PP755591.1|A/cattle/Texas/24-008749-003/2024(H5N1)	378	342
NA|PP755591.1|A/cattle/Texas/24-008749-003/2024(H5N1)	379	342
NA|PP755591.1|A/cattle/Texas/24-008749-003/2024(H5N1)	380	342
NA|PP755591.1|A/cattle/Texas/24-008749-003/2024(H5N1)	381	342
NA|PP755591.1|A/cattle/Texas/24-008749-003/2024(H5N1)	382	342
NA|PP755591.1|A/cattle/Texas/24-008749-003/2024(H5N1)	383	342
NA|PP755591.1|A/cattle/Texas/24-008749-003/2024(H5N1)	384	342
NA|PP755591.1|A/cattle/Texas/24-008749-003/2024(H5N1)	385	342
NA|PP755591.1|A/cattle/Texas/24-008749-003/2024(H5N1)	386	342
NA|PP755591.1|A/cattle/Texas/24-008749-003/2024(H5N1)	387	342
NA|PP755591.1|A/cattle/Texas/24-008749-003/2024(H5N1)	388	342
NA|PP755591.1|A/cattle/Texas/24-008749-003/2024(H5N1)	389	342
NA|PP755591.1|A/cattle/Texas/24-008749-003/2024(H5N1)	390	342
NA|PP755591.1|A/cattle/Texas/24-008749-003/2024(H5N1)	391	342
NA|PP755591.1|A/cattle/Texas/24-008749-003/2024(H5N1)	392	342
NA|PP755591.1|A/cattle/Texas/24-008749-003/2024(H5N1)	393	342
NA|PP755591.1|A/cattle/Texas/24-008749-003/2024(H5N1)	394	342
NA|PP755591.1|A/cattle/Texas/24-008749-003/2024(H5N1)	395	342
NA|PP755591.1|A/cattle/Texas/24-008749-003/2024(H5N1)	396	339
NA|PP755591.1|A/cattle/Texas/24-008749-003/2024(H5N1)	397	339
NA|PP755591.1|A/cattle/Texas/24-008749-003/2024(H5N1)	398	334
NA|PP755591.1|A/cattle/Texas/24-008749-003/2024(H5N1)	399	169
NA|PP755591.1|A/cattle/Texas/24-008749-003/2024(H5N1)	400	169
NA|PP755591.1|A/cattle/Texas/24-008749-003/2024(H5N1)	401	169
NA|PP755591.1|A/cattle/Texas/24-008749-003/2024(H5N1)	402	168
NA|PP755591.1|A/cattle/Texas/24-008749-003/2024(H5N1)	403	168
NA|PP755591.1|A/cattle/Texas/24-008749-003/2024(H5N1)	404	168
NA|PP755591.1|A/cattle/Texas/24-008749-003/2024(H5N1)	405	168
NA|PP755591.1|A/cattle/Texas/24-008749-003/2024(H5N1)	406	168
NA|PP755591.1|A/cattle/Texas/24-008749-003/2024(H5N1)	407	168
NA|PP755591.1|A/cattle/Texas/24-008749-003/2024(H5N1)	408	168
NA|PP755591.1|A/cattle/Texas/24-008749-003/2024(H5N1)	409	168
NA|PP755591.1|A/cattle/Texas/24-008749-003/2024(H5N1)	410	168
NA|PP755591.1|A/cattle/Texas/24-008749-003/2024(H5N1)	411	168
NA|PP755591.1|A/cattle/Texas/24-008749-003/2024(H5N1)	412	180
NA|PP755591.1|A/cattle/Texas/24-008749-003/2024(H5N1)	413	182
NA|PP755591.1|A/cattle/Texas/24-008749-003/2024(H5N1)	414	182
NA|PP755591.1|A/cattle/Texas/24-008749-003/2024(H5N1)	415	187
NA|PP755591.1|A/cattle/Texas/24-008749-003/2024(H5N1)	416	187
NA|PP755591.1|A/cattle/Texas/24-008749-003/2024(H5N1)	417	255
NA|PP755591.1|A/cattle/Texas/24-008749-003/2024(H5N1)	418	276
NA|PP755591.1|A/cattle/Texas/24-008749-003/2024(H5N1)	419	381
NA|PP755591.1|A/cattle/Texas/24-008749-003/2024(H5N1)	420	381
NA|PP755591.1|A/cattle/Texas/24-008749-003/2024(H5N1)	421	382
NA|PP755591.1|A/cattle/Texas/24-008749-003/2024(H5N1)	422	387
NA|PP755591.1|A/cattle/Texas/24-008749-003/2024(H5N1)	423	391
NA|PP755591.1|A/cattle/Texas/24-008749-003/2024(H5N1)	424	394
NA|PP755591.1|A/cattle/Texas/24-008749-003/2024(H5N1)	425	394
NA|PP755591.1|A/cattle/Texas/24-008749-003/2024(H5N1)	426	394
NA|PP755591.1|A/cattle/Texas/24-008749-003/2024(H5N1)	427	394
NA|PP755591.1|A/cattle/Texas/24-008749-003/2024(H5N1)	428	394
NA|PP755591.1|A/cattle/Texas/24-008749-003/2024(H5N1)	429	404
NA|PP755591.1|A/cattle/Texas/24-008749-003/2024(H5N1)	430	414
NA|PP755591.1|A/cattle/Texas/24-008749-003/2024(H5N1)	431	416
NA|PP755591.1|A/cattle/Texas/24-008749-003/2024(H5N1)	432	425
NA|PP755591.1|A/cattle/Texas/24-008749-003/2024(H5N1)	433	429
NA|PP755591.1|A/cattle/Texas/24-008749-003/2024(H5N1)	434	431
NA|PP755591.1|A/cattle/Texas/24-008749-003/2024(H5N1)	435	435
NA|PP755591.1|A/cattle/Texas/24-008749-003/2024(H5N1)	436	436
NA|PP755591.1|A/cattle/Texas/24-008749-003/2024(H5N1)	437	447
NA|PP755591.1|A/cattle/Texas/24-008749-003/2024(H5N1)	438	448
NA|PP755591.1|A/cattle/Texas/24-008749-003/2024(H5N1)	439	448
NA|PP755591.1|A/cattle/Texas/24-008749-003/2024(H5N1)	440	448
NA|PP755591.1|A/cattle/Texas/24-008749-003/2024(H5N1)	441	447
NA|PP755591.1|A/cattle/Texas/24-008749-003/2024(H5N1)	442	462
NA|PP755591.1|A/cattle/Texas/24-008749-003/2024(H5N1)	443	470
NA|PP755591.1|A/cattle/Texas/24-008749-003/2024(H5N1)	444	470
NA|PP755591.1|A/cattle/Texas/24-008749-003/2024(H5N1)	445	535
NA|PP755591.1|A/cattle/Texas/24-008749-003/2024(H5N1)	446	535
NA|PP755591.1|A/cattle/Texas/24-008749-003/2024(H5N1)	447	545
NA|PP755591.1|A/cattle/Texas/24-008749-003/2024(H5N1)	448	545
NA|PP755591.1|A/cattle/Texas/24-008749-003/2024(H5N1)	449	545
NA|PP755591.1|A/cattle/Texas/24-008749-003/2024(H5N1)	450	545
NA|PP755591.1|A/cattle/Texas/24-008749-003/2024(H5N1)	451	545
NA|PP755591.1|A/cattle/Texas/24-008749-003/2024(H5N1)	452	551
NA|PP755591.1|A/cattle/Texas/24-008749-003/2024(H5N1)	453	557
NA|PP755591.1|A/cattle/Texas/24-008749-003/2024(H5N1)	454	574
NA|PP755591.1|A/cattle/Texas/24-008749-003/2024(H5N1)	455	575
NA|PP755591.1|A/cattle/Texas/24-008749-003/2024(H5N1)	456	613
NA|PP755591.1|A/cattle/Texas/24-008749-003/2024(H5N1)	457	615
NA|PP755591.1|A/cattle/Texas/24-008749-003/2024(H5N1)	458	618
NA|PP755591.1|A/cattle/Texas/24-008749-003/2024(H5N1)	459	680
NA|PP755591.1|A/cattle/Texas/24-008749-003/2024(H5N1)	460	683
NA|PP755591.1|A/cattle/Texas/24-008749-003/2024(H5N1)	461	689
NA|PP755591.1|A/cattle/Texas/24-008749-003/2024(H5N1)	462	699
NA|PP755591.1|A/cattle/Texas/24-008749-003/2024(H5N1)	463	700
NA|PP755591.1|A/cattle/Texas/24-008749-003/2024(H5N1)	464	712
NA|PP755591.1|A/cattle/Texas/24-008749-003/2024(H5N1)	465	703
NA|PP755591.1|A/cattle/Texas/24-008749-003/2024(H5N1)	466	702
NA|PP755591.1|A/cattle/Texas/24-008749-003/2024(H5N1)	467	701
NA|PP755591.1|A/cattle/Texas/24-008749-003/2024(H5N1)	468	690
NA|PP755591.1|A/cattle/Texas/24-008749-003/2024(H5N1)	469	688
NA|PP755591.1|A/cattle/Texas/24-008749-003/2024(H5N1)	470	681
NA|PP755591.1|A/cattle/Texas/24-008749-003/2024(H5N1)	471	609
NA|PP755591.1|A/cattle/Texas/24-008749-003/2024(H5N1)	472	609
NA|PP755591.1|A/cattle/Texas/24-008749-003/2024(H5N1)	473	609
NA|PP755591.1|A/cattle/Texas/24-008749-003/2024(H5N1)	474	611
NA|PP755591.1|A/cattle/Texas/24-008749-003/2024(H5N1)	475	611
NA|PP755591.1|A/cattle/Texas/24-008749-003/2024(H5N1)	476	611
NA|PP755591.1|A/cattle/Texas/24-008749-003/2024(H5N1)	477	611
NA|PP755591.1|A/cattle/Texas/24-008749-003/2024(H5N1)	478	611
NA|PP755591.1|A/cattle/Texas/24-008749-003/2024(H5N1)	479	611
NA|PP755591.1|A/cattle/Texas/24-008749-003/2024(H5N1)	480	611
NA|PP755591.1|A/cattle/Texas/24-008749-003/2024(H5N1)	481	611
NA|PP755591.1|A/cattle/Texas/24-008749-003/2024(H5N1)	482	611
NA|PP755591.1|A/cattle/Texas/24-008749-003/2024(H5N1)	483	611
NA|PP755591.1|A/cattle/Texas/24-008749-003/2024(H5N1)	484	611
NA|PP755591.1|A/cattle/Texas/24-008749-003/2024(H5N1)	485	611
NA|PP755591.1|A/cattle/Texas/24-008749-003/2024(H5N1)	486	611
NA|PP755591.1|A/cattle/Texas/24-008749-003/2024(H5N1)	487	619
NA|PP755591.1|A/cattle/Texas/24-008749-003/2024(H5N1)	488	635
NA|PP755591.1|A/cattle/Texas/24-008749-003/2024(H5N1)	489	635
NA|PP755591.1|A/cattle/Texas/24-008749-003/2024(H5N1)	490	788
NA|PP755591.1|A/cattle/Texas/24-008749-003/2024(H5N1)	491	800
NA|PP755591.1|A/cattle/Texas/24-008749-003/2024(H5N1)	492	803
NA|PP755591.1|A/cattle/Texas/24-008749-003/2024(H5N1)	493	820
NA|PP755591.1|A/cattle/Texas/24-008749-003/2024(H5N1)	494	827
NA|PP755591.1|A/cattle/Texas/24-008749-003/2024(H5N1)	495	832
NA|PP755591.1|A/cattle/Texas/24-008749-003/2024(H5N1)	496	858
NA|PP755591.1|A/cattle/Texas/24-008749-003/2024(H5N1)	497	874
NA|PP755591.1|A/cattle/Texas/24-008749-003/2024(H5N1)	498	877
NA|PP755591.1|A/cattle/Texas/24-008749-003/2024(H5N1)	499	886
NA|PP755591.1|A/cattle/Texas/24-008749-003/2024(H5N1)	500	886
NA|PP755591.1|A/cattle/Texas/24-008749-003/2024(H5N1)	501	894
NA|PP755591.1|A/cattle/Texas/24-008749-003/2024(H5N1)	502	921
NA|PP755591.1|A/cattle/Texas/24-008749-003/2024(H5N1)	503	922
NA|PP755591.1|A/cattle/Texas/24-008749-003/2024(H5N1)	504	922
NA|PP755591.1|A/cattle/Texas/24-008749-003/2024(H5N1)	505	955
NA|PP755591.1|A/cattle/Texas/24-008749-003/2024(H5N1)	506	957
NA|PP755591.1|A/cattle/Texas/24-008749-003/2024(H5N1)	507	969
NA|PP755591.1|A/cattle/Texas/24-008749-003/2024(H5N1)	508	1020
NA|PP755591.1|A/cattle/Texas/24-008749-003/2024(H5N1)	509	1034
NA|PP755591.1|A/cattle/Texas/24-008749-003/2024(H5N1)	510	1037
NA|PP755591.1|A/cattle/Texas/24-008749-003/2024(H5N1)	511	1040
NA|PP755591.1|A/cattle/Texas/24-008749-003/2024(H5N1)	512	1056
NA|PP755591.1|A/cattle/Texas/24-008749-003/2024(H5N1)	513	1059
NA|PP755591.1|A/cattle/Texas/24-008749-003/2024(H5N1)	514	1059
NA|PP755591.1|A/cattle/Texas/24-008749-003/2024(H5N1)	515	1060
NA|PP755591.1|A/cattle/Texas/24-008749-003/2024(H5N1)	516	1060
NA|PP755591.1|A/cattle/Texas/24-008749-003/2024(H5N1)	517	1066
NA|PP755591.1|A/cattle/Texas/24-008749-003/2024(H5N1)	518	1068
NA|PP755591.1|A/cattle/Texas/24-008749-003/2024(H5N1)	519	1078
NA|PP755591.1|A/cattle/Texas/24-008749-003/2024(H5N1)	520	1121
NA|PP755591.1|A/cattle/Texas/24-008749-003/2024(H5N1)	521	1121
NA|PP755591.1|A/cattle/Texas/24-008749-003/2024(H5N1)	522	1126
NA|PP755591.1|A/cattle/Texas/24-008749-003/2024(H5N1)	523	1126
NA|PP755591.1|A/cattle/Texas/24-008749-003/2024(H5N1)	524	1129
NA|PP755591.1|A/cattle/Texas/24-008749-003/2024(H5N1)	525	1128
NA|PP755591.1|A/cattle/Texas/24-008749-003/2024(H5N1)	526	1138
NA|PP755591.1|A/cattle/Texas/24-008749-003/2024(H5N1)	527	1109
NA|PP755591.1|A/cattle/Texas/24-008749-003/2024(H5N1)	528	1107
NA|PP755591.1|A/cattle/Texas/24-008749-003/2024(H5N1)	529	1115
NA|PP755591.1|A/cattle/Texas/24-008749-003/2024(H5N1)	530	1115
NA|PP755591.1|A/cattle/Texas/24-008749-003/2024(H5N1)	531	1120
NA|PP755591.1|A/cattle/Texas/24-008749-003/2024(H5N1)	532	1123
NA|PP755591.1|A/cattle/Texas/24-008749-003/2024(H5N1)	533	1142
NA|PP755591.1|A/cattle/Texas/24-008749-003/2024(H5N1)	534	1157
NA|PP755591.1|A/cattle/Texas/24-008749-003/2024(H5N1)	535	1158
NA|PP755591.1|A/cattle/Texas/24-008749-003/2024(H5N1)	536	1161
NA|PP755591.1|A/cattle/Texas/24-008749-003/2024(H5N1)	537	1179
NA|PP755591.1|A/cattle/Texas/24-008749-003/2024(H5N1)	538	1179
NA|PP755591.1|A/cattle/Texas/24-008749-003/2024(H5N1)	539	1185
NA|PP755591.1|A/cattle/Texas/24-008749-003/2024(H5N1)	540	1183
NA|PP755591.1|A/cattle/Texas/24-008749-003/2024(H5N1)	541	1195
NA|PP755591.1|A/cattle/Texas/24-008749-003/2024(H5N1)	542	1244
NA|PP755591.1|A/cattle/Texas/24-008749-003/2024(H5N1)	543	1244
NA|PP755591.1|A/cattle/Texas/24-008749-003/2024(H5N1)	544	1245
NA|PP755591.1|A/cattle/Texas/24-008749-003/2024(H5N1)	545	1263
NA|PP755591.1|A/cattle/Texas/24-008749-003/2024(H5N1)	546	1260
NA|PP755591.1|A/cattle/Texas/24-008749-003/2024(H5N1)	547	1261
NA|PP755591.1|A/cattle/Texas/24-008749-003/2024(H5N1)	548	1255
NA|PP755591.1|A/cattle/Texas/24-008749-003/2024(H5N1)	549	1252
NA|PP755591.1|A/cattle/Texas/24-008749-003/2024(H5N1)	550	1245
NA|PP755591.1|A/cattle/Texas/24-008749-003/2024(H5N1)	551	1246
NA|PP755591.1|A/cattle/Texas/24-008749-003/2024(H5N1)	552	1252
NA|PP755591.1|A/cattle/Texas/24-008749-003/2024(H5N1)	553	1243
NA|PP755591.1|A/cattle/Texas/24-008749-003/2024(H5N1)	554	1237
NA|PP755591.1|A/cattle/Texas/24-008749-003/2024(H5N1)	555	1230
NA|PP755591.1|A/cattle/Texas/24-008749-003/2024(H5N1)	556	1228
NA|PP755591.1|A/cattle/Texas/24-008749-003/2024(H5N1)	557	1234
NA|PP755591.1|A/cattle/Texas/24-008749-003/2024(H5N1)	558	1236
NA|PP755591.1|A/cattle/Texas/24-008749-003/2024(H5N1)	559	1248
NA|PP755591.1|A/cattle/Texas/24-008749-003/2024(H5N1)	560	1240
NA|PP755591.1|A/cattle/Texas/24-008749-003/2024(H5N1)	561	1236
NA|PP755591.1|A/cattle/Texas/24-008749-003/2024(H5N1)	562	1236
NA|PP755591.1|A/cattle/Texas/24-008749-003/2024(H5N1)	563	1225
NA|PP755591.1|A/cattle/Texas/24-008749-003/2024(H5N1)	564	1220
NA|PP755591.1|A/cattle/Texas/24-008749-003/2024(H5N1)	565	1230
NA|PP755591.1|A/cattle/Texas/24-008749-003/2024(H5N1)	566	1226
NA|PP755591.1|A/cattle/Texas/24-008749-003/2024(H5N1)	567	1230
NA|PP755591.1|A/cattle/Texas/24-008749-003/2024(H5N1)	568	1146
NA|PP755591.1|A/cattle/Texas/24-008749-003/2024(H5N1)	569	1140
NA|PP755591.1|A/cattle/Texas/24-008749-003/2024(H5N1)	570	1136
NA|PP755591.1|A/cattle/Texas/24-008749-003/2024(H5N1)	571	1142
NA|PP755591.1|A/cattle/Texas/24-008749-003/2024(H5N1)	572	1143
NA|PP755591.1|A/cattle/Texas/24-008749-003/2024(H5N1)	573	1137
NA|PP755591.1|A/cattle/Texas/24-008749-003/2024(H5N1)	574	1134
NA|PP755591.1|A/cattle/Texas/24-008749-003/2024(H5N1)	575	1128
NA|PP755591.1|A/cattle/Texas/24-008749-003/2024(H5N1)	576	1126
NA|PP755591.1|A/cattle/Texas/24-008749-003/2024(H5N1)	577	1126
NA|PP755591.1|A/cattle/Texas/24-008749-003/2024(H5N1)	578	1124
NA|PP755591.1|A/cattle/Texas/24-008749-003/2024(H5N1)	579	1120
NA|PP755591.1|A/cattle/Texas/24-008749-003/2024(H5N1)	580	1143
NA|PP755591.1|A/cattle/Texas/24-008749-003/2024(H5N1)	581	1142
NA|PP755591.1|A/cattle/Texas/24-008749-003/2024(H5N1)	582	1142
NA|PP755591.1|A/cattle/Texas/24-008749-003/2024(H5N1)	583	1135
NA|PP755591.1|A/cattle/Texas/24-008749-003/2024(H5N1)	584	1130
NA|PP755591.1|A/cattle/Texas/24-008749-003/2024(H5N1)	585	1130
NA|PP755591.1|A/cattle/Texas/24-008749-003/2024(H5N1)	586	1160
NA|PP755591.1|A/cattle/Texas/24-008749-003/2024(H5N1)	587	1158
NA|PP755591.1|A/cattle/Texas/24-008749-003/2024(H5N1)	588	1146
NA|PP755591.1|A/cattle/Texas/24-008749-003/2024(H5N1)	589	1145
NA|PP755591.1|A/cattle/Texas/24-008749-003/2024(H5N1)	590	1141
NA|PP755591.1|A/cattle/Texas/24-008749-003/2024(H5N1)	591	1140
NA|PP755591.1|A/cattle/Texas/24-008749-003/2024(H5N1)	592	1151
NA|PP755591.1|A/cattle/Texas/24-008749-003/2024(H5N1)	593	1130
NA|PP755591.1|A/cattle/Texas/24-008749-003/2024(H5N1)	594	1130
NA|PP755591.1|A/cattle/Texas/24-008749-003/2024(H5N1)	595	1133
NA|PP755591.1|A/cattle/Texas/24-008749-003/2024(H5N1)	596	1090
NA|PP755591.1|A/cattle/Texas/24-008749-003/2024(H5N1)	597	1090
NA|PP755591.1|A/cattle/Texas/24-008749-003/2024(H5N1)	598	1076
NA|PP755591.1|A/cattle/Texas/24-008749-003/2024(H5N1)	599	1074
NA|PP755591.1|A/cattle/Texas/24-008749-003/2024(H5N1)	600	1073
NA|PP755591.1|A/cattle/Texas/24-008749-003/2024(H5N1)	601	1071
NA|PP755591.1|A/cattle/Texas/24-008749-003/2024(H5N1)	602	1070
NA|PP755591.1|A/cattle/Texas/24-008749-003/2024(H5N1)	603	1050
NA|PP755591.1|A/cattle/Texas/24-008749-003/2024(H5N1)	604	1045
NA|PP755591.1|A/cattle/Texas/24-008749-003/2024(H5N1)	605	1037
NA|PP755591.1|A/cattle/Texas/24-008749-003/2024(H5N1)	606	1016
NA|PP755591.1|A/cattle/Texas/24-008749-003/2024(H5N1)	607	1088
NA|PP755591.1|A/cattle/Texas/24-008749-003/2024(H5N1)	608	1091
NA|PP755591.1|A/cattle/Texas/24-008749-003/2024(H5N1)	609	1090
NA|PP755591.1|A/cattle/Texas/24-008749-003/2024(H5N1)	610	1039
NA|PP755591.1|A/cattle/Texas/24-008749-003/2024(H5N1)	611	1011
NA|PP755591.1|A/cattle/Texas/24-008749-003/2024(H5N1)	612	1007
NA|PP755591.1|A/cattle/Texas/24-008749-003/2024(H5N1)	613	1017
NA|PP755591.1|A/cattle/Texas/24-008749-003/2024(H5N1)	614	1021
NA|PP755591.1|A/cattle/Texas/24-008749-003/2024(H5N1)	615	1024
NA|PP755591.1|A/cattle/Texas/24-008749-003/2024(H5N1)	616	1030
NA|PP755591.1|A/cattle/Texas/24-008749-003/2024(H5N1)	617	1024
NA|PP755591.1|A/cattle/Texas/24-008749-003/2024(H5N1)	618	1014
NA|PP755591.1|A/cattle/Texas/24-008749-003/2024(H5N1)	619	1013
NA|PP755591.1|A/cattle/Texas/24-008749-003/2024(H5N1)	620	999
NA|PP755591.1|A/cattle/Texas/24-008749-003/2024(H5N1)	621	999
NA|PP755591.1|A/cattle/Texas/24-008749-003/2024(H5N1)	622	995
NA|PP755591.1|A/cattle/Texas/24-008749-003/2024(H5N1)	623	977
NA|PP755591.1|A/cattle/Texas/24-008749-003/2024(H5N1)	624	980
NA|PP755591.1|A/cattle/Texas/24-008749-003/2024(H5N1)	625	974
NA|PP755591.1|A/cattle/Texas/24-008749-003/2024(H5N1)	626	975
NA|PP755591.1|A/cattle/Texas/24-008749-003/2024(H5N1)	627	964
NA|PP755591.1|A/cattle/Texas/24-008749-003/2024(H5N1)	628	952
NA|PP755591.1|A/cattle/Texas/24-008749-003/2024(H5N1)	629	962
NA|PP755591.1|A/cattle/Texas/24-008749-003/2024(H5N1)	630	957
NA|PP755591.1|A/cattle/Texas/24-008749-003/2024(H5N1)	631	956
NA|PP755591.1|A/cattle/Texas/24-008749-003/2024(H5N1)	632	967
NA|PP755591.1|A/cattle/Texas/24-008749-003/2024(H5N1)	633	939
NA|PP755591.1|A/cattle/Texas/24-008749-003/2024(H5N1)	634	940
NA|PP755591.1|A/cattle/Texas/24-008749-003/2024(H5N1)	635	940
NA|PP755591.1|A/cattle/Texas/24-008749-003/2024(H5N1)	636	934
NA|PP755591.1|A/cattle/Texas/24-008749-003/2024(H5N1)	637	933
NA|PP755591.1|A/cattle/Texas/24-008749-003/2024(H5N1)	638	920
NA|PP755591.1|A/cattle/Texas/24-008749-003/2024(H5N1)	639	907
NA|PP755591.1|A/cattle/Texas/24-008749-003/2024(H5N1)	640	916
NA|PP755591.1|A/cattle/Texas/24-008749-003/2024(H5N1)	641	920
NA|PP755591.1|A/cattle/Texas/24-008749-003/2024(H5N1)	642	914
NA|PP755591.1|A/cattle/Texas/24-008749-003/2024(H5N1)	643	911
NA|PP755591.1|A/cattle/Texas/24-008749-003/2024(H5N1)	644	887
NA|PP755591.1|A/cattle/Texas/24-008749-003/2024(H5N1)	645	883
NA|PP755591.1|A/cattle/Texas/24-008749-003/2024(H5N1)	646	883
NA|PP755591.1|A/cattle/Texas/24-008749-003/2024(H5N1)	647	864
NA|PP755591.1|A/cattle/Texas/24-008749-003/2024(H5N1)	648	850
NA|PP755591.1|A/cattle/Texas/24-008749-003/2024(H5N1)	649	886
NA|PP755591.1|A/cattle/Texas/24-008749-003/2024(H5N1)	650	877
NA|PP755591.1|A/cattle/Texas/24-008749-003/2024(H5N1)	651	887
NA|PP755591.1|A/cattle/Texas/24-008749-003/2024(H5N1)	652	879
NA|PP755591.1|A/cattle/Texas/24-008749-003/2024(H5N1)	653	856
NA|PP755591.1|A/cattle/Texas/24-008749-003/2024(H5N1)	654	823
NA|PP755591.1|A/cattle/Texas/24-008749-003/2024(H5N1)	655	812
NA|PP755591.1|A/cattle/Texas/24-008749-003/2024(H5N1)	656	778
NA|PP755591.1|A/cattle/Texas/24-008749-003/2024(H5N1)	657	775
NA|PP755591.1|A/cattle/Texas/24-008749-003/2024(H5N1)	658	762
NA|PP755591.1|A/cattle/Texas/24-008749-003/2024(H5N1)	659	762
NA|PP755591.1|A/cattle/Texas/24-008749-003/2024(H5N1)	660	746
NA|PP755591.1|A/cattle/Texas/24-008749-003/2024(H5N1)	661	742
NA|PP755591.1|A/cattle/Texas/24-008749-003/2024(H5N1)	662	679
NA|PP755591.1|A/cattle/Texas/24-008749-003/2024(H5N1)	663	667
NA|PP755591.1|A/cattle/Texas/24-008749-003/2024(H5N1)	664	666
NA|PP755591.1|A/cattle/Texas/24-008749-003/2024(H5N1)	665	666
NA|PP755591.1|A/cattle/Texas/24-008749-003/2024(H5N1)	666	665
NA|PP755591.1|A/cattle/Texas/24-008749-003/2024(H5N1)	667	665
NA|PP755591.1|A/cattle/Texas/24-008749-003/2024(H5N1)	668	660
NA|PP755591.1|A/cattle/Texas/24-008749-003/2024(H5N1)	669	654
NA|PP755591.1|A/cattle/Texas/24-008749-003/2024(H5N1)	670	731
NA|PP755591.1|A/cattle/Texas/24-008749-003/2024(H5N1)	671	731
NA|PP755591.1|A/cattle/Texas/24-008749-003/2024(H5N1)	672	733
NA|PP755591.1|A/cattle/Texas/24-008749-003/2024(H5N1)	673	726
NA|PP755591.1|A/cattle/Texas/24-008749-003/2024(H5N1)	674	726
NA|PP755591.1|A/cattle/Texas/24-008749-003/2024(H5N1)	675	718
NA|PP755591.1|A/cattle/Texas/24-008749-003/2024(H5N1)	676	710
NA|PP755591.1|A/cattle/Texas/24-008749-003/2024(H5N1)	677	700
NA|PP755591.1|A/cattle/Texas/24-008749-003/2024(H5N1)	678	692
NA|PP755591.1|A/cattle/Texas/24-008749-003/2024(H5N1)	679	730
NA|PP755591.1|A/cattle/Texas/24-008749-003/2024(H5N1)	680	730
NA|PP755591.1|A/cattle/Texas/24-008749-003/2024(H5N1)	681	730
NA|PP755591.1|A/cattle/Texas/24-008749-003/2024(H5N1)	682	727
NA|PP755591.1|A/cattle/Texas/24-008749-003/2024(H5N1)	683	698
NA|PP755591.1|A/cattle/Texas/24-008749-003/2024(H5N1)	684	699
NA|PP755591.1|A/cattle/Texas/24-008749-003/2024(H5N1)	685	747
NA|PP755591.1|A/cattle/Texas/24-008749-003/2024(H5N1)	686	727
NA|PP755591.1|A/cattle/Texas/24-008749-003/2024(H5N1)	687	726
NA|PP755591.1|A/cattle/Texas/24-008749-003/2024(H5N1)	688	725
NA|PP755591.1|A/cattle/Texas/24-008749-003/2024(H5N1)	689	725
NA|PP755591.1|A/cattle/Texas/24-008749-003/2024(H5N1)	690	719
NA|PP755591.1|A/cattle/Texas/24-008749-003/2024(H5N1)	691	712
NA|PP755591.1|A/cattle/Texas/24-008749-003/2024(H5N1)	692	690
NA|PP755591.1|A/cattle/Texas/24-008749-003/2024(H5N1)	693	649
NA|PP755591.1|A/cattle/Texas/24-008749-003/2024(H5N1)	694	649
NA|PP755591.1|A/cattle/Texas/24-008749-003/2024(H5N1)	695	632
NA|PP755591.1|A/cattle/Texas/24-008749-003/2024(H5N1)	696	510
NA|PP755591.1|A/cattle/Texas/24-008749-003/2024(H5N1)	697	510
NA|PP755591.1|A/cattle/Texas/24-008749-003/2024(H5N1)	698	510
NA|PP755591.1|A/cattle/Texas/24-008749-003/2024(H5N1)	699	510
NA|PP755591.1|A/cattle/Texas/24-008749-003/2024(H5N1)	700	510
NA|PP755591.1|A/cattle/Texas/24-008749-003/2024(H5N1)	701	510
NA|PP755591.1|A/cattle/Texas/24-008749-003/2024(H5N1)	702	510
NA|PP755591.1|A/cattle/Texas/24-008749-003/2024(H5N1)	703	518
NA|PP755591.1|A/cattle/Texas/24-008749-003/2024(H5N1)	704	521
NA|PP755591.1|A/cattle/Texas/24-008749-003/2024(H5N1)	705	522
NA|PP755591.1|A/cattle/Texas/24-008749-003/2024(H5N1)	706	533
NA|PP755591.1|A/cattle/Texas/24-008749-003/2024(H5N1)	707	533
NA|PP755591.1|A/cattle/Texas/24-008749-003/2024(H5N1)	708	533
NA|PP755591.1|A/cattle/Texas/24-008749-003/2024(H5N1)	709	535
NA|PP755591.1|A/cattle/Texas/24-008749-003/2024(H5N1)	710	535
NA|PP755591.1|A/cattle/Texas/24-008749-003/2024(H5N1)	711	541
NA|PP755591.1|A/cattle/Texas/24-008749-003/2024(H5N1)	712	553
NA|PP755591.1|A/cattle/Texas/24-008749-003/2024(H5N1)	713	561
NA|PP755591.1|A/cattle/Texas/24-008749-003/2024(H5N1)	714	566
NA|PP755591.1|A/cattle/Texas/24-008749-003/2024(H5N1)	715	569
NA|PP755591.1|A/cattle/Texas/24-008749-003/2024(H5N1)	716	571
NA|PP755591.1|A/cattle/Texas/24-008749-003/2024(H5N1)	717	571
NA|PP755591.1|A/cattle/Texas/24-008749-003/2024(H5N1)	718	580
NA|PP755591.1|A/cattle/Texas/24-008749-003/2024(H5N1)	719	612
NA|PP755591.1|A/cattle/Texas/24-008749-003/2024(H5N1)	720	612
NA|PP755591.1|A/cattle/Texas/24-008749-003/2024(H5N1)	721	612
NA|PP755591.1|A/cattle/Texas/24-008749-003/2024(H5N1)	722	723
NA|PP755591.1|A/cattle/Texas/24-008749-003/2024(H5N1)	723	733
NA|PP755591.1|A/cattle/Texas/24-008749-003/2024(H5N1)	724	737
NA|PP755591.1|A/cattle/Texas/24-008749-003/2024(H5N1)	725	743
NA|PP755591.1|A/cattle/Texas/24-008749-003/2024(H5N1)	726	746
NA|PP755591.1|A/cattle/Texas/24-008749-003/2024(H5N1)	727	758
NA|PP755591.1|A/cattle/Texas/24-008749-003/2024(H5N1)	728	795
NA|PP755591.1|A/cattle/Texas/24-008749-003/2024(H5N1)	729	795
NA|PP755591.1|A/cattle/Texas/24-008749-003/2024(H5N1)	730	795
NA|PP755591.1|A/cattle/Texas/24-008749-003/2024(H5N1)	731	819
NA|PP755591.1|A/cattle/Texas/24-008749-003/2024(H5N1)	732	818
NA|PP755591.1|A/cattle/Texas/24-008749-003/2024(H5N1)	733	831
NA|PP755591.1|A/cattle/Texas/24-008749-003/2024(H5N1)	734	831
NA|PP755591.1|A/cattle/Texas/24-008749-003/2024(H5N1)	735	839
NA|PP755591.1|A/cattle/Texas/24-008749-003/2024(H5N1)	736	844
NA|PP755591.1|A/cattle/Texas/24-008749-003/2024(H5N1)	737	809
NA|PP755591.1|A/cattle/Texas/24-008749-003/2024(H5N1)	738	720
NA|PP755591.1|A/cattle/Texas/24-008749-003/2024(H5N1)	739	733
NA|PP755591.1|A/cattle/Texas/24-008749-003/2024(H5N1)	740	775
NA|PP755591.1|A/cattle/Texas/24-008749-003/2024(H5N1)	741	789
NA|PP755591.1|A/cattle/Texas/24-008749-003/2024(H5N1)	742	809
NA|PP755591.1|A/cattle/Texas/24-008749-003/2024(H5N1)	743	811
NA|PP755591.1|A/cattle/Texas/24-008749-003/2024(H5N1)	744	813
NA|PP755591.1|A/cattle/Texas/24-008749-003/2024(H5N1)	745	833
NA|PP755591.1|A/cattle/Texas/24-008749-003/2024(H5N1)	746	837
NA|PP755591.1|A/cattle/Texas/24-008749-003/2024(H5N1)	747	836
NA|PP755591.1|A/cattle/Texas/24-008749-003/2024(H5N1)	748	840
NA|PP755591.1|A/cattle/Texas/24-008749-003/2024(H5N1)	749	841
NA|PP755591.1|A/cattle/Texas/24-008749-003/2024(H5N1)	750	843
NA|PP755591.1|A/cattle/Texas/24-008749-003/2024(H5N1)	751	902
NA|PP755591.1|A/cattle/Texas/24-008749-003/2024(H5N1)	752	911
NA|PP755591.1|A/cattle/Texas/24-008749-003/2024(H5N1)	753	910
NA|PP755591.1|A/cattle/Texas/24-008749-003/2024(H5N1)	754	900
NA|PP755591.1|A/cattle/Texas/24-008749-003/2024(H5N1)	755	899
NA|PP755591.1|A/cattle/Texas/24-008749-003/2024(H5N1)	756	899
NA|PP755591.1|A/cattle/Texas/24-008749-003/2024(H5N1)	757	899
NA|PP755591.1|A/cattle/Texas/24-008749-003/2024(H5N1)	758	897
NA|PP755591.1|A/cattle/Texas/24-008749-003/2024(H5N1)	759	872
NA|PP755591.1|A/cattle/Texas/24-008749-003/2024(H5N1)	760	872
NA|PP755591.1|A/cattle/Texas/24-008749-003/2024(H5N1)	761	872
NA|PP755591.1|A/cattle/Texas/24-008749-003/2024(H5N1)	762	872
NA|PP755591.1|A/cattle/Texas/24-008749-003/2024(H5N1)	763	872
NA|PP755591.1|A/cattle/Texas/24-008749-003/2024(H5N1)	764	872
NA|PP755591.1|A/cattle/Texas/24-008749-003/2024(H5N1)	765	746
NA|PP755591.1|A/cattle/Texas/24-008749-003/2024(H5N1)	766	746
NA|PP755591.1|A/cattle/Texas/24-008749-003/2024(H5N1)	767	746
NA|PP755591.1|A/cattle/Texas/24-008749-003/2024(H5N1)	768	746
NA|PP755591.1|A/cattle/Texas/24-008749-003/2024(H5N1)	769	746
NA|PP755591.1|A/cattle/Texas/24-008749-003/2024(H5N1)	770	746
NA|PP755591.1|A/cattle/Texas/24-008749-003/2024(H5N1)	771	746
NA|PP755591.1|A/cattle/Texas/24-008749-003/2024(H5N1)	772	755
NA|PP755591.1|A/cattle/Texas/24-008749-003/2024(H5N1)	773	755
NA|PP755591.1|A/cattle/Texas/24-008749-003/2024(H5N1)	774	755
NA|PP755591.1|A/cattle/Texas/24-008749-003/2024(H5N1)	775	755
NA|PP755591.1|A/cattle/Texas/24-008749-003/2024(H5N1)	776	755
NA|PP755591.1|A/cattle/Texas/24-008749-003/2024(H5N1)	777	284
NA|PP755591.1|A/cattle/Texas/24-008749-003/2024(H5N1)	778	759
NA|PP755591.1|A/cattle/Texas/24-008749-003/2024(H5N1)	779	763
NA|PP755591.1|A/cattle/Texas/24-008749-003/2024(H5N1)	780	765
NA|PP755591.1|A/cattle/Texas/24-008749-003/2024(H5N1)	781	779
NA|PP755591.1|A/cattle/Texas/24-008749-003/2024(H5N1)	782	779
NA|PP755591.1|A/cattle/Texas/24-008749-003/2024(H5N1)	783	779
NA|PP755591.1|A/cattle/Texas/24-008749-003/2024(H5N1)	784	782
NA|PP755591.1|A/cattle/Texas/24-008749-003/2024(H5N1)	785	782
NA|PP755591.1|A/cattle/Texas/24-008749-003/2024(H5N1)	786	782
NA|PP755591.1|A/cattle/Texas/24-008749-003/2024(H5N1)	787	786
NA|PP755591.1|A/cattle/Texas/24-008749-003/2024(H5N1)	788	786
NA|PP755591.1|A/cattle/Texas/24-008749-003/2024(H5N1)	789	797
NA|PP755591.1|A/cattle/Texas/24-008749-003/2024(H5N1)	790	902
NA|PP755591.1|A/cattle/Texas/24-008749-003/2024(H5N1)	791	918
NA|PP755591.1|A/cattle/Texas/24-008749-003/2024(H5N1)	792	921
NA|PP755591.1|A/cattle/Texas/24-008749-003/2024(H5N1)	793	932
NA|PP755591.1|A/cattle/Texas/24-008749-003/2024(H5N1)	794	937
NA|PP755591.1|A/cattle/Texas/24-008749-003/2024(H5N1)	795	944
NA|PP755591.1|A/cattle/Texas/24-008749-003/2024(H5N1)	796	948
NA|PP755591.1|A/cattle/Texas/24-008749-003/2024(H5N1)	797	954
NA|PP755591.1|A/cattle/Texas/24-008749-003/2024(H5N1)	798	954
NA|PP755591.1|A/cattle/Texas/24-008749-003/2024(H5N1)	799	963
NA|PP755591.1|A/cattle/Texas/24-008749-003/2024(H5N1)	800	967
NA|PP755591.1|A/cattle/Texas/24-008749-003/2024(H5N1)	801	967
NA|PP755591.1|A/cattle/Texas/24-008749-003/2024(H5N1)	802	957
NA|PP755591.1|A/cattle/Texas/24-008749-003/2024(H5N1)	803	952
NA|PP755591.1|A/cattle/Texas/24-008749-003/2024(H5N1)	804	884
NA|PP755591.1|A/cattle/Texas/24-008749-003/2024(H5N1)	805	914
NA|PP755591.1|A/cattle/Texas/24-008749-003/2024(H5N1)	806	991
NA|PP755591.1|A/cattle/Texas/24-008749-003/2024(H5N1)	807	993
NA|PP755591.1|A/cattle/Texas/24-008749-003/2024(H5N1)	808	995
NA|PP755591.1|A/cattle/Texas/24-008749-003/2024(H5N1)	809	1000
NA|PP755591.1|A/cattle/Texas/24-008749-003/2024(H5N1)	810	1000
NA|PP755591.1|A/cattle/Texas/24-008749-003/2024(H5N1)	811	1002
NA|PP755591.1|A/cattle/Texas/24-008749-003/2024(H5N1)	812	1034
NA|PP755591.1|A/cattle/Texas/24-008749-003/2024(H5N1)	813	1034
NA|PP755591.1|A/cattle/Texas/24-008749-003/2024(H5N1)	814	1034
NA|PP755591.1|A/cattle/Texas/24-008749-003/2024(H5N1)	815	1041
NA|PP755591.1|A/cattle/Texas/24-008749-003/2024(H5N1)	816	1042
NA|PP755591.1|A/cattle/Texas/24-008749-003/2024(H5N1)	817	1059
NA|PP755591.1|A/cattle/Texas/24-008749-003/2024(H5N1)	818	1063
NA|PP755591.1|A/cattle/Texas/24-008749-003/2024(H5N1)	819	1065
NA|PP755591.1|A/cattle/Texas/24-008749-003/2024(H5N1)	820	1069
NA|PP755591.1|A/cattle/Texas/24-008749-003/2024(H5N1)	821	1060
NA|PP755591.1|A/cattle/Texas/24-008749-003/2024(H5N1)	822	1073
NA|PP755591.1|A/cattle/Texas/24-008749-003/2024(H5N1)	823	1073
NA|PP755591.1|A/cattle/Texas/24-008749-003/2024(H5N1)	824	1102
NA|PP755591.1|A/cattle/Texas/24-008749-003/2024(H5N1)	825	1102
NA|PP755591.1|A/cattle/Texas/24-008749-003/2024(H5N1)	826	1095
NA|PP755591.1|A/cattle/Texas/24-008749-003/2024(H5N1)	827	1102
NA|PP755591.1|A/cattle/Texas/24-008749-003/2024(H5N1)	828	1064
NA|PP755591.1|A/cattle/Texas/24-008749-003/2024(H5N1)	829	1069
NA|PP755591.1|A/cattle/Texas/24-008749-003/2024(H5N1)	830	1069
NA|PP755591.1|A/cattle/Texas/24-008749-003/2024(H5N1)	831	1075
NA|PP755591.1|A/cattle/Texas/24-008749-003/2024(H5N1)	832	1079
NA|PP755591.1|A/cattle/Texas/24-008749-003/2024(H5N1)	833	1083
NA|PP755591.1|A/cattle/Texas/24-008749-003/2024(H5N1)	834	1066
NA|PP755591.1|A/cattle/Texas/24-008749-003/2024(H5N1)	835	1069
NA|PP755591.1|A/cattle/Texas/24-008749-003/2024(H5N1)	836	1071
NA|PP755591.1|A/cattle/Texas/24-008749-003/2024(H5N1)	837	1071
NA|PP755591.1|A/cattle/Texas/24-008749-003/2024(H5N1)	838	1071
NA|PP755591.1|A/cattle/Texas/24-008749-003/2024(H5N1)	839	1071
NA|PP755591.1|A/cattle/Texas/24-008749-003/2024(H5N1)	840	1065
NA|PP755591.1|A/cattle/Texas/24-008749-003/2024(H5N1)	841	1063
NA|PP755591.1|A/cattle/Texas/24-008749-003/2024(H5N1)	842	1063
NA|PP755591.1|A/cattle/Texas/24-008749-003/2024(H5N1)	843	1053
NA|PP755591.1|A/cattle/Texas/24-008749-003/2024(H5N1)	844	1052
NA|PP755591.1|A/cattle/Texas/24-008749-003/2024(H5N1)	845	1052
NA|PP755591.1|A/cattle/Texas/24-008749-003/2024(H5N1)	846	1051
NA|PP755591.1|A/cattle/Texas/24-008749-003/2024(H5N1)	847	1048
NA|PP755591.1|A/cattle/Texas/24-008749-003/2024(H5N1)	848	1019
NA|PP755591.1|A/cattle/Texas/24-008749-003/2024(H5N1)	849	1009
NA|PP755591.1|A/cattle/Texas/24-008749-003/2024(H5N1)	850	1009
NA|PP755591.1|A/cattle/Texas/24-008749-003/2024(H5N1)	851	1007
NA|PP755591.1|A/cattle/Texas/24-008749-003/2024(H5N1)	852	1006
NA|PP755591.1|A/cattle/Texas/24-008749-003/2024(H5N1)	853	1005
NA|PP755591.1|A/cattle/Texas/24-008749-003/2024(H5N1)	854	994
NA|PP755591.1|A/cattle/Texas/24-008749-003/2024(H5N1)	855	19
NA|PP755591.1|A/cattle/Texas/24-008749-003/2024(H5N1)	856	19
NA|PP755591.1|A/cattle/Texas/24-008749-003/2024(H5N1)	857	19
NA|PP755591.1|A/cattle/Texas/24-008749-003/2024(H5N1)	858	19
NA|PP755591.1|A/cattle/Texas/24-008749-003/2024(H5N1)	859	19
NA|PP755591.1|A/cattle/Texas/24-008749-003/2024(H5N1)	860	19
NA|PP755591.1|A/cattle/Texas/24-008749-003/2024(H5N1)	861	19
NA|PP755591.1|A/cattle/Texas/24-008749-003/2024(H5N1)	862	19
NA|PP755591.1|A/cattle/Texas/24-008749-003/2024(H5N1)	863	19
NA|PP755591.1|A/cattle/Texas/24-008749-003/2024(H5N1)	864	19
NA|PP755591.1|A/cattle/Texas/24-008749-003/2024(H5N1)	865	144
NA|PP755591.1|A/cattle/Texas/24-008749-003/2024(H5N1)	866	144
NA|PP755591.1|A/cattle/Texas/24-008749-003/2024(H5N1)	867	146
NA|PP755591.1|A/cattle/Texas/24-008749-003/2024(H5N1)	868	148
NA|PP755591.1|A/cattle/Texas/24-008749-003/2024(H5N1)	869	148
NA|PP755591.1|A/cattle/Texas/24-008749-003/2024(H5N1)	870	148
NA|PP755591.1|A/cattle/Texas/24-008749-003/2024(H5N1)	871	148
NA|PP755591.1|A/cattle/Texas/24-008749-003/2024(H5N1)	872	148
NA|PP755591.1|A/cattle/Texas/24-008749-003/2024(H5N1)	873	148
NA|PP755591.1|A/cattle/Texas/24-008749-003/2024(H5N1)	874	148
NA|PP755591.1|A/cattle/Texas/24-008749-003/2024(H5N1)	875	148
NA|PP755591.1|A/cattle/Texas/24-008749-003/2024(H5N1)	876	148
NA|PP755591.1|A/cattle/Texas/24-008749-003/2024(H5N1)	877	148
NA|PP755591.1|A/cattle/Texas/24-008749-003/2024(H5N1)	878	148
NA|PP755591.1|A/cattle/Texas/24-008749-003/2024(H5N1)	879	148
NA|PP755591.1|A/cattle/Texas/24-008749-003/2024(H5N1)	880	148
NA|PP755591.1|A/cattle/Texas/24-008749-003/2024(H5N1)	881	148
NA|PP755591.1|A/cattle/Texas/24-008749-003/2024(H5N1)	882	148
NA|PP755591.1|A/cattle/Texas/24-008749-003/2024(H5N1)	883	148
NA|PP755591.1|A/cattle/Texas/24-008749-003/2024(H5N1)	884	148
NA|PP755591.1|A/cattle/Texas/24-008749-003/2024(H5N1)	885	148
NA|PP755591.1|A/cattle/Texas/24-008749-003/2024(H5N1)	886	152
NA|PP755591.1|A/cattle/Texas/24-008749-003/2024(H5N1)	887	155
NA|PP755591.1|A/cattle/Texas/24-008749-003/2024(H5N1)	888	157
NA|PP755591.1|A/cattle/Texas/24-008749-003/2024(H5N1)	889	157
NA|PP755591.1|A/cattle/Texas/24-008749-003/2024(H5N1)	890	157
NA|PP755591.1|A/cattle/Texas/24-008749-003/2024(H5N1)	891	157
NA|PP755591.1|A/cattle/Texas/24-008749-003/2024(H5N1)	892	157
NA|PP755591.1|A/cattle/Texas/24-008749-003/2024(H5N1)	893	157
NA|PP755591.1|A/cattle/Texas/24-008749-003/2024(H5N1)	894	157
NA|PP755591.1|A/cattle/Texas/24-008749-003/2024(H5N1)	895	157
NA|PP755591.1|A/cattle/Texas/24-008749-003/2024(H5N1)	896	157
NA|PP755591.1|A/cattle/Texas/24-008749-003/2024(H5N1)	897	157
NA|PP755591.1|A/cattle/Texas/24-008749-003/2024(H5N1)	898	157
NA|PP755591.1|A/cattle/Texas/24-008749-003/2024(H5N1)	899	157
NA|PP755591.1|A/cattle/Texas/24-008749-003/2024(H5N1)	900	157
NA|PP755591.1|A/cattle/Texas/24-008749-003/2024(H5N1)	901	157
NA|PP755591.1|A/cattle/Texas/24-008749-003/2024(H5N1)	902	157
NA|PP755591.1|A/cattle/Texas/24-008749-003/2024(H5N1)	903	157
NA|PP755591.1|A/cattle/Texas/24-008749-003/2024(H5N1)	904	157
NA|PP755591.1|A/cattle/Texas/24-008749-003/2024(H5N1)	905	157
NA|PP755591.1|A/cattle/Texas/24-008749-003/2024(H5N1)	906	157
NA|PP755591.1|A/cattle/Texas/24-008749-003/2024(H5N1)	907	174
NA|PP755591.1|A/cattle/Texas/24-008749-003/2024(H5N1)	908	177
NA|PP755591.1|A/cattle/Texas/24-008749-003/2024(H5N1)	909	177
NA|PP755591.1|A/cattle/Texas/24-008749-003/2024(H5N1)	910	177
NA|PP755591.1|A/cattle/Texas/24-008749-003/2024(H5N1)	911	177
NA|PP755591.1|A/cattle/Texas/24-008749-003/2024(H5N1)	912	177
NA|PP755591.1|A/cattle/Texas/24-008749-003/2024(H5N1)	913	181
NA|PP755591.1|A/cattle/Texas/24-008749-003/2024(H5N1)	914	181
NA|PP755591.1|A/cattle/Texas/24-008749-003/2024(H5N1)	915	181
NA|PP755591.1|A/cattle/Texas/24-008749-003/2024(H5N1)	916	181
NA|PP755591.1|A/cattle/Texas/24-008749-003/2024(H5N1)	917	213
NA|PP755591.1|A/cattle/Texas/24-008749-003/2024(H5N1)	918	213
NA|PP755591.1|A/cattle/Texas/24-008749-003/2024(H5N1)	919	498
NA|PP755591.1|A/cattle/Texas/24-008749-003/2024(H5N1)	920	507
NA|PP755591.1|A/cattle/Texas/24-008749-003/2024(H5N1)	921	507
NA|PP755591.1|A/cattle/Texas/24-008749-003/2024(H5N1)	922	507
NA|PP755591.1|A/cattle/Texas/24-008749-003/2024(H5N1)	923	507
NA|PP755591.1|A/cattle/Texas/24-008749-003/2024(H5N1)	924	510
NA|PP755591.1|A/cattle/Texas/24-008749-003/2024(H5N1)	925	519
NA|PP755591.1|A/cattle/Texas/24-008749-003/2024(H5N1)	926	529
NA|PP755591.1|A/cattle/Texas/24-008749-003/2024(H5N1)	927	529
NA|PP755591.1|A/cattle/Texas/24-008749-003/2024(H5N1)	928	531
NA|PP755591.1|A/cattle/Texas/24-008749-003/2024(H5N1)	929	531
NA|PP755591.1|A/cattle/Texas/24-008749-003/2024(H5N1)	930	531
NA|PP755591.1|A/cattle/Texas/24-008749-003/2024(H5N1)	931	532
NA|PP755591.1|A/cattle/Texas/24-008749-003/2024(H5N1)	932	536
NA|PP755591.1|A/cattle/Texas/24-008749-003/2024(H5N1)	933	547
NA|PP755591.1|A/cattle/Texas/24-008749-003/2024(H5N1)	934	548
NA|PP755591.1|A/cattle/Texas/24-008749-003/2024(H5N1)	935	575
NA|PP755591.1|A/cattle/Texas/24-008749-003/2024(H5N1)	936	575
NA|PP755591.1|A/cattle/Texas/24-008749-003/2024(H5N1)	937	585
NA|PP755591.1|A/cattle/Texas/24-008749-003/2024(H5N1)	938	590
NA|PP755591.1|A/cattle/Texas/24-008749-003/2024(H5N1)	939	590
NA|PP755591.1|A/cattle/Texas/24-008749-003/2024(H5N1)	940	590
NA|PP755591.1|A/cattle/Texas/24-008749-003/2024(H5N1)	941	590
NA|PP755591.1|A/cattle/Texas/24-008749-003/2024(H5N1)	942	590
NA|PP755591.1|A/cattle/Texas/24-008749-003/2024(H5N1)	943	590
NA|PP755591.1|A/cattle/Texas/24-008749-003/2024(H5N1)	944	590
NA|PP755591.1|A/cattle/Texas/24-008749-003/2024(H5N1)	945	587
NA|PP755591.1|A/cattle/Texas/24-008749-003/2024(H5N1)	946	587
NA|PP755591.1|A/cattle/Texas/24-008749-003/2024(H5N1)	947	587
NA|PP755591.1|A/cattle/Texas/24-008749-003/2024(H5N1)	948	586
NA|PP755591.1|A/cattle/Texas/24-008749-003/2024(H5N1)	949	586
NA|PP755591.1|A/cattle/Texas/24-008749-003/2024(H5N1)	950	586
NA|PP755591.1|A/cattle/Texas/24-008749-003/2024(H5N1)	951	586
NA|PP755591.1|A/cattle/Texas/24-008749-003/2024(H5N1)	952	586
NA|PP755591.1|A/cattle/Texas/24-008749-003/2024(H5N1)	953	583
NA|PP755591.1|A/cattle/Texas/24-008749-003/2024(H5N1)	954	582
NA|PP755591.1|A/cattle/Texas/24-008749-003/2024(H5N1)	955	582
NA|PP755591.1|A/cattle/Texas/24-008749-003/2024(H5N1)	956	582
NA|PP755591.1|A/cattle/Texas/24-008749-003/2024(H5N1)	957	524
NA|PP755591.1|A/cattle/Texas/24-008749-003/2024(H5N1)	958	524
NA|PP755591.1|A/cattle/Texas/24-008749-003/2024(H5N1)	959	524
NA|PP755591.1|A/cattle/Texas/24-008749-003/2024(H5N1)	960	523
NA|PP755591.1|A/cattle/Texas/24-008749-003/2024(H5N1)	961	523
NA|PP755591.1|A/cattle/Texas/24-008749-003/2024(H5N1)	962	535
NA|PP755591.1|A/cattle/Texas/24-008749-003/2024(H5N1)	963	535
NA|PP755591.1|A/cattle/Texas/24-008749-003/2024(H5N1)	964	535
NA|PP755591.1|A/cattle/Texas/24-008749-003/2024(H5N1)	965	535
NA|PP755591.1|A/cattle/Texas/24-008749-003/2024(H5N1)	966	535
NA|PP755591.1|A/cattle/Texas/24-008749-003/2024(H5N1)	967	535
NA|PP755591.1|A/cattle/Texas/24-008749-003/2024(H5N1)	968	558
NA|PP755591.1|A/cattle/Texas/24-008749-003/2024(H5N1)	969	558
NA|PP755591.1|A/cattle/Texas/24-008749-003/2024(H5N1)	970	559
NA|PP755591.1|A/cattle/Texas/24-008749-003/2024(H5N1)	971	562
NA|PP755591.1|A/cattle/Texas/24-008749-003/2024(H5N1)	972	568
NA|PP755591.1|A/cattle/Texas/24-008749-003/2024(H5N1)	973	568
NA|PP755591.1|A/cattle/Texas/24-008749-003/2024(H5N1)	974	568
NA|PP755591.1|A/cattle/Texas/24-008749-003/2024(H5N1)	975	568
NA|PP755591.1|A/cattle/Texas/24-008749-003/2024(H5N1)	976	570
NA|PP755591.1|A/cattle/Texas/24-008749-003/2024(H5N1)	977	582
NA|PP755591.1|A/cattle/Texas/24-008749-003/2024(H5N1)	978	586
NA|PP755591.1|A/cattle/Texas/24-008749-003/2024(H5N1)	979	790
NA|PP755591.1|A/cattle/Texas/24-008749-003/2024(H5N1)	980	790
NA|PP755591.1|A/cattle/Texas/24-008749-003/2024(H5N1)	981	804
NA|PP755591.1|A/cattle/Texas/24-008749-003/2024(H5N1)	982	804
NA|PP755591.1|A/cattle/Texas/24-008749-003/2024(H5N1)	983	807
NA|PP755591.1|A/cattle/Texas/24-008749-003/2024(H5N1)	984	811
NA|PP755591.1|A/cattle/Texas/24-008749-003/2024(H5N1)	985	811
NA|PP755591.1|A/cattle/Texas/24-008749-003/2024(H5N1)	986	838
NA|PP755591.1|A/cattle/Texas/24-008749-003/2024(H5N1)	987	870
NA|PP755591.1|A/cattle/Texas/24-008749-003/2024(H5N1)	988	871
NA|PP755591.1|A/cattle/Texas/24-008749-003/2024(H5N1)	989	873
NA|PP755591.1|A/cattle/Texas/24-008749-003/2024(H5N1)	990	874
NA|PP755591.1|A/cattle/Texas/24-008749-003/2024(H5N1)	991	882
NA|PP755591.1|A/cattle/Texas/24-008749-003/2024(H5N1)	992	896
NA|PP755591.1|A/cattle/Texas/24-008749-003/2024(H5N1)	993	897
NA|PP755591.1|A/cattle/Texas/24-008749-003/2024(H5N1)	994	898
NA|PP755591.1|A/cattle/Texas/24-008749-003/2024(H5N1)	995	900
NA|PP755591.1|A/cattle/Texas/24-008749-003/2024(H5N1)	996	911
NA|PP755591.1|A/cattle/Texas/24-008749-003/2024(H5N1)	997	917
NA|PP755591.1|A/cattle/Texas/24-008749-003/2024(H5N1)	998	919
NA|PP755591.1|A/cattle/Texas/24-008749-003/2024(H5N1)	999	931
NA|PP755591.1|A/cattle/Texas/24-008749-003/2024(H5N1)	1000	929
NA|PP755591.1|A/cattle/Texas/24-008749-003/2024(H5N1)	1001	928
NA|PP755591.1|A/cattle/Texas/24-008749-003/2024(H5N1)	1002	921
NA|PP755591.1|A/cattle/Texas/24-008749-003/2024(H5N1)	1003	920
NA|PP755591.1|A/cattle/Texas/24-008749-003/2024(H5N1)	1004	917
NA|PP755591.1|A/cattle/Texas/24-008749-003/2024(H5N1)	1005	794
NA|PP755591.1|A/cattle/Texas/24-008749-003/2024(H5N1)	1006	794
NA|PP755591.1|A/cattle/Texas/24-008749-003/2024(H5N1)	1007	815
NA|PP755591.1|A/cattle/Texas/24-008749-003/2024(H5N1)	1008	819
NA|PP755591.1|A/cattle/Texas/24-008749-003/2024(H5N1)	1009	822
NA|PP755591.1|A/cattle/Texas/24-008749-003/2024(H5N1)	1010	822
NA|PP755591.1|A/cattle/Texas/24-008749-003/2024(H5N1)	1011	822
NA|PP755591.1|A/cattle/Texas/24-008749-003/2024(H5N1)	1012	822
NA|PP755591.1|A/cattle/Texas/24-008749-003/2024(H5N1)	1013	824
NA|PP755591.1|A/cattle/Texas/24-008749-003/2024(H5N1)	1014	842
NA|PP755591.1|A/cattle/Texas/24-008749-003/2024(H5N1)	1015	845
NA|PP755591.1|A/cattle/Texas/24-008749-003/2024(H5N1)	1016	954
NA|PP755591.1|A/cattle/Texas/24-008749-003/2024(H5N1)	1017	959
NA|PP755591.1|A/cattle/Texas/24-008749-003/2024(H5N1)	1018	960
NA|PP755591.1|A/cattle/Texas/24-008749-003/2024(H5N1)	1019	971
NA|PP755591.1|A/cattle/Texas/24-008749-003/2024(H5N1)	1020	972
NA|PP755591.1|A/cattle/Texas/24-008749-003/2024(H5N1)	1021	976
NA|PP755591.1|A/cattle/Texas/24-008749-003/2024(H5N1)	1022	976
NA|PP755591.1|A/cattle/Texas/24-008749-003/2024(H5N1)	1023	978
NA|PP755591.1|A/cattle/Texas/24-008749-003/2024(H5N1)	1024	980
NA|PP755591.1|A/cattle/Texas/24-008749-003/2024(H5N1)	1025	980
NA|PP755591.1|A/cattle/Texas/24-008749-003/2024(H5N1)	1026	973
NA|PP755591.1|A/cattle/Texas/24-008749-003/2024(H5N1)	1027	973
NA|PP755591.1|A/cattle/Texas/24-008749-003/2024(H5N1)	1028	955
NA|PP755591.1|A/cattle/Texas/24-008749-003/2024(H5N1)	1029	956
NA|PP755591.1|A/cattle/Texas/24-008749-003/2024(H5N1)	1030	955
NA|PP755591.1|A/cattle/Texas/24-008749-003/2024(H5N1)	1031	952
NA|PP755591.1|A/cattle/Texas/24-008749-003/2024(H5N1)	1032	952
NA|PP755591.1|A/cattle/Texas/24-008749-003/2024(H5N1)	1033	950
NA|PP755591.1|A/cattle/Texas/24-008749-003/2024(H5N1)	1034	950
NA|PP755591.1|A/cattle/Texas/24-008749-003/2024(H5N1)	1035	799
NA|PP755591.1|A/cattle/Texas/24-008749-003/2024(H5N1)	1036	794
NA|PP755591.1|A/cattle/Texas/24-008749-003/2024(H5N1)	1037	782
NA|PP755591.1|A/cattle/Texas/24-008749-003/2024(H5N1)	1038	778
NA|PP755591.1|A/cattle/Texas/24-008749-003/2024(H5N1)	1039	778
NA|PP755591.1|A/cattle/Texas/24-008749-003/2024(H5N1)	1040	778
NA|PP755591.1|A/cattle/Texas/24-008749-003/2024(H5N1)	1041	778
NA|PP755591.1|A/cattle/Texas/24-008749-003/2024(H5N1)	1042	778
NA|PP755591.1|A/cattle/Texas/24-008749-003/2024(H5N1)	1043	777
NA|PP755591.1|A/cattle/Texas/24-008749-003/2024(H5N1)	1044	777
NA|PP755591.1|A/cattle/Texas/24-008749-003/2024(H5N1)	1045	878
NA|PP755591.1|A/cattle/Texas/24-008749-003/2024(H5N1)	1046	878
NA|PP755591.1|A/cattle/Texas/24-008749-003/2024(H5N1)	1047	879
NA|PP755591.1|A/cattle/Texas/24-008749-003/2024(H5N1)	1048	879
NA|PP755591.1|A/cattle/Texas/24-008749-003/2024(H5N1)	1049	887
NA|PP755591.1|A/cattle/Texas/24-008749-003/2024(H5N1)	1050	888
NA|PP755591.1|A/cattle/Texas/24-008749-003/2024(H5N1)	1051	886
NA|PP755591.1|A/cattle/Texas/24-008749-003/2024(H5N1)	1052	885
NA|PP755591.1|A/cattle/Texas/24-008749-003/2024(H5N1)	1053	853
NA|PP755591.1|A/cattle/Texas/24-008749-003/2024(H5N1)	1054	852
NA|PP755591.1|A/cattle/Texas/24-008749-003/2024(H5N1)	1055	851
NA|PP755591.1|A/cattle/Texas/24-008749-003/2024(H5N1)	1056	850
NA|PP755591.1|A/cattle/Texas/24-008749-003/2024(H5N1)	1057	903
NA|PP755591.1|A/cattle/Texas/24-008749-003/2024(H5N1)	1058	886
NA|PP755591.1|A/cattle/Texas/24-008749-003/2024(H5N1)	1059	916
NA|PP755591.1|A/cattle/Texas/24-008749-003/2024(H5N1)	1060	913
NA|PP755591.1|A/cattle/Texas/24-008749-003/2024(H5N1)	1061	911
NA|PP755591.1|A/cattle/Texas/24-008749-003/2024(H5N1)	1062	911
NA|PP755591.1|A/cattle/Texas/24-008749-003/2024(H5N1)	1063	903
NA|PP755591.1|A/cattle/Texas/24-008749-003/2024(H5N1)	1064	903
NA|PP755591.1|A/cattle/Texas/24-008749-003/2024(H5N1)	1065	899
NA|PP755591.1|A/cattle/Texas/24-008749-003/2024(H5N1)	1066	898
NA|PP755591.1|A/cattle/Texas/24-008749-003/2024(H5N1)	1067	898
NA|PP755591.1|A/cattle/Texas/24-008749-003/2024(H5N1)	1068	863
NA|PP755591.1|A/cattle/Texas/24-008749-003/2024(H5N1)	1069	863
NA|PP755591.1|A/cattle/Texas/24-008749-003/2024(H5N1)	1070	849
NA|PP755591.1|A/cattle/Texas/24-008749-003/2024(H5N1)	1071	840
NA|PP755591.1|A/cattle/Texas/24-008749-003/2024(H5N1)	1072	840
NA|PP755591.1|A/cattle/Texas/24-008749-003/2024(H5N1)	1073	840
NA|PP755591.1|A/cattle/Texas/24-008749-003/2024(H5N1)	1074	840
NA|PP755591.1|A/cattle/Texas/24-008749-003/2024(H5N1)	1075	836
NA|PP755591.1|A/cattle/Texas/24-008749-003/2024(H5N1)	1076	826
NA|PP755591.1|A/cattle/Texas/24-008749-003/2024(H5N1)	1077	813
NA|PP755591.1|A/cattle/Texas/24-008749-003/2024(H5N1)	1078	812
NA|PP755591.1|A/cattle/Texas/24-008749-003/2024(H5N1)	1079	812
NA|PP755591.1|A/cattle/Texas/24-008749-003/2024(H5N1)	1080	812
NA|PP755591.1|A/cattle/Texas/24-008749-003/2024(H5N1)	1081	812
NA|PP755591.1|A/cattle/Texas/24-008749-003/2024(H5N1)	1082	810
NA|PP755591.1|A/cattle/Texas/24-008749-003/2024(H5N1)	1083	806
NA|PP755591.1|A/cattle/Texas/24-008749-003/2024(H5N1)	1084	793
NA|PP755591.1|A/cattle/Texas/24-008749-003/2024(H5N1)	1085	775
NA|PP755591.1|A/cattle/Texas/24-008749-003/2024(H5N1)	1086	770
NA|PP755591.1|A/cattle/Texas/24-008749-003/2024(H5N1)	1087	770
NA|PP755591.1|A/cattle/Texas/24-008749-003/2024(H5N1)	1088	760
NA|PP755591.1|A/cattle/Texas/24-008749-003/2024(H5N1)	1089	755
NA|PP755591.1|A/cattle/Texas/24-008749-003/2024(H5N1)	1090	755
NA|PP755591.1|A/cattle/Texas/24-008749-003/2024(H5N1)	1091	752
NA|PP755591.1|A/cattle/Texas/24-008749-003/2024(H5N1)	1092	737
NA|PP755591.1|A/cattle/Texas/24-008749-003/2024(H5N1)	1093	735
NA|PP755591.1|A/cattle/Texas/24-008749-003/2024(H5N1)	1094	681
NA|PP755591.1|A/cattle/Texas/24-008749-003/2024(H5N1)	1095	681
NA|PP755591.1|A/cattle/Texas/24-008749-003/2024(H5N1)	1096	679
NA|PP755591.1|A/cattle/Texas/24-008749-003/2024(H5N1)	1097	677
NA|PP755591.1|A/cattle/Texas/24-008749-003/2024(H5N1)	1098	539
NA|PP755591.1|A/cattle/Texas/24-008749-003/2024(H5N1)	1099	538
NA|PP755591.1|A/cattle/Texas/24-008749-003/2024(H5N1)	1100	519
NA|PP755591.1|A/cattle/Texas/24-008749-003/2024(H5N1)	1101	519
NA|PP755591.1|A/cattle/Texas/24-008749-003/2024(H5N1)	1102	519
NA|PP755591.1|A/cattle/Texas/24-008749-003/2024(H5N1)	1103	519
NA|PP755591.1|A/cattle/Texas/24-008749-003/2024(H5N1)	1104	519
NA|PP755591.1|A/cattle/Texas/24-008749-003/2024(H5N1)	1105	519
NA|PP755591.1|A/cattle/Texas/24-008749-003/2024(H5N1)	1106	519
NA|PP755591.1|A/cattle/Texas/24-008749-003/2024(H5N1)	1107	519
NA|PP755591.1|A/cattle/Texas/24-008749-003/2024(H5N1)	1108	519
NA|PP755591.1|A/cattle/Texas/24-008749-003/2024(H5N1)	1109	519
NA|PP755591.1|A/cattle/Texas/24-008749-003/2024(H5N1)	1110	519
NA|PP755591.1|A/cattle/Texas/24-008749-003/2024(H5N1)	1111	708
NA|PP755591.1|A/cattle/Texas/24-008749-003/2024(H5N1)	1112	708
NA|PP755591.1|A/cattle/Texas/24-008749-003/2024(H5N1)	1113	709
NA|PP755591.1|A/cattle/Texas/24-008749-003/2024(H5N1)	1114	711
NA|PP755591.1|A/cattle/Texas/24-008749-003/2024(H5N1)	1115	739
NA|PP755591.1|A/cattle/Texas/24-008749-003/2024(H5N1)	1116	739
NA|PP755591.1|A/cattle/Texas/24-008749-003/2024(H5N1)	1117	741
NA|PP755591.1|A/cattle/Texas/24-008749-003/2024(H5N1)	1118	741
NA|PP755591.1|A/cattle/Texas/24-008749-003/2024(H5N1)	1119	742
NA|PP755591.1|A/cattle/Texas/24-008749-003/2024(H5N1)	1120	742
NA|PP755591.1|A/cattle/Texas/24-008749-003/2024(H5N1)	1121	742
NA|PP755591.1|A/cattle/Texas/24-008749-003/2024(H5N1)	1122	742
NA|PP755591.1|A/cattle/Texas/24-008749-003/2024(H5N1)	1123	783
NA|PP755591.1|A/cattle/Texas/24-008749-003/2024(H5N1)	1124	784
NA|PP755591.1|A/cattle/Texas/24-008749-003/2024(H5N1)	1125	788
NA|PP755591.1|A/cattle/Texas/24-008749-003/2024(H5N1)	1126	789
NA|PP755591.1|A/cattle/Texas/24-008749-003/2024(H5N1)	1127	789
NA|PP755591.1|A/cattle/Texas/24-008749-003/2024(H5N1)	1128	789
NA|PP755591.1|A/cattle/Texas/24-008749-003/2024(H5N1)	1129	783
NA|PP755591.1|A/cattle/Texas/24-008749-003/2024(H5N1)	1130	768
NA|PP755591.1|A/cattle/Texas/24-008749-003/2024(H5N1)	1131	768
NA|PP755591.1|A/cattle/Texas/24-008749-003/2024(H5N1)	1132	810
NA|PP755591.1|A/cattle/Texas/24-008749-003/2024(H5N1)	1133	810
NA|PP755591.1|A/cattle/Texas/24-008749-003/2024(H5N1)	1134	808
NA|PP755591.1|A/cattle/Texas/24-008749-003/2024(H5N1)	1135	804
NA|PP755591.1|A/cattle/Texas/24-008749-003/2024(H5N1)	1136	800
NA|PP755591.1|A/cattle/Texas/24-008749-003/2024(H5N1)	1137	783
NA|PP755591.1|A/cattle/Texas/24-008749-003/2024(H5N1)	1138	762
NA|PP755591.1|A/cattle/Texas/24-008749-003/2024(H5N1)	1139	762
NA|PP755591.1|A/cattle/Texas/24-008749-003/2024(H5N1)	1140	760
NA|PP755591.1|A/cattle/Texas/24-008749-003/2024(H5N1)	1141	760
NA|PP755591.1|A/cattle/Texas/24-008749-003/2024(H5N1)	1142	740
NA|PP755591.1|A/cattle/Texas/24-008749-003/2024(H5N1)	1143	734
NA|PP755591.1|A/cattle/Texas/24-008749-003/2024(H5N1)	1144	734
NA|PP755591.1|A/cattle/Texas/24-008749-003/2024(H5N1)	1145	729
NA|PP755591.1|A/cattle/Texas/24-008749-003/2024(H5N1)	1146	727
NA|PP755591.1|A/cattle/Texas/24-008749-003/2024(H5N1)	1147	716
NA|PP755591.1|A/cattle/Texas/24-008749-003/2024(H5N1)	1148	710
NA|PP755591.1|A/cattle/Texas/24-008749-003/2024(H5N1)	1149	689
NA|PP755591.1|A/cattle/Texas/24-008749-003/2024(H5N1)	1150	687
NA|PP755591.1|A/cattle/Texas/24-008749-003/2024(H5N1)	1151	687
NA|PP755591.1|A/cattle/Texas/24-008749-003/2024(H5N1)	1152	654
NA|PP755591.1|A/cattle/Texas/24-008749-003/2024(H5N1)	1153	637
NA|PP755591.1|A/cattle/Texas/24-008749-003/2024(H5N1)	1154	637
NA|PP755591.1|A/cattle/Texas/24-008749-003/2024(H5N1)	1155	626
NA|PP755591.1|A/cattle/Texas/24-008749-003/2024(H5N1)	1156	625
NA|PP755591.1|A/cattle/Texas/24-008749-003/2024(H5N1)	1157	612
NA|PP755591.1|A/cattle/Texas/24-008749-003/2024(H5N1)	1158	588
NA|PP755591.1|A/cattle/Texas/24-008749-003/2024(H5N1)	1159	588
NA|PP755591.1|A/cattle/Texas/24-008749-003/2024(H5N1)	1160	585
NA|PP755591.1|A/cattle/Texas/24-008749-003/2024(H5N1)	1161	524
NA|PP755591.1|A/cattle/Texas/24-008749-003/2024(H5N1)	1162	523
NA|PP755591.1|A/cattle/Texas/24-008749-003/2024(H5N1)	1163	493
NA|PP755591.1|A/cattle/Texas/24-008749-003/2024(H5N1)	1164	492
NA|PP755591.1|A/cattle/Texas/24-008749-003/2024(H5N1)	1165	492
NA|PP755591.1|A/cattle/Texas/24-008749-003/2024(H5N1)	1166	492
NA|PP755591.1|A/cattle/Texas/24-008749-003/2024(H5N1)	1167	491
NA|PP755591.1|A/cattle/Texas/24-008749-003/2024(H5N1)	1168	555
NA|PP755591.1|A/cattle/Texas/24-008749-003/2024(H5N1)	1169	556
NA|PP755591.1|A/cattle/Texas/24-008749-003/2024(H5N1)	1170	559
NA|PP755591.1|A/cattle/Texas/24-008749-003/2024(H5N1)	1171	563
NA|PP755591.1|A/cattle/Texas/24-008749-003/2024(H5N1)	1172	563
NA|PP755591.1|A/cattle/Texas/24-008749-003/2024(H5N1)	1173	563
NA|PP755591.1|A/cattle/Texas/24-008749-003/2024(H5N1)	1174	563
NA|PP755591.1|A/cattle/Texas/24-008749-003/2024(H5N1)	1175	563
NA|PP755591.1|A/cattle/Texas/24-008749-003/2024(H5N1)	1176	563
NA|PP755591.1|A/cattle/Texas/24-008749-003/2024(H5N1)	1177	585
NA|PP755591.1|A/cattle/Texas/24-008749-003/2024(H5N1)	1178	596
NA|PP755591.1|A/cattle/Texas/24-008749-003/2024(H5N1)	1179	596
NA|PP755591.1|A/cattle/Texas/24-008749-003/2024(H5N1)	1180	595
NA|PP755591.1|A/cattle/Texas/24-008749-003/2024(H5N1)	1181	595
NA|PP755591.1|A/cattle/Texas/24-008749-003/2024(H5N1)	1182	591
NA|PP755591.1|A/cattle/Texas/24-008749-003/2024(H5N1)	1183	591
NA|PP755591.1|A/cattle/Texas/24-008749-003/2024(H5N1)	1184	555
NA|PP755591.1|A/cattle/Texas/24-008749-003/2024(H5N1)	1185	563
NA|PP755591.1|A/cattle/Texas/24-008749-003/2024(H5N1)	1186	573
NA|PP755591.1|A/cattle/Texas/24-008749-003/2024(H5N1)	1187	573
NA|PP755591.1|A/cattle/Texas/24-008749-003/2024(H5N1)	1188	573
NA|PP755591.1|A/cattle/Texas/24-008749-003/2024(H5N1)	1189	573
NA|PP755591.1|A/cattle/Texas/24-008749-003/2024(H5N1)	1190	573
NA|PP755591.1|A/cattle/Texas/24-008749-003/2024(H5N1)	1191	547
NA|PP755591.1|A/cattle/Texas/24-008749-003/2024(H5N1)	1192	548
NA|PP755591.1|A/cattle/Texas/24-008749-003/2024(H5N1)	1193	548
NA|PP755591.1|A/cattle/Texas/24-008749-003/2024(H5N1)	1194	548
NA|PP755591.1|A/cattle/Texas/24-008749-003/2024(H5N1)	1195	549
NA|PP755591.1|A/cattle/Texas/24-008749-003/2024(H5N1)	1196	579
NA|PP755591.1|A/cattle/Texas/24-008749-003/2024(H5N1)	1197	579
NA|PP755591.1|A/cattle/Texas/24-008749-003/2024(H5N1)	1198	585
NA|PP755591.1|A/cattle/Texas/24-008749-003/2024(H5N1)	1199	585
NA|PP755591.1|A/cattle/Texas/24-008749-003/2024(H5N1)	1200	576
NA|PP755591.1|A/cattle/Texas/24-008749-003/2024(H5N1)	1201	590
NA|PP755591.1|A/cattle/Texas/24-008749-003/2024(H5N1)	1202	594
NA|PP755591.1|A/cattle/Texas/24-008749-003/2024(H5N1)	1203	594
NA|PP755591.1|A/cattle/Texas/24-008749-003/2024(H5N1)	1204	594
NA|PP755591.1|A/cattle/Texas/24-008749-003/2024(H5N1)	1205	543
NA|PP755591.1|A/cattle/Texas/24-008749-003/2024(H5N1)	1206	542
NA|PP755591.1|A/cattle/Texas/24-008749-003/2024(H5N1)	1207	539
NA|PP755591.1|A/cattle/Texas/24-008749-003/2024(H5N1)	1208	539
NA|PP755591.1|A/cattle/Texas/24-008749-003/2024(H5N1)	1209	482
NA|PP755591.1|A/cattle/Texas/24-008749-003/2024(H5N1)	1210	481
NA|PP755591.1|A/cattle/Texas/24-008749-003/2024(H5N1)	1211	481
NA|PP755591.1|A/cattle/Texas/24-008749-003/2024(H5N1)	1212	481
NA|PP755591.1|A/cattle/Texas/24-008749-003/2024(H5N1)	1213	490
NA|PP755591.1|A/cattle/Texas/24-008749-003/2024(H5N1)	1214	493
NA|PP755591.1|A/cattle/Texas/24-008749-003/2024(H5N1)	1215	495
NA|PP755591.1|A/cattle/Texas/24-008749-003/2024(H5N1)	1216	495
NA|PP755591.1|A/cattle/Texas/24-008749-003/2024(H5N1)	1217	495
NA|PP755591.1|A/cattle/Texas/24-008749-003/2024(H5N1)	1218	495
NA|PP755591.1|A/cattle/Texas/24-008749-003/2024(H5N1)	1219	495
NA|PP755591.1|A/cattle/Texas/24-008749-003/2024(H5N1)	1220	493
NA|PP755591.1|A/cattle/Texas/24-008749-003/2024(H5N1)	1221	473
NA|PP755591.1|A/cattle/Texas/24-008749-003/2024(H5N1)	1222	478
NA|PP755591.1|A/cattle/Texas/24-008749-003/2024(H5N1)	1223	478
NA|PP755591.1|A/cattle/Texas/24-008749-003/2024(H5N1)	1224	478
NA|PP755591.1|A/cattle/Texas/24-008749-003/2024(H5N1)	1225	486
NA|PP755591.1|A/cattle/Texas/24-008749-003/2024(H5N1)	1226	491
NA|PP755591.1|A/cattle/Texas/24-008749-003/2024(H5N1)	1227	498
NA|PP755591.1|A/cattle/Texas/24-008749-003/2024(H5N1)	1228	505
NA|PP755591.1|A/cattle/Texas/24-008749-003/2024(H5N1)	1229	505
NA|PP755591.1|A/cattle/Texas/24-008749-003/2024(H5N1)	1230	497
NA|PP755591.1|A/cattle/Texas/24-008749-003/2024(H5N1)	1231	499
NA|PP755591.1|A/cattle/Texas/24-008749-003/2024(H5N1)	1232	508
NA|PP755591.1|A/cattle/Texas/24-008749-003/2024(H5N1)	1233	507
NA|PP755591.1|A/cattle/Texas/24-008749-003/2024(H5N1)	1234	508
NA|PP755591.1|A/cattle/Texas/24-008749-003/2024(H5N1)	1235	484
NA|PP755591.1|A/cattle/Texas/24-008749-003/2024(H5N1)	1236	484
NA|PP755591.1|A/cattle/Texas/24-008749-003/2024(H5N1)	1237	485
NA|PP755591.1|A/cattle/Texas/24-008749-003/2024(H5N1)	1238	483
NA|PP755591.1|A/cattle/Texas/24-008749-003/2024(H5N1)	1239	420
NA|PP755591.1|A/cattle/Texas/24-008749-003/2024(H5N1)	1240	423
NA|PP755591.1|A/cattle/Texas/24-008749-003/2024(H5N1)	1241	423
NA|PP755591.1|A/cattle/Texas/24-008749-003/2024(H5N1)	1242	424
NA|PP755591.1|A/cattle/Texas/24-008749-003/2024(H5N1)	1243	432
NA|PP755591.1|A/cattle/Texas/24-008749-003/2024(H5N1)	1244	432
NA|PP755591.1|A/cattle/Texas/24-008749-003/2024(H5N1)	1245	436
NA|PP755591.1|A/cattle/Texas/24-008749-003/2024(H5N1)	1246	503
NA|PP755591.1|A/cattle/Texas/24-008749-003/2024(H5N1)	1247	507
NA|PP755591.1|A/cattle/Texas/24-008749-003/2024(H5N1)	1248	513
NA|PP755591.1|A/cattle/Texas/24-008749-003/2024(H5N1)	1249	513
NA|PP755591.1|A/cattle/Texas/24-008749-003/2024(H5N1)	1250	517
NA|PP755591.1|A/cattle/Texas/24-008749-003/2024(H5N1)	1251	521
NA|PP755591.1|A/cattle/Texas/24-008749-003/2024(H5N1)	1252	522
NA|PP755591.1|A/cattle/Texas/24-008749-003/2024(H5N1)	1253	522
NA|PP755591.1|A/cattle/Texas/24-008749-003/2024(H5N1)	1254	522
NA|PP755591.1|A/cattle/Texas/24-008749-003/2024(H5N1)	1255	516
NA|PP755591.1|A/cattle/Texas/24-008749-003/2024(H5N1)	1256	516
NA|PP755591.1|A/cattle/Texas/24-008749-003/2024(H5N1)	1257	566
NA|PP755591.1|A/cattle/Texas/24-008749-003/2024(H5N1)	1258	588
NA|PP755591.1|A/cattle/Texas/24-008749-003/2024(H5N1)	1259	564
NA|PP755591.1|A/cattle/Texas/24-008749-003/2024(H5N1)	1260	563
NA|PP755591.1|A/cattle/Texas/24-008749-003/2024(H5N1)	1261	553
NA|PP755591.1|A/cattle/Texas/24-008749-003/2024(H5N1)	1262	551
NA|PP755591.1|A/cattle/Texas/24-008749-003/2024(H5N1)	1263	580
NA|PP755591.1|A/cattle/Texas/24-008749-003/2024(H5N1)	1264	581
NA|PP755591.1|A/cattle/Texas/24-008749-003/2024(H5N1)	1265	582
NA|PP755591.1|A/cattle/Texas/24-008749-003/2024(H5N1)	1266	583
NA|PP755591.1|A/cattle/Texas/24-008749-003/2024(H5N1)	1267	583
NA|PP755591.1|A/cattle/Texas/24-008749-003/2024(H5N1)	1268	593
NA|PP755591.1|A/cattle/Texas/24-008749-003/2024(H5N1)	1269	593
NA|PP755591.1|A/cattle/Texas/24-008749-003/2024(H5N1)	1270	584
NA|PP755591.1|A/cattle/Texas/24-008749-003/2024(H5N1)	1271	579
NA|PP755591.1|A/cattle/Texas/24-008749-003/2024(H5N1)	1272	552
NA|PP755591.1|A/cattle/Texas/24-008749-003/2024(H5N1)	1273	553
NA|PP755591.1|A/cattle/Texas/24-008749-003/2024(H5N1)	1274	551
NA|PP755591.1|A/cattle/Texas/24-008749-003/2024(H5N1)	1275	551
NA|PP755591.1|A/cattle/Texas/24-008749-003/2024(H5N1)	1276	546
NA|PP755591.1|A/cattle/Texas/24-008749-003/2024(H5N1)	1277	526
NA|PP755591.1|A/cattle/Texas/24-008749-003/2024(H5N1)	1278	453
NA|PP755591.1|A/cattle/Texas/24-008749-003/2024(H5N1)	1279	454
NA|PP755591.1|A/cattle/Texas/24-008749-003/2024(H5N1)	1280	458
NA|PP755591.1|A/cattle/Texas/24-008749-003/2024(H5N1)	1281	458
NA|PP755591.1|A/cattle/Texas/24-008749-003/2024(H5N1)	1282	458
NA|PP755591.1|A/cattle/Texas/24-008749-003/2024(H5N1)	1283	465
NA|PP755591.1|A/cattle/Texas/24-008749-003/2024(H5N1)	1284	471
NA|PP755591.1|A/cattle/Texas/24-008749-003/2024(H5N1)	1285	471
NA|PP755591.1|A/cattle/Texas/24-008749-003/2024(H5N1)	1286	471
NA|PP755591.1|A/cattle/Texas/24-008749-003/2024(H5N1)	1287	471
NA|PP755591.1|A/cattle/Texas/24-008749-003/2024(H5N1)	1288	472
NA|PP755591.1|A/cattle/Texas/24-008749-003/2024(H5N1)	1289	474
NA|PP755591.1|A/cattle/Texas/24-008749-003/2024(H5N1)	1290	505
NA|PP755591.1|A/cattle/Texas/24-008749-003/2024(H5N1)	1291	618
NA|PP755591.1|A/cattle/Texas/24-008749-003/2024(H5N1)	1292	628
NA|PP755591.1|A/cattle/Texas/24-008749-003/2024(H5N1)	1293	628
NA|PP755591.1|A/cattle/Texas/24-008749-003/2024(H5N1)	1294	628
NA|PP755591.1|A/cattle/Texas/24-008749-003/2024(H5N1)	1295	628
NA|PP755591.1|A/cattle/Texas/24-008749-003/2024(H5N1)	1296	628
NA|PP755591.1|A/cattle/Texas/24-008749-003/2024(H5N1)	1297	628
NA|PP755591.1|A/cattle/Texas/24-008749-003/2024(H5N1)	1298	628
NA|PP755591.1|A/cattle/Texas/24-008749-003/2024(H5N1)	1299	628
NA|PP755591.1|A/cattle/Texas/24-008749-003/2024(H5N1)	1300	626
NA|PP755591.1|A/cattle/Texas/24-008749-003/2024(H5N1)	1301	626
NA|PP755591.1|A/cattle/Texas/24-008749-003/2024(H5N1)	1302	617
NA|PP755591.1|A/cattle/Texas/24-008749-003/2024(H5N1)	1303	617
NA|PP755591.1|A/cattle/Texas/24-008749-003/2024(H5N1)	1304	617
NA|PP755591.1|A/cattle/Texas/24-008749-003/2024(H5N1)	1305	617
NA|PP755591.1|A/cattle/Texas/24-008749-003/2024(H5N1)	1306	621
NA|PP755591.1|A/cattle/Texas/24-008749-003/2024(H5N1)	1307	621
NA|PP755591.1|A/cattle/Texas/24-008749-003/2024(H5N1)	1308	621
NA|PP755591.1|A/cattle/Texas/24-008749-003/2024(H5N1)	1309	621
NA|PP755591.1|A/cattle/Texas/24-008749-003/2024(H5N1)	1310	621
NA|PP755591.1|A/cattle/Texas/24-008749-003/2024(H5N1)	1311	621
NA|PP755591.1|A/cattle/Texas/24-008749-003/2024(H5N1)	1312	621
NA|PP755591.1|A/cattle/Texas/24-008749-003/2024(H5N1)	1313	620
NA|PP755591.1|A/cattle/Texas/24-008749-003/2024(H5N1)	1314	547
NA|PP755591.1|A/cattle/Texas/24-008749-003/2024(H5N1)	1315	551
NA|PP755591.1|A/cattle/Texas/24-008749-003/2024(H5N1)	1316	551
NA|PP755591.1|A/cattle/Texas/24-008749-003/2024(H5N1)	1317	551
NA|PP755591.1|A/cattle/Texas/24-008749-003/2024(H5N1)	1318	551
NA|PP755591.1|A/cattle/Texas/24-008749-003/2024(H5N1)	1319	551
NA|PP755591.1|A/cattle/Texas/24-008749-003/2024(H5N1)	1320	551
NA|PP755591.1|A/cattle/Texas/24-008749-003/2024(H5N1)	1321	559
NA|PP755591.1|A/cattle/Texas/24-008749-003/2024(H5N1)	1322	559
NA|PP755591.1|A/cattle/Texas/24-008749-003/2024(H5N1)	1323	559
NA|PP755591.1|A/cattle/Texas/24-008749-003/2024(H5N1)	1324	559
NA|PP755591.1|A/cattle/Texas/24-008749-003/2024(H5N1)	1325	561
NA|PP755591.1|A/cattle/Texas/24-008749-003/2024(H5N1)	1326	561
NA|PP755591.1|A/cattle/Texas/24-008749-003/2024(H5N1)	1327	561
NA|PP755591.1|A/cattle/Texas/24-008749-003/2024(H5N1)	1328	561
NA|PP755591.1|A/cattle/Texas/24-008749-003/2024(H5N1)	1329	561
NA|PP755591.1|A/cattle/Texas/24-008749-003/2024(H5N1)	1330	561
NA|PP755591.1|A/cattle/Texas/24-008749-003/2024(H5N1)	1331	561
NA|PP755591.1|A/cattle/Texas/24-008749-003/2024(H5N1)	1332	561
NA|PP755591.1|A/cattle/Texas/24-008749-003/2024(H5N1)	1333	564
NA|PP755591.1|A/cattle/Texas/24-008749-003/2024(H5N1)	1334	564
NA|PP755591.1|A/cattle/Texas/24-008749-003/2024(H5N1)	1335	564
NA|PP755591.1|A/cattle/Texas/24-008749-003/2024(H5N1)	1336	564
NA|PP755591.1|A/cattle/Texas/24-008749-003/2024(H5N1)	1337	564
NA|PP755591.1|A/cattle/Texas/24-008749-003/2024(H5N1)	1338	564
NA|PP755591.1|A/cattle/Texas/24-008749-003/2024(H5N1)	1339	564
NA|PP755591.1|A/cattle/Texas/24-008749-003/2024(H5N1)	1340	564
NA|PP755591.1|A/cattle/Texas/24-008749-003/2024(H5N1)	1341	562
NA|PP755591.1|A/cattle/Texas/24-008749-003/2024(H5N1)	1342	562
NA|PP755591.1|A/cattle/Texas/24-008749-003/2024(H5N1)	1343	563
NA|PP755591.1|A/cattle/Texas/24-008749-003/2024(H5N1)	1344	563
NA|PP755591.1|A/cattle/Texas/24-008749-003/2024(H5N1)	1345	563
NA|PP755591.1|A/cattle/Texas/24-008749-003/2024(H5N1)	1346	563
NA|PP755591.1|A/cattle/Texas/24-008749-003/2024(H5N1)	1347	537
NA|PP755591.1|A/cattle/Texas/24-008749-003/2024(H5N1)	1348	532
NA|PP755591.1|A/cattle/Texas/24-008749-003/2024(H5N1)	1349	531
NA|PP755591.1|A/cattle/Texas/24-008749-003/2024(H5N1)	1350	508
NA|PP755591.1|A/cattle/Texas/24-008749-003/2024(H5N1)	1351	509
NA|PP755591.1|A/cattle/Texas/24-008749-003/2024(H5N1)	1352	509
NA|PP755591.1|A/cattle/Texas/24-008749-003/2024(H5N1)	1353	509
NA|PP755591.1|A/cattle/Texas/24-008749-003/2024(H5N1)	1354	509
NA|PP755591.1|A/cattle/Texas/24-008749-003/2024(H5N1)	1355	509
NA|PP755591.1|A/cattle/Texas/24-008749-003/2024(H5N1)	1356	504
NA|PP755591.1|A/cattle/Texas/24-008749-003/2024(H5N1)	1357	504
NA|PP755591.1|A/cattle/Texas/24-008749-003/2024(H5N1)	1358	501
NA|PP755591.1|A/cattle/Texas/24-008749-003/2024(H5N1)	1359	502
NA|PP755591.1|A/cattle/Texas/24-008749-003/2024(H5N1)	1360	502
NA|PP755591.1|A/cattle/Texas/24-008749-003/2024(H5N1)	1361	502
NA|PP755591.1|A/cattle/Texas/24-008749-003/2024(H5N1)	1362	502
NA|PP755591.1|A/cattle/Texas/24-008749-003/2024(H5N1)	1363	502
NA|PP755591.1|A/cattle/Texas/24-008749-003/2024(H5N1)	1364	500
NA|PP755591.1|A/cattle/Texas/24-008749-003/2024(H5N1)	1365	501
NA|PP755591.1|A/cattle/Texas/24-008749-003/2024(H5N1)	1366	501
NA|PP755591.1|A/cattle/Texas/24-008749-003/2024(H5N1)	1367	501
NA|PP755591.1|A/cattle/Texas/24-008749-003/2024(H5N1)	1368	498
NA|PP755591.1|A/cattle/Texas/24-008749-003/2024(H5N1)	1369	497
NA|PP755591.1|A/cattle/Texas/24-008749-003/2024(H5N1)	1370	497
NA|PP755591.1|A/cattle/Texas/24-008749-003/2024(H5N1)	1371	497
NA|PP755591.1|A/cattle/Texas/24-008749-003/2024(H5N1)	1372	497
NA|PP755591.1|A/cattle/Texas/24-008749-003/2024(H5N1)	1373	496
NA|PP755591.1|A/cattle/Texas/24-008749-003/2024(H5N1)	1374	489
NA|PP755591.1|A/cattle/Texas/24-008749-003/2024(H5N1)	1375	489
NA|PP755591.1|A/cattle/Texas/24-008749-003/2024(H5N1)	1376	489
NA|PP755591.1|A/cattle/Texas/24-008749-003/2024(H5N1)	1377	484
NA|PP755591.1|A/cattle/Texas/24-008749-003/2024(H5N1)	1378	474
NA|PP755591.1|A/cattle/Texas/24-008749-003/2024(H5N1)	1379	473
NA|PP755591.1|A/cattle/Texas/24-008749-003/2024(H5N1)	1380	470
NA|PP755591.1|A/cattle/Texas/24-008749-003/2024(H5N1)	1381	469
NA|PP755591.1|A/cattle/Texas/24-008749-003/2024(H5N1)	1382	465
NA|PP755591.1|A/cattle/Texas/24-008749-003/2024(H5N1)	1383	462
NA|PP755591.1|A/cattle/Texas/24-008749-003/2024(H5N1)	1384	462
NA|PP755591.1|A/cattle/Texas/24-008749-003/2024(H5N1)	1385	459
NA|PP755591.1|A/cattle/Texas/24-008749-003/2024(H5N1)	1386	459
NA|PP755591.1|A/cattle/Texas/24-008749-003/2024(H5N1)	1387	457
NA|PP755591.1|A/cattle/Texas/24-008749-003/2024(H5N1)	1388	366
NA|PP755591.1|A/cattle/Texas/24-008749-003/2024(H5N1)	1389	366
NA|PP755591.1|A/cattle/Texas/24-008749-003/2024(H5N1)	1390	365
NA|PP755591.1|A/cattle/Texas/24-008749-003/2024(H5N1)	1391	365
NA|PP755591.1|A/cattle/Texas/24-008749-003/2024(H5N1)	1392	365
NA|PP755591.1|A/cattle/Texas/24-008749-003/2024(H5N1)	1393	355
NA|PP755591.1|A/cattle/Texas/24-008749-003/2024(H5N1)	1394	355
NA|PP755591.1|A/cattle/Texas/24-008749-003/2024(H5N1)	1395	355
NA|PP755591.1|A/cattle/Texas/24-008749-003/2024(H5N1)	1396	353
NA|PP755591.1|A/cattle/Texas/24-008749-003/2024(H5N1)	1397	353
NA|PP755591.1|A/cattle/Texas/24-008749-003/2024(H5N1)	1398	349
NA|PP755591.1|A/cattle/Texas/24-008749-003/2024(H5N1)	1399	344
NA|PP755591.1|A/cattle/Texas/24-008749-003/2024(H5N1)	1400	344
NA|PP755591.1|A/cattle/Texas/24-008749-003/2024(H5N1)	1401	338
NA|PP755591.1|A/cattle/Texas/24-008749-003/2024(H5N1)	1402	338
NA|PP755591.1|A/cattle/Texas/24-008749-003/2024(H5N1)	1403	338
NA|PP755591.1|A/cattle/Texas/24-008749-003/2024(H5N1)	1404	337
NA|PP755591.1|A/cattle/Texas/24-008749-003/2024(H5N1)	1405	327
NA|PP755591.1|A/cattle/Texas/24-008749-003/2024(H5N1)	1406	312
NA|PP755591.1|A/cattle/Texas/24-008749-003/2024(H5N1)	1407	276
NA|PP755591.1|A/cattle/Texas/24-008749-003/2024(H5N1)	1408	273
NA|PP755591.1|A/cattle/Texas/24-008749-003/2024(H5N1)	1409	246
NA|PP755591.1|A/cattle/Texas/24-008749-003/2024(H5N1)	1410	246
