NS|PP755593.1|A/cattle/Texas/24-008749-003/2024(H5N1)	1	14743
NS|PP755593.1|A/cattle/Texas/24-008749-003/2024(H5N1)	2	14824
NS|PP755593.1|A/cattle/Texas/24-008749-003/2024(H5N1)	3	15243
NS|PP755593.1|A/cattle/Texas/24-008749-003/2024(H5N1)	4	15791
NS|PP755593.1|A/cattle/Texas/24-008749-003/2024(H5N1)	5	16476
NS|PP755593.1|A/cattle/Texas/24-008749-003/2024(H5N1)	6	22180
NS|PP755593.1|A/cattle/Texas/24-008749-003/2024(H5N1)	7	22193
NS|PP755593.1|A/cattle/Texas/24-008749-003/2024(H5N1)	8	22493
NS|PP755593.1|A/cattle/Texas/24-008749-003/2024(H5N1)	9	22786
NS|PP755593.1|A/cattle/Texas/24-008749-003/2024(H5N1)	10	22855
NS|PP755593.1|A/cattle/Texas/24-008749-003/2024(H5N1)	11	23333
NS|PP755593.1|A/cattle/Texas/24-008749-003/2024(H5N1)	12	23361
NS|PP755593.1|A/cattle/Texas/24-008749-003/2024(H5N1)	13	23386
NS|PP755593.1|A/cattle/Texas/24-008749-003/2024(H5N1)	14	23421
NS|PP755593.1|A/cattle/Texas/24-008749-003/2024(H5N1)	15	23474
NS|PP755593.1|A/cattle/Texas/24-008749-003/2024(H5N1)	16	27938
NS|PP755593.1|A/cattle/Texas/24-008749-003/2024(H5N1)	17	28055
NS|PP755593.1|A/cattle/Texas/24-008749-003/2024(H5N1)	18	28153
NS|PP755593.1|A/cattle/Texas/24-008749-003/2024(H5N1)	19	28169
NS|PP755593.1|A/cattle/Texas/24-008749-003/2024(H5N1)	20	28230
NS|PP755593.1|A/cattle/Texas/24-008749-003/2024(H5N1)	21	28245
NS|PP755593.1|A/cattle/Texas/24-008749-003/2024(H5N1)	22	28251
NS|PP755593.1|A/cattle/Texas/24-008749-003/2024(H5N1)	23	28843
NS|PP755593.1|A/cattle/Texas/24-008749-003/2024(H5N1)	24	29197
NS|PP755593.1|A/cattle/Texas/24-008749-003/2024(H5N1)	25	29229
NS|PP755593.1|A/cattle/Texas/24-008749-003/2024(H5N1)	26	29413
NS|PP755593.1|A/cattle/Texas/24-008749-003/2024(H5N1)	27	29433
NS|PP755593.1|A/cattle/Texas/24-008749-003/2024(H5N1)	28	30324
NS|PP755593.1|A/cattle/Texas/24-008749-003/2024(H5N1)	29	30329
NS|PP755593.1|A/cattle/Texas/24-008749-003/2024(H5N1)	30	30520
NS|PP755593.1|A/cattle/Texas/24-008749-003/2024(H5N1)	31	30786
NS|PP755593.1|A/cattle/Texas/24-008749-003/2024(H5N1)	32	31088
NS|PP755593.1|A/cattle/Texas/24-008749-003/2024(H5N1)	33	31137
NS|PP755593.1|A/cattle/Texas/24-008749-003/2024(H5N1)	34	31224
NS|PP755593.1|A/cattle/Texas/24-008749-003/2024(H5N1)	35	31510
NS|PP755593.1|A/cattle/Texas/24-008749-003/2024(H5N1)	36	31689
NS|PP755593.1|A/cattle/Texas/24-008749-003/2024(H5N1)	37	31698
NS|PP755593.1|A/cattle/Texas/24-008749-003/2024(H5N1)	38	32171
NS|PP755593.1|A/cattle/Texas/24-008749-003/2024(H5N1)	39	32375
NS|PP755593.1|A/cattle/Texas/24-008749-003/2024(H5N1)	40	32373
NS|PP755593.1|A/cattle/Texas/24-008749-003/2024(H5N1)	41	32685
NS|PP755593.1|A/cattle/Texas/24-008749-003/2024(H5N1)	42	32920
NS|PP755593.1|A/cattle/Texas/24-008749-003/2024(H5N1)	43	33113
NS|PP755593.1|A/cattle/Texas/24-008749-003/2024(H5N1)	44	33296
NS|PP755593.1|A/cattle/Texas/24-008749-003/2024(H5N1)	45	33307
NS|PP755593.1|A/cattle/Texas/24-008749-003/2024(H5N1)	46	33647
NS|PP755593.1|A/cattle/Texas/24-008749-003/2024(H5N1)	47	33669
NS|PP755593.1|A/cattle/Texas/24-008749-003/2024(H5N1)	48	33691
NS|PP755593.1|A/cattle/Texas/24-008749-003/2024(H5N1)	49	33783
NS|PP755593.1|A/cattle/Texas/24-008749-003/2024(H5N1)	50	33791
NS|PP755593.1|A/cattle/Texas/24-008749-003/2024(H5N1)	51	34344
NS|PP755593.1|A/cattle/Texas/24-008749-003/2024(H5N1)	52	34642
NS|PP755593.1|A/cattle/Texas/24-008749-003/2024(H5N1)	53	34673
NS|PP755593.1|A/cattle/Texas/24-008749-003/2024(H5N1)	54	34796
NS|PP755593.1|A/cattle/Texas/24-008749-003/2024(H5N1)	55	34850
NS|PP755593.1|A/cattle/Texas/24-008749-003/2024(H5N1)	56	34830
NS|PP755593.1|A/cattle/Texas/24-008749-003/2024(H5N1)	57	34861
NS|PP755593.1|A/cattle/Texas/24-008749-003/2024(H5N1)	58	34998
NS|PP755593.1|A/cattle/Texas/24-008749-003/2024(H5N1)	59	35027
NS|PP755593.1|A/cattle/Texas/24-008749-003/2024(H5N1)	60	35073
NS|PP755593.1|A/cattle/Texas/24-008749-003/2024(H5N1)	61	35410
NS|PP755593.1|A/cattle/Texas/24-008749-003/2024(H5N1)	62	35476
NS|PP755593.1|A/cattle/Texas/24-008749-003/2024(H5N1)	63	35526
NS|PP755593.1|A/cattle/Texas/24-008749-003/2024(H5N1)	64	35603
NS|PP755593.1|A/cattle/Texas/24-008749-003/2024(H5N1)	65	35642
NS|PP755593.1|A/cattle/Texas/24-008749-003/2024(H5N1)	66	35646
NS|PP755593.1|A/cattle/Texas/24-008749-003/2024(H5N1)	67	35654
NS|PP755593.1|A/cattle/Texas/24-008749-003/2024(H5N1)	68	35654
NS|PP755593.1|A/cattle/Texas/24-008749-003/2024(H5N1)	69	35622
NS|PP755593.1|A/cattle/Texas/24-008749-003/2024(H5N1)	70	35806
NS|PP755593.1|A/cattle/Texas/24-008749-003/2024(H5N1)	71	36961
NS|PP755593.1|A/cattle/Texas/24-008749-003/2024(H5N1)	72	37204
NS|PP755593.1|A/cattle/Texas/24-008749-003/2024(H5N1)	73	37264
NS|PP755593.1|A/cattle/Texas/24-008749-003/2024(H5N1)	74	37287
NS|PP755593.1|A/cattle/Texas/24-008749-003/2024(H5N1)	75	37427
NS|PP755593.1|A/cattle/Texas/24-008749-003/2024(H5N1)	76	38566
NS|PP755593.1|A/cattle/Texas/24-008749-003/2024(H5N1)	77	38658
NS|PP755593.1|A/cattle/Texas/24-008749-003/2024(H5N1)	78	38781
NS|PP755593.1|A/cattle/Texas/24-008749-003/2024(H5N1)	79	38920
NS|PP755593.1|A/cattle/Texas/24-008749-003/2024(H5N1)	80	38687
NS|PP755593.1|A/cattle/Texas/24-008749-003/2024(H5N1)	81	39340
NS|PP755593.1|A/cattle/Texas/24-008749-003/2024(H5N1)	82	39447
NS|PP755593.1|A/cattle/Texas/24-008749-003/2024(H5N1)	83	39913
NS|PP755593.1|A/cattle/Texas/24-008749-003/2024(H5N1)	84	39897
NS|PP755593.1|A/cattle/Texas/24-008749-003/2024(H5N1)	85	39707
NS|PP755593.1|A/cattle/Texas/24-008749-003/2024(H5N1)	86	39839
NS|PP755593.1|A/cattle/Texas/24-008749-003/2024(H5N1)	87	40035
NS|PP755593.1|A/cattle/Texas/24-008749-003/2024(H5N1)	88	40762
NS|PP755593.1|A/cattle/Texas/24-008749-003/2024(H5N1)	89	41502
NS|PP755593.1|A/cattle/Texas/24-008749-003/2024(H5N1)	90	41514
NS|PP755593.1|A/cattle/Texas/24-008749-003/2024(H5N1)	91	41600
NS|PP755593.1|A/cattle/Texas/24-008749-003/2024(H5N1)	92	41514
NS|PP755593.1|A/cattle/Texas/24-008749-003/2024(H5N1)	93	41541
NS|PP755593.1|A/cattle/Texas/24-008749-003/2024(H5N1)	94	42410
NS|PP755593.1|A/cattle/Texas/24-008749-003/2024(H5N1)	95	42871
NS|PP755593.1|A/cattle/Texas/24-008749-003/2024(H5N1)	96	43235
NS|PP755593.1|A/cattle/Texas/24-008749-003/2024(H5N1)	97	43282
NS|PP755593.1|A/cattle/Texas/24-008749-003/2024(H5N1)	98	43346
NS|PP755593.1|A/cattle/Texas/24-008749-003/2024(H5N1)	99	43333
NS|PP755593.1|A/cattle/Texas/24-008749-003/2024(H5N1)	100	43465
NS|PP755593.1|A/cattle/Texas/24-008749-003/2024(H5N1)	101	43585
NS|PP755593.1|A/cattle/Texas/24-008749-003/2024(H5N1)	102	43713
NS|PP755593.1|A/cattle/Texas/24-008749-003/2024(H5N1)	103	43703
NS|PP755593.1|A/cattle/Texas/24-008749-003/2024(H5N1)	104	43635
NS|PP755593.1|A/cattle/Texas/24-008749-003/2024(H5N1)	105	45425
NS|PP755593.1|A/cattle/Texas/24-008749-003/2024(H5N1)	106	45444
NS|PP755593.1|A/cattle/Texas/24-008749-003/2024(H5N1)	107	45468
NS|PP755593.1|A/cattle/Texas/24-008749-003/2024(H5N1)	108	45573
NS|PP755593.1|A/cattle/Texas/24-008749-003/2024(H5N1)	109	46252
NS|PP755593.1|A/cattle/Texas/24-008749-003/2024(H5N1)	110	46629
NS|PP755593.1|A/cattle/Texas/24-008749-003/2024(H5N1)	111	46642
NS|PP755593.1|A/cattle/Texas/24-008749-003/2024(H5N1)	112	46621
NS|PP755593.1|A/cattle/Texas/24-008749-003/2024(H5N1)	113	46584
NS|PP755593.1|A/cattle/Texas/24-008749-003/2024(H5N1)	114	46274
NS|PP755593.1|A/cattle/Texas/24-008749-003/2024(H5N1)	115	47323
NS|PP755593.1|A/cattle/Texas/24-008749-003/2024(H5N1)	116	47996
NS|PP755593.1|A/cattle/Texas/24-008749-003/2024(H5N1)	117	48113
NS|PP755593.1|A/cattle/Texas/24-008749-003/2024(H5N1)	118	48097
NS|PP755593.1|A/cattle/Texas/24-008749-003/2024(H5N1)	119	47937
NS|PP755593.1|A/cattle/Texas/24-008749-003/2024(H5N1)	120	47865
NS|PP755593.1|A/cattle/Texas/24-008749-003/2024(H5N1)	121	48145
NS|PP755593.1|A/cattle/Texas/24-008749-003/2024(H5N1)	122	48072
NS|PP755593.1|A/cattle/Texas/24-008749-003/2024(H5N1)	123	48556
NS|PP755593.1|A/cattle/Texas/24-008749-003/2024(H5N1)	124	49786
NS|PP755593.1|A/cattle/Texas/24-008749-003/2024(H5N1)	125	41328
NS|PP755593.1|A/cattle/Texas/24-008749-003/2024(H5N1)	126	41177
NS|PP755593.1|A/cattle/Texas/24-008749-003/2024(H5N1)	127	41017
NS|PP755593.1|A/cattle/Texas/24-008749-003/2024(H5N1)	128	41066
NS|PP755593.1|A/cattle/Texas/24-008749-003/2024(H5N1)	129	41117
NS|PP755593.1|A/cattle/Texas/24-008749-003/2024(H5N1)	130	40864
NS|PP755593.1|A/cattle/Texas/24-008749-003/2024(H5N1)	131	41443
NS|PP755593.1|A/cattle/Texas/24-008749-003/2024(H5N1)	132	41320
NS|PP755593.1|A/cattle/Texas/24-008749-003/2024(H5N1)	133	41649
NS|PP755593.1|A/cattle/Texas/24-008749-003/2024(H5N1)	134	41793
NS|PP755593.1|A/cattle/Texas/24-008749-003/2024(H5N1)	135	41813
NS|PP755593.1|A/cattle/Texas/24-008749-003/2024(H5N1)	136	41530
NS|PP755593.1|A/cattle/Texas/24-008749-003/2024(H5N1)	137	41505
NS|PP755593.1|A/cattle/Texas/24-008749-003/2024(H5N1)	138	42178
NS|PP755593.1|A/cattle/Texas/24-008749-003/2024(H5N1)	139	42303
NS|PP755593.1|A/cattle/Texas/24-008749-003/2024(H5N1)	140	43370
NS|PP755593.1|A/cattle/Texas/24-008749-003/2024(H5N1)	141	43178
NS|PP755593.1|A/cattle/Texas/24-008749-003/2024(H5N1)	142	43042
NS|PP755593.1|A/cattle/Texas/24-008749-003/2024(H5N1)	143	43175
NS|PP755593.1|A/cattle/Texas/24-008749-003/2024(H5N1)	144	43889
NS|PP755593.1|A/cattle/Texas/24-008749-003/2024(H5N1)	145	43873
NS|PP755593.1|A/cattle/Texas/24-008749-003/2024(H5N1)	146	45456
NS|PP755593.1|A/cattle/Texas/24-008749-003/2024(H5N1)	147	45169
NS|PP755593.1|A/cattle/Texas/24-008749-003/2024(H5N1)	148	45136
NS|PP755593.1|A/cattle/Texas/24-008749-003/2024(H5N1)	149	45972
NS|PP755593.1|A/cattle/Texas/24-008749-003/2024(H5N1)	150	45929
NS|PP755593.1|A/cattle/Texas/24-008749-003/2024(H5N1)	151	47148
NS|PP755593.1|A/cattle/Texas/24-008749-003/2024(H5N1)	152	47720
NS|PP755593.1|A/cattle/Texas/24-008749-003/2024(H5N1)	153	47997
NS|PP755593.1|A/cattle/Texas/24-008749-003/2024(H5N1)	154	42567
NS|PP755593.1|A/cattle/Texas/24-008749-003/2024(H5N1)	155	41720
NS|PP755593.1|A/cattle/Texas/24-008749-003/2024(H5N1)	156	41789
NS|PP755593.1|A/cattle/Texas/24-008749-003/2024(H5N1)	157	41793
NS|PP755593.1|A/cattle/Texas/24-008749-003/2024(H5N1)	158	42045
NS|PP755593.1|A/cattle/Texas/24-008749-003/2024(H5N1)	159	42435
NS|PP755593.1|A/cattle/Texas/24-008749-003/2024(H5N1)	160	41556
NS|PP755593.1|A/cattle/Texas/24-008749-003/2024(H5N1)	161	41462
NS|PP755593.1|A/cattle/Texas/24-008749-003/2024(H5N1)	162	41576
NS|PP755593.1|A/cattle/Texas/24-008749-003/2024(H5N1)	163	41615
NS|PP755593.1|A/cattle/Texas/24-008749-003/2024(H5N1)	164	43206
NS|PP755593.1|A/cattle/Texas/24-008749-003/2024(H5N1)	165	43189
NS|PP755593.1|A/cattle/Texas/24-008749-003/2024(H5N1)	166	43767
NS|PP755593.1|A/cattle/Texas/24-008749-003/2024(H5N1)	167	40132
NS|PP755593.1|A/cattle/Texas/24-008749-003/2024(H5N1)	168	40062
NS|PP755593.1|A/cattle/Texas/24-008749-003/2024(H5N1)	169	40052
NS|PP755593.1|A/cattle/Texas/24-008749-003/2024(H5N1)	170	40588
NS|PP755593.1|A/cattle/Texas/24-008749-003/2024(H5N1)	171	41378
NS|PP755593.1|A/cattle/Texas/24-008749-003/2024(H5N1)	172	41366
NS|PP755593.1|A/cattle/Texas/24-008749-003/2024(H5N1)	173	41490
NS|PP755593.1|A/cattle/Texas/24-008749-003/2024(H5N1)	174	41414
NS|PP755593.1|A/cattle/Texas/24-008749-003/2024(H5N1)	175	41527
NS|PP755593.1|A/cattle/Texas/24-008749-003/2024(H5N1)	176	42178
NS|PP755593.1|A/cattle/Texas/24-008749-003/2024(H5N1)	177	42049
NS|PP755593.1|A/cattle/Texas/24-008749-003/2024(H5N1)	178	41940
NS|PP755593.1|A/cattle/Texas/24-008749-003/2024(H5N1)	179	41292
NS|PP755593.1|A/cattle/Texas/24-008749-003/2024(H5N1)	180	41071
NS|PP755593.1|A/cattle/Texas/24-008749-003/2024(H5N1)	181	41669
NS|PP755593.1|A/cattle/Texas/24-008749-003/2024(H5N1)	182	41530
NS|PP755593.1|A/cattle/Texas/24-008749-003/2024(H5N1)	183	41987
NS|PP755593.1|A/cattle/Texas/24-008749-003/2024(H5N1)	184	41913
NS|PP755593.1|A/cattle/Texas/24-008749-003/2024(H5N1)	185	41614
NS|PP755593.1|A/cattle/Texas/24-008749-003/2024(H5N1)	186	42088
NS|PP755593.1|A/cattle/Texas/24-008749-003/2024(H5N1)	187	42034
NS|PP755593.1|A/cattle/Texas/24-008749-003/2024(H5N1)	188	42666
NS|PP755593.1|A/cattle/Texas/24-008749-003/2024(H5N1)	189	42452
NS|PP755593.1|A/cattle/Texas/24-008749-003/2024(H5N1)	190	42474
NS|PP755593.1|A/cattle/Texas/24-008749-003/2024(H5N1)	191	42537
NS|PP755593.1|A/cattle/Texas/24-008749-003/2024(H5N1)	192	42206
NS|PP755593.1|A/cattle/Texas/24-008749-003/2024(H5N1)	193	43295
NS|PP755593.1|A/cattle/Texas/24-008749-003/2024(H5N1)	194	43133
NS|PP755593.1|A/cattle/Texas/24-008749-003/2024(H5N1)	195	42979
NS|PP755593.1|A/cattle/Texas/24-008749-003/2024(H5N1)	196	43512
NS|PP755593.1|A/cattle/Texas/24-008749-003/2024(H5N1)	197	43087
NS|PP755593.1|A/cattle/Texas/24-008749-003/2024(H5N1)	198	43084
NS|PP755593.1|A/cattle/Texas/24-008749-003/2024(H5N1)	199	43160
NS|PP755593.1|A/cattle/Texas/24-008749-003/2024(H5N1)	200	43826
NS|PP755593.1|A/cattle/Texas/24-008749-003/2024(H5N1)	201	43892
NS|PP755593.1|A/cattle/Texas/24-008749-003/2024(H5N1)	202	43398
NS|PP755593.1|A/cattle/Texas/24-008749-003/2024(H5N1)	203	43530
NS|PP755593.1|A/cattle/Texas/24-008749-003/2024(H5N1)	204	43470
NS|PP755593.1|A/cattle/Texas/24-008749-003/2024(H5N1)	205	45170
NS|PP755593.1|A/cattle/Texas/24-008749-003/2024(H5N1)	206	45172
NS|PP755593.1|A/cattle/Texas/24-008749-003/2024(H5N1)	207	45170
NS|PP755593.1|A/cattle/Texas/24-008749-003/2024(H5N1)	208	45163
NS|PP755593.1|A/cattle/Texas/24-008749-003/2024(H5N1)	209	44884
NS|PP755593.1|A/cattle/Texas/24-008749-003/2024(H5N1)	210	44896
NS|PP755593.1|A/cattle/Texas/24-008749-003/2024(H5N1)	211	45159
NS|PP755593.1|A/cattle/Texas/24-008749-003/2024(H5N1)	212	46400
NS|PP755593.1|A/cattle/Texas/24-008749-003/2024(H5N1)	213	46358
NS|PP755593.1|A/cattle/Texas/24-008749-003/2024(H5N1)	214	46516
NS|PP755593.1|A/cattle/Texas/24-008749-003/2024(H5N1)	215	46724
NS|PP755593.1|A/cattle/Texas/24-008749-003/2024(H5N1)	216	47103
NS|PP755593.1|A/cattle/Texas/24-008749-003/2024(H5N1)	217	47127
NS|PP755593.1|A/cattle/Texas/24-008749-003/2024(H5N1)	218	47153
NS|PP755593.1|A/cattle/Texas/24-008749-003/2024(H5N1)	219	47198
NS|PP755593.1|A/cattle/Texas/24-008749-003/2024(H5N1)	220	47085
NS|PP755593.1|A/cattle/Texas/24-008749-003/2024(H5N1)	221	47308
NS|PP755593.1|A/cattle/Texas/24-008749-003/2024(H5N1)	222	46177
NS|PP755593.1|A/cattle/Texas/24-008749-003/2024(H5N1)	223	46074
NS|PP755593.1|A/cattle/Texas/24-008749-003/2024(H5N1)	224	46037
NS|PP755593.1|A/cattle/Texas/24-008749-003/2024(H5N1)	225	46016
NS|PP755593.1|A/cattle/Texas/24-008749-003/2024(H5N1)	226	46087
NS|PP755593.1|A/cattle/Texas/24-008749-003/2024(H5N1)	227	45214
NS|PP755593.1|A/cattle/Texas/24-008749-003/2024(H5N1)	228	45212
NS|PP755593.1|A/cattle/Texas/24-008749-003/2024(H5N1)	229	45539
NS|PP755593.1|A/cattle/Texas/24-008749-003/2024(H5N1)	230	45545
NS|PP755593.1|A/cattle/Texas/24-008749-003/2024(H5N1)	231	46256
NS|PP755593.1|A/cattle/Texas/24-008749-003/2024(H5N1)	232	46227
NS|PP755593.1|A/cattle/Texas/24-008749-003/2024(H5N1)	233	46418
NS|PP755593.1|A/cattle/Texas/24-008749-003/2024(H5N1)	234	46045
NS|PP755593.1|A/cattle/Texas/24-008749-003/2024(H5N1)	235	46022
NS|PP755593.1|A/cattle/Texas/24-008749-003/2024(H5N1)	236	46823
NS|PP755593.1|A/cattle/Texas/24-008749-003/2024(H5N1)	237	46875
NS|PP755593.1|A/cattle/Texas/24-008749-003/2024(H5N1)	238	47886
NS|PP755593.1|A/cattle/Texas/24-008749-003/2024(H5N1)	239	47406
NS|PP755593.1|A/cattle/Texas/24-008749-003/2024(H5N1)	240	47516
NS|PP755593.1|A/cattle/Texas/24-008749-003/2024(H5N1)	241	47626
NS|PP755593.1|A/cattle/Texas/24-008749-003/2024(H5N1)	242	47602
NS|PP755593.1|A/cattle/Texas/24-008749-003/2024(H5N1)	243	47648
NS|PP755593.1|A/cattle/Texas/24-008749-003/2024(H5N1)	244	47801
NS|PP755593.1|A/cattle/Texas/24-008749-003/2024(H5N1)	245	47214
NS|PP755593.1|A/cattle/Texas/24-008749-003/2024(H5N1)	246	47874
NS|PP755593.1|A/cattle/Texas/24-008749-003/2024(H5N1)	247	47548
NS|PP755593.1|A/cattle/Texas/24-008749-003/2024(H5N1)	248	47274
NS|PP755593.1|A/cattle/Texas/24-008749-003/2024(H5N1)	249	47118
NS|PP755593.1|A/cattle/Texas/24-008749-003/2024(H5N1)	250	47849
NS|PP755593.1|A/cattle/Texas/24-008749-003/2024(H5N1)	251	48045
NS|PP755593.1|A/cattle/Texas/24-008749-003/2024(H5N1)	252	48097
NS|PP755593.1|A/cattle/Texas/24-008749-003/2024(H5N1)	253	48154
NS|PP755593.1|A/cattle/Texas/24-008749-003/2024(H5N1)	254	47447
NS|PP755593.1|A/cattle/Texas/24-008749-003/2024(H5N1)	255	46313
NS|PP755593.1|A/cattle/Texas/24-008749-003/2024(H5N1)	256	47163
NS|PP755593.1|A/cattle/Texas/24-008749-003/2024(H5N1)	257	47977
NS|PP755593.1|A/cattle/Texas/24-008749-003/2024(H5N1)	258	47958
NS|PP755593.1|A/cattle/Texas/24-008749-003/2024(H5N1)	259	48122
NS|PP755593.1|A/cattle/Texas/24-008749-003/2024(H5N1)	260	47046
NS|PP755593.1|A/cattle/Texas/24-008749-003/2024(H5N1)	261	47384
NS|PP755593.1|A/cattle/Texas/24-008749-003/2024(H5N1)	262	47621
NS|PP755593.1|A/cattle/Texas/24-008749-003/2024(H5N1)	263	47614
NS|PP755593.1|A/cattle/Texas/24-008749-003/2024(H5N1)	264	47410
NS|PP755593.1|A/cattle/Texas/24-008749-003/2024(H5N1)	265	46659
NS|PP755593.1|A/cattle/Texas/24-008749-003/2024(H5N1)	266	48265
NS|PP755593.1|A/cattle/Texas/24-008749-003/2024(H5N1)	267	48410
NS|PP755593.1|A/cattle/Texas/24-008749-003/2024(H5N1)	268	48310
NS|PP755593.1|A/cattle/Texas/24-008749-003/2024(H5N1)	269	48401
NS|PP755593.1|A/cattle/Texas/24-008749-003/2024(H5N1)	270	48153
NS|PP755593.1|A/cattle/Texas/24-008749-003/2024(H5N1)	271	48258
NS|PP755593.1|A/cattle/Texas/24-008749-003/2024(H5N1)	272	47788
NS|PP755593.1|A/cattle/Texas/24-008749-003/2024(H5N1)	273	47179
NS|PP755593.1|A/cattle/Texas/24-008749-003/2024(H5N1)	274	47486
NS|PP755593.1|A/cattle/Texas/24-008749-003/2024(H5N1)	275	45892
NS|PP755593.1|A/cattle/Texas/24-008749-003/2024(H5N1)	276	45494
NS|PP755593.1|A/cattle/Texas/24-008749-003/2024(H5N1)	277	45505
NS|PP755593.1|A/cattle/Texas/24-008749-003/2024(H5N1)	278	46020
NS|PP755593.1|A/cattle/Texas/24-008749-003/2024(H5N1)	279	45974
NS|PP755593.1|A/cattle/Texas/24-008749-003/2024(H5N1)	280	45883
NS|PP755593.1|A/cattle/Texas/24-008749-003/2024(H5N1)	281	46971
NS|PP755593.1|A/cattle/Texas/24-008749-003/2024(H5N1)	282	46909
NS|PP755593.1|A/cattle/Texas/24-008749-003/2024(H5N1)	283	47195
NS|PP755593.1|A/cattle/Texas/24-008749-003/2024(H5N1)	284	47150
NS|PP755593.1|A/cattle/Texas/24-008749-003/2024(H5N1)	285	47116
NS|PP755593.1|A/cattle/Texas/24-008749-003/2024(H5N1)	286	47197
NS|PP755593.1|A/cattle/Texas/24-008749-003/2024(H5N1)	287	51416
NS|PP755593.1|A/cattle/Texas/24-008749-003/2024(H5N1)	288	51409
NS|PP755593.1|A/cattle/Texas/24-008749-003/2024(H5N1)	289	50811
NS|PP755593.1|A/cattle/Texas/24-008749-003/2024(H5N1)	290	49320
NS|PP755593.1|A/cattle/Texas/24-008749-003/2024(H5N1)	291	50270
NS|PP755593.1|A/cattle/Texas/24-008749-003/2024(H5N1)	292	50986
NS|PP755593.1|A/cattle/Texas/24-008749-003/2024(H5N1)	293	51321
NS|PP755593.1|A/cattle/Texas/24-008749-003/2024(H5N1)	294	51538
NS|PP755593.1|A/cattle/Texas/24-008749-003/2024(H5N1)	295	51543
NS|PP755593.1|A/cattle/Texas/24-008749-003/2024(H5N1)	296	50437
NS|PP755593.1|A/cattle/Texas/24-008749-003/2024(H5N1)	297	50425
NS|PP755593.1|A/cattle/Texas/24-008749-003/2024(H5N1)	298	50465
NS|PP755593.1|A/cattle/Texas/24-008749-003/2024(H5N1)	299	50471
NS|PP755593.1|A/cattle/Texas/24-008749-003/2024(H5N1)	300	49690
NS|PP755593.1|A/cattle/Texas/24-008749-003/2024(H5N1)	301	49950
NS|PP755593.1|A/cattle/Texas/24-008749-003/2024(H5N1)	302	48800
NS|PP755593.1|A/cattle/Texas/24-008749-003/2024(H5N1)	303	48476
NS|PP755593.1|A/cattle/Texas/24-008749-003/2024(H5N1)	304	48237
NS|PP755593.1|A/cattle/Texas/24-008749-003/2024(H5N1)	305	49939
NS|PP755593.1|A/cattle/Texas/24-008749-003/2024(H5N1)	306	50750
NS|PP755593.1|A/cattle/Texas/24-008749-003/2024(H5N1)	307	50997
NS|PP755593.1|A/cattle/Texas/24-008749-003/2024(H5N1)	308	50840
NS|PP755593.1|A/cattle/Texas/24-008749-003/2024(H5N1)	309	50338
NS|PP755593.1|A/cattle/Texas/24-008749-003/2024(H5N1)	310	50196
NS|PP755593.1|A/cattle/Texas/24-008749-003/2024(H5N1)	311	50333
NS|PP755593.1|A/cattle/Texas/24-008749-003/2024(H5N1)	312	50864
NS|PP755593.1|A/cattle/Texas/24-008749-003/2024(H5N1)	313	51352
NS|PP755593.1|A/cattle/Texas/24-008749-003/2024(H5N1)	314	49654
NS|PP755593.1|A/cattle/Texas/24-008749-003/2024(H5N1)	315	49013
NS|PP755593.1|A/cattle/Texas/24-008749-003/2024(H5N1)	316	48916
NS|PP755593.1|A/cattle/Texas/24-008749-003/2024(H5N1)	317	49133
NS|PP755593.1|A/cattle/Texas/24-008749-003/2024(H5N1)	318	49046
NS|PP755593.1|A/cattle/Texas/24-008749-003/2024(H5N1)	319	49535
NS|PP755593.1|A/cattle/Texas/24-008749-003/2024(H5N1)	320	49474
NS|PP755593.1|A/cattle/Texas/24-008749-003/2024(H5N1)	321	48464
NS|PP755593.1|A/cattle/Texas/24-008749-003/2024(H5N1)	322	48053
NS|PP755593.1|A/cattle/Texas/24-008749-003/2024(H5N1)	323	48313
NS|PP755593.1|A/cattle/Texas/24-008749-003/2024(H5N1)	324	47627
NS|PP755593.1|A/cattle/Texas/24-008749-003/2024(H5N1)	325	47600
NS|PP755593.1|A/cattle/Texas/24-008749-003/2024(H5N1)	326	47499
NS|PP755593.1|A/cattle/Texas/24-008749-003/2024(H5N1)	327	46918
NS|PP755593.1|A/cattle/Texas/24-008749-003/2024(H5N1)	328	46894
NS|PP755593.1|A/cattle/Texas/24-008749-003/2024(H5N1)	329	46970
NS|PP755593.1|A/cattle/Texas/24-008749-003/2024(H5N1)	330	46807
NS|PP755593.1|A/cattle/Texas/24-008749-003/2024(H5N1)	331	46994
NS|PP755593.1|A/cattle/Texas/24-008749-003/2024(H5N1)	332	46195
NS|PP755593.1|A/cattle/Texas/24-008749-003/2024(H5N1)	333	46170
NS|PP755593.1|A/cattle/Texas/24-008749-003/2024(H5N1)	334	45788
NS|PP755593.1|A/cattle/Texas/24-008749-003/2024(H5N1)	335	45791
NS|PP755593.1|A/cattle/Texas/24-008749-003/2024(H5N1)	336	45739
NS|PP755593.1|A/cattle/Texas/24-008749-003/2024(H5N1)	337	45800
NS|PP755593.1|A/cattle/Texas/24-008749-003/2024(H5N1)	338	45909
NS|PP755593.1|A/cattle/Texas/24-008749-003/2024(H5N1)	339	45266
NS|PP755593.1|A/cattle/Texas/24-008749-003/2024(H5N1)	340	45087
NS|PP755593.1|A/cattle/Texas/24-008749-003/2024(H5N1)	341	45536
NS|PP755593.1|A/cattle/Texas/24-008749-003/2024(H5N1)	342	45772
NS|PP755593.1|A/cattle/Texas/24-008749-003/2024(H5N1)	343	44830
NS|PP755593.1|A/cattle/Texas/24-008749-003/2024(H5N1)	344	44905
NS|PP755593.1|A/cattle/Texas/24-008749-003/2024(H5N1)	345	45263
NS|PP755593.1|A/cattle/Texas/24-008749-003/2024(H5N1)	346	44657
NS|PP755593.1|A/cattle/Texas/24-008749-003/2024(H5N1)	347	46516
NS|PP755593.1|A/cattle/Texas/24-008749-003/2024(H5N1)	348	46612
NS|PP755593.1|A/cattle/Texas/24-008749-003/2024(H5N1)	349	46583
NS|PP755593.1|A/cattle/Texas/24-008749-003/2024(H5N1)	350	46184
NS|PP755593.1|A/cattle/Texas/24-008749-003/2024(H5N1)	351	45859
NS|PP755593.1|A/cattle/Texas/24-008749-003/2024(H5N1)	352	45719
NS|PP755593.1|A/cattle/Texas/24-008749-003/2024(H5N1)	353	47173
NS|PP755593.1|A/cattle/Texas/24-008749-003/2024(H5N1)	354	48028
NS|PP755593.1|A/cattle/Texas/24-008749-003/2024(H5N1)	355	48524
NS|PP755593.1|A/cattle/Texas/24-008749-003/2024(H5N1)	356	46530
NS|PP755593.1|A/cattle/Texas/24-008749-003/2024(H5N1)	357	46645
NS|PP755593.1|A/cattle/Texas/24-008749-003/2024(H5N1)	358	47041
NS|PP755593.1|A/cattle/Texas/24-008749-003/2024(H5N1)	359	47315
NS|PP755593.1|A/cattle/Texas/24-008749-003/2024(H5N1)	360	47762
NS|PP755593.1|A/cattle/Texas/24-008749-003/2024(H5N1)	361	47476
NS|PP755593.1|A/cattle/Texas/24-008749-003/2024(H5N1)	362	45775
NS|PP755593.1|A/cattle/Texas/24-008749-003/2024(H5N1)	363	46254
NS|PP755593.1|A/cattle/Texas/24-008749-003/2024(H5N1)	364	46782
NS|PP755593.1|A/cattle/Texas/24-008749-003/2024(H5N1)	365	47822
NS|PP755593.1|A/cattle/Texas/24-008749-003/2024(H5N1)	366	47672
NS|PP755593.1|A/cattle/Texas/24-008749-003/2024(H5N1)	367	48382
NS|PP755593.1|A/cattle/Texas/24-008749-003/2024(H5N1)	368	48396
NS|PP755593.1|A/cattle/Texas/24-008749-003/2024(H5N1)	369	48619
NS|PP755593.1|A/cattle/Texas/24-008749-003/2024(H5N1)	370	48678
NS|PP755593.1|A/cattle/Texas/24-008749-003/2024(H5N1)	371	48696
NS|PP755593.1|A/cattle/Texas/24-008749-003/2024(H5N1)	372	48283
NS|PP755593.1|A/cattle/Texas/24-008749-003/2024(H5N1)	373	49236
NS|PP755593.1|A/cattle/Texas/24-008749-003/2024(H5N1)	374	49213
NS|PP755593.1|A/cattle/Texas/24-008749-003/2024(H5N1)	375	49537
NS|PP755593.1|A/cattle/Texas/24-008749-003/2024(H5N1)	376	49441
NS|PP755593.1|A/cattle/Texas/24-008749-003/2024(H5N1)	377	49365
NS|PP755593.1|A/cattle/Texas/24-008749-003/2024(H5N1)	378	50118
NS|PP755593.1|A/cattle/Texas/24-008749-003/2024(H5N1)	379	50148
NS|PP755593.1|A/cattle/Texas/24-008749-003/2024(H5N1)	380	50693
NS|PP755593.1|A/cattle/Texas/24-008749-003/2024(H5N1)	381	50620
NS|PP755593.1|A/cattle/Texas/24-008749-003/2024(H5N1)	382	49913
NS|PP755593.1|A/cattle/Texas/24-008749-003/2024(H5N1)	383	50010
NS|PP755593.1|A/cattle/Texas/24-008749-003/2024(H5N1)	384	49700
NS|PP755593.1|A/cattle/Texas/24-008749-003/2024(H5N1)	385	49959
NS|PP755593.1|A/cattle/Texas/24-008749-003/2024(H5N1)	386	49985
NS|PP755593.1|A/cattle/Texas/24-008749-003/2024(H5N1)	387	49109
NS|PP755593.1|A/cattle/Texas/24-008749-003/2024(H5N1)	388	48828
NS|PP755593.1|A/cattle/Texas/24-008749-003/2024(H5N1)	389	47607
NS|PP755593.1|A/cattle/Texas/24-008749-003/2024(H5N1)	390	47566
NS|PP755593.1|A/cattle/Texas/24-008749-003/2024(H5N1)	391	47403
NS|PP755593.1|A/cattle/Texas/24-008749-003/2024(H5N1)	392	47411
NS|PP755593.1|A/cattle/Texas/24-008749-003/2024(H5N1)	393	47389
NS|PP755593.1|A/cattle/Texas/24-008749-003/2024(H5N1)	394	47478
NS|PP755593.1|A/cattle/Texas/24-008749-003/2024(H5N1)	395	47247
NS|PP755593.1|A/cattle/Texas/24-008749-003/2024(H5N1)	396	47433
NS|PP755593.1|A/cattle/Texas/24-008749-003/2024(H5N1)	397	46511
NS|PP755593.1|A/cattle/Texas/24-008749-003/2024(H5N1)	398	47654
NS|PP755593.1|A/cattle/Texas/24-008749-003/2024(H5N1)	399	47710
NS|PP755593.1|A/cattle/Texas/24-008749-003/2024(H5N1)	400	47829
NS|PP755593.1|A/cattle/Texas/24-008749-003/2024(H5N1)	401	48055
NS|PP755593.1|A/cattle/Texas/24-008749-003/2024(H5N1)	402	47898
NS|PP755593.1|A/cattle/Texas/24-008749-003/2024(H5N1)	403	47655
NS|PP755593.1|A/cattle/Texas/24-008749-003/2024(H5N1)	404	47906
NS|PP755593.1|A/cattle/Texas/24-008749-003/2024(H5N1)	405	48108
NS|PP755593.1|A/cattle/Texas/24-008749-003/2024(H5N1)	406	48203
NS|PP755593.1|A/cattle/Texas/24-008749-003/2024(H5N1)	407	47173
NS|PP755593.1|A/cattle/Texas/24-008749-003/2024(H5N1)	408	46536
NS|PP755593.1|A/cattle/Texas/24-008749-003/2024(H5N1)	409	47976
NS|PP755593.1|A/cattle/Texas/24-008749-003/2024(H5N1)	410	47931
NS|PP755593.1|A/cattle/Texas/24-008749-003/2024(H5N1)	411	47800
NS|PP755593.1|A/cattle/Texas/24-008749-003/2024(H5N1)	412	47758
NS|PP755593.1|A/cattle/Texas/24-008749-003/2024(H5N1)	413	47662
NS|PP755593.1|A/cattle/Texas/24-008749-003/2024(H5N1)	414	47278
NS|PP755593.1|A/cattle/Texas/24-008749-003/2024(H5N1)	415	47198
NS|PP755593.1|A/cattle/Texas/24-008749-003/2024(H5N1)	416	47221
NS|PP755593.1|A/cattle/Texas/24-008749-003/2024(H5N1)	417	45741
NS|PP755593.1|A/cattle/Texas/24-008749-003/2024(H5N1)	418	45713
NS|PP755593.1|A/cattle/Texas/24-008749-003/2024(H5N1)	419	45701
NS|PP755593.1|A/cattle/Texas/24-008749-003/2024(H5N1)	420	46414
NS|PP755593.1|A/cattle/Texas/24-008749-003/2024(H5N1)	421	46464
NS|PP755593.1|A/cattle/Texas/24-008749-003/2024(H5N1)	422	48694
NS|PP755593.1|A/cattle/Texas/24-008749-003/2024(H5N1)	423	48836
NS|PP755593.1|A/cattle/Texas/24-008749-003/2024(H5N1)	424	48858
NS|PP755593.1|A/cattle/Texas/24-008749-003/2024(H5N1)	425	48715
NS|PP755593.1|A/cattle/Texas/24-008749-003/2024(H5N1)	426	48708
NS|PP755593.1|A/cattle/Texas/24-008749-003/2024(H5N1)	427	48736
NS|PP755593.1|A/cattle/Texas/24-008749-003/2024(H5N1)	428	53380
NS|PP755593.1|A/cattle/Texas/24-008749-003/2024(H5N1)	429	52564
NS|PP755593.1|A/cattle/Texas/24-008749-003/2024(H5N1)	430	51825
NS|PP755593.1|A/cattle/Texas/24-008749-003/2024(H5N1)	431	51809
NS|PP755593.1|A/cattle/Texas/24-008749-003/2024(H5N1)	432	52623
NS|PP755593.1|A/cattle/Texas/24-008749-003/2024(H5N1)	433	54471
NS|PP755593.1|A/cattle/Texas/24-008749-003/2024(H5N1)	434	53660
NS|PP755593.1|A/cattle/Texas/24-008749-003/2024(H5N1)	435	53619
NS|PP755593.1|A/cattle/Texas/24-008749-003/2024(H5N1)	436	53605
NS|PP755593.1|A/cattle/Texas/24-008749-003/2024(H5N1)	437	48933
NS|PP755593.1|A/cattle/Texas/24-008749-003/2024(H5N1)	438	49999
NS|PP755593.1|A/cattle/Texas/24-008749-003/2024(H5N1)	439	49764
NS|PP755593.1|A/cattle/Texas/24-008749-003/2024(H5N1)	440	50276
NS|PP755593.1|A/cattle/Texas/24-008749-003/2024(H5N1)	441	49426
NS|PP755593.1|A/cattle/Texas/24-008749-003/2024(H5N1)	442	47532
NS|PP755593.1|A/cattle/Texas/24-008749-003/2024(H5N1)	443	47835
NS|PP755593.1|A/cattle/Texas/24-008749-003/2024(H5N1)	444	47550
NS|PP755593.1|A/cattle/Texas/24-008749-003/2024(H5N1)	445	47343
NS|PP755593.1|A/cattle/Texas/24-008749-003/2024(H5N1)	446	47301
NS|PP755593.1|A/cattle/Texas/24-008749-003/2024(H5N1)	447	47021
NS|PP755593.1|A/cattle/Texas/24-008749-003/2024(H5N1)	448	47079
NS|PP755593.1|A/cattle/Texas/24-008749-003/2024(H5N1)	449	47329
NS|PP755593.1|A/cattle/Texas/24-008749-003/2024(H5N1)	450	47305
NS|PP755593.1|A/cattle/Texas/24-008749-003/2024(H5N1)	451	47490
NS|PP755593.1|A/cattle/Texas/24-008749-003/2024(H5N1)	452	47493
NS|PP755593.1|A/cattle/Texas/24-008749-003/2024(H5N1)	453	47124
NS|PP755593.1|A/cattle/Texas/24-008749-003/2024(H5N1)	454	47422
NS|PP755593.1|A/cattle/Texas/24-008749-003/2024(H5N1)	455	47496
NS|PP755593.1|A/cattle/Texas/24-008749-003/2024(H5N1)	456	46039
NS|PP755593.1|A/cattle/Texas/24-008749-003/2024(H5N1)	457	45390
NS|PP755593.1|A/cattle/Texas/24-008749-003/2024(H5N1)	458	45194
NS|PP755593.1|A/cattle/Texas/24-008749-003/2024(H5N1)	459	45331
NS|PP755593.1|A/cattle/Texas/24-008749-003/2024(H5N1)	460	45122
NS|PP755593.1|A/cattle/Texas/24-008749-003/2024(H5N1)	461	45725
NS|PP755593.1|A/cattle/Texas/24-008749-003/2024(H5N1)	462	45654
NS|PP755593.1|A/cattle/Texas/24-008749-003/2024(H5N1)	463	45125
NS|PP755593.1|A/cattle/Texas/24-008749-003/2024(H5N1)	464	44770
NS|PP755593.1|A/cattle/Texas/24-008749-003/2024(H5N1)	465	44683
NS|PP755593.1|A/cattle/Texas/24-008749-003/2024(H5N1)	466	44689
NS|PP755593.1|A/cattle/Texas/24-008749-003/2024(H5N1)	467	44995
NS|PP755593.1|A/cattle/Texas/24-008749-003/2024(H5N1)	468	44778
NS|PP755593.1|A/cattle/Texas/24-008749-003/2024(H5N1)	469	44771
NS|PP755593.1|A/cattle/Texas/24-008749-003/2024(H5N1)	470	44210
NS|PP755593.1|A/cattle/Texas/24-008749-003/2024(H5N1)	471	44191
NS|PP755593.1|A/cattle/Texas/24-008749-003/2024(H5N1)	472	44169
NS|PP755593.1|A/cattle/Texas/24-008749-003/2024(H5N1)	473	44815
NS|PP755593.1|A/cattle/Texas/24-008749-003/2024(H5N1)	474	44639
NS|PP755593.1|A/cattle/Texas/24-008749-003/2024(H5N1)	475	44628
NS|PP755593.1|A/cattle/Texas/24-008749-003/2024(H5N1)	476	45982
NS|PP755593.1|A/cattle/Texas/24-008749-003/2024(H5N1)	477	46232
NS|PP755593.1|A/cattle/Texas/24-008749-003/2024(H5N1)	478	46244
NS|PP755593.1|A/cattle/Texas/24-008749-003/2024(H5N1)	479	46273
NS|PP755593.1|A/cattle/Texas/24-008749-003/2024(H5N1)	480	46445
NS|PP755593.1|A/cattle/Texas/24-008749-003/2024(H5N1)	481	46451
NS|PP755593.1|A/cattle/Texas/24-008749-003/2024(H5N1)	482	47452
NS|PP755593.1|A/cattle/Texas/24-008749-003/2024(H5N1)	483	47562
NS|PP755593.1|A/cattle/Texas/24-008749-003/2024(H5N1)	484	47823
NS|PP755593.1|A/cattle/Texas/24-008749-003/2024(H5N1)	485	47981
NS|PP755593.1|A/cattle/Texas/24-008749-003/2024(H5N1)	486	47911
NS|PP755593.1|A/cattle/Texas/24-008749-003/2024(H5N1)	487	48196
NS|PP755593.1|A/cattle/Texas/24-008749-003/2024(H5N1)	488	47839
NS|PP755593.1|A/cattle/Texas/24-008749-003/2024(H5N1)	489	48058
NS|PP755593.1|A/cattle/Texas/24-008749-003/2024(H5N1)	490	48270
NS|PP755593.1|A/cattle/Texas/24-008749-003/2024(H5N1)	491	47831
NS|PP755593.1|A/cattle/Texas/24-008749-003/2024(H5N1)	492	50128
NS|PP755593.1|A/cattle/Texas/24-008749-003/2024(H5N1)	493	49987
NS|PP755593.1|A/cattle/Texas/24-008749-003/2024(H5N1)	494	49673
NS|PP755593.1|A/cattle/Texas/24-008749-003/2024(H5N1)	495	49643
NS|PP755593.1|A/cattle/Texas/24-008749-003/2024(H5N1)	496	49342
NS|PP755593.1|A/cattle/Texas/24-008749-003/2024(H5N1)	497	49709
NS|PP755593.1|A/cattle/Texas/24-008749-003/2024(H5N1)	498	49507
NS|PP755593.1|A/cattle/Texas/24-008749-003/2024(H5N1)	499	49533
NS|PP755593.1|A/cattle/Texas/24-008749-003/2024(H5N1)	500	49425
NS|PP755593.1|A/cattle/Texas/24-008749-003/2024(H5N1)	501	49569
NS|PP755593.1|A/cattle/Texas/24-008749-003/2024(H5N1)	502	50255
NS|PP755593.1|A/cattle/Texas/24-008749-003/2024(H5N1)	503	51617
NS|PP755593.1|A/cattle/Texas/24-008749-003/2024(H5N1)	504	50485
NS|PP755593.1|A/cattle/Texas/24-008749-003/2024(H5N1)	505	49352
NS|PP755593.1|A/cattle/Texas/24-008749-003/2024(H5N1)	506	49894
NS|PP755593.1|A/cattle/Texas/24-008749-003/2024(H5N1)	507	49993
NS|PP755593.1|A/cattle/Texas/24-008749-003/2024(H5N1)	508	50007
NS|PP755593.1|A/cattle/Texas/24-008749-003/2024(H5N1)	509	50633
NS|PP755593.1|A/cattle/Texas/24-008749-003/2024(H5N1)	510	50326
NS|PP755593.1|A/cattle/Texas/24-008749-003/2024(H5N1)	511	50218
NS|PP755593.1|A/cattle/Texas/24-008749-003/2024(H5N1)	512	50018
NS|PP755593.1|A/cattle/Texas/24-008749-003/2024(H5N1)	513	49635
NS|PP755593.1|A/cattle/Texas/24-008749-003/2024(H5N1)	514	49210
NS|PP755593.1|A/cattle/Texas/24-008749-003/2024(H5N1)	515	47837
NS|PP755593.1|A/cattle/Texas/24-008749-003/2024(H5N1)	516	47819
NS|PP755593.1|A/cattle/Texas/24-008749-003/2024(H5N1)	517	47756
NS|PP755593.1|A/cattle/Texas/24-008749-003/2024(H5N1)	518	46787
NS|PP755593.1|A/cattle/Texas/24-008749-003/2024(H5N1)	519	46873
NS|PP755593.1|A/cattle/Texas/24-008749-003/2024(H5N1)	520	46605
NS|PP755593.1|A/cattle/Texas/24-008749-003/2024(H5N1)	521	46528
NS|PP755593.1|A/cattle/Texas/24-008749-003/2024(H5N1)	522	46620
NS|PP755593.1|A/cattle/Texas/24-008749-003/2024(H5N1)	523	46600
NS|PP755593.1|A/cattle/Texas/24-008749-003/2024(H5N1)	524	45999
NS|PP755593.1|A/cattle/Texas/24-008749-003/2024(H5N1)	525	45963
NS|PP755593.1|A/cattle/Texas/24-008749-003/2024(H5N1)	526	45648
NS|PP755593.1|A/cattle/Texas/24-008749-003/2024(H5N1)	527	46034
NS|PP755593.1|A/cattle/Texas/24-008749-003/2024(H5N1)	528	45981
NS|PP755593.1|A/cattle/Texas/24-008749-003/2024(H5N1)	529	45287
NS|PP755593.1|A/cattle/Texas/24-008749-003/2024(H5N1)	530	46040
NS|PP755593.1|A/cattle/Texas/24-008749-003/2024(H5N1)	531	46042
NS|PP755593.1|A/cattle/Texas/24-008749-003/2024(H5N1)	532	46294
NS|PP755593.1|A/cattle/Texas/24-008749-003/2024(H5N1)	533	46113
NS|PP755593.1|A/cattle/Texas/24-008749-003/2024(H5N1)	534	46015
NS|PP755593.1|A/cattle/Texas/24-008749-003/2024(H5N1)	535	46091
NS|PP755593.1|A/cattle/Texas/24-008749-003/2024(H5N1)	536	45804
NS|PP755593.1|A/cattle/Texas/24-008749-003/2024(H5N1)	537	45844
NS|PP755593.1|A/cattle/Texas/24-008749-003/2024(H5N1)	538	46024
NS|PP755593.1|A/cattle/Texas/24-008749-003/2024(H5N1)	539	46041
NS|PP755593.1|A/cattle/Texas/24-008749-003/2024(H5N1)	540	46913
NS|PP755593.1|A/cattle/Texas/24-008749-003/2024(H5N1)	541	46660
NS|PP755593.1|A/cattle/Texas/24-008749-003/2024(H5N1)	542	46561
NS|PP755593.1|A/cattle/Texas/24-008749-003/2024(H5N1)	543	47081
NS|PP755593.1|A/cattle/Texas/24-008749-003/2024(H5N1)	544	47025
NS|PP755593.1|A/cattle/Texas/24-008749-003/2024(H5N1)	545	47217
NS|PP755593.1|A/cattle/Texas/24-008749-003/2024(H5N1)	546	47192
NS|PP755593.1|A/cattle/Texas/24-008749-003/2024(H5N1)	547	46894
NS|PP755593.1|A/cattle/Texas/24-008749-003/2024(H5N1)	548	46903
NS|PP755593.1|A/cattle/Texas/24-008749-003/2024(H5N1)	549	45660
NS|PP755593.1|A/cattle/Texas/24-008749-003/2024(H5N1)	550	45131
NS|PP755593.1|A/cattle/Texas/24-008749-003/2024(H5N1)	551	46017
NS|PP755593.1|A/cattle/Texas/24-008749-003/2024(H5N1)	552	45604
NS|PP755593.1|A/cattle/Texas/24-008749-003/2024(H5N1)	553	46520
NS|PP755593.1|A/cattle/Texas/24-008749-003/2024(H5N1)	554	46450
NS|PP755593.1|A/cattle/Texas/24-008749-003/2024(H5N1)	555	46478
NS|PP755593.1|A/cattle/Texas/24-008749-003/2024(H5N1)	556	46725
NS|PP755593.1|A/cattle/Texas/24-008749-003/2024(H5N1)	557	46723
NS|PP755593.1|A/cattle/Texas/24-008749-003/2024(H5N1)	558	46764
NS|PP755593.1|A/cattle/Texas/24-008749-003/2024(H5N1)	559	46626
NS|PP755593.1|A/cattle/Texas/24-008749-003/2024(H5N1)	560	45194
NS|PP755593.1|A/cattle/Texas/24-008749-003/2024(H5N1)	561	45437
NS|PP755593.1|A/cattle/Texas/24-008749-003/2024(H5N1)	562	45299
NS|PP755593.1|A/cattle/Texas/24-008749-003/2024(H5N1)	563	45550
NS|PP755593.1|A/cattle/Texas/24-008749-003/2024(H5N1)	564	47619
NS|PP755593.1|A/cattle/Texas/24-008749-003/2024(H5N1)	565	47712
NS|PP755593.1|A/cattle/Texas/24-008749-003/2024(H5N1)	566	47844
NS|PP755593.1|A/cattle/Texas/24-008749-003/2024(H5N1)	567	48757
NS|PP755593.1|A/cattle/Texas/24-008749-003/2024(H5N1)	568	48739
NS|PP755593.1|A/cattle/Texas/24-008749-003/2024(H5N1)	569	48952
NS|PP755593.1|A/cattle/Texas/24-008749-003/2024(H5N1)	570	48130
NS|PP755593.1|A/cattle/Texas/24-008749-003/2024(H5N1)	571	47928
NS|PP755593.1|A/cattle/Texas/24-008749-003/2024(H5N1)	572	48241
NS|PP755593.1|A/cattle/Texas/24-008749-003/2024(H5N1)	573	45450
NS|PP755593.1|A/cattle/Texas/24-008749-003/2024(H5N1)	574	46149
NS|PP755593.1|A/cattle/Texas/24-008749-003/2024(H5N1)	575	46120
NS|PP755593.1|A/cattle/Texas/24-008749-003/2024(H5N1)	576	46110
NS|PP755593.1|A/cattle/Texas/24-008749-003/2024(H5N1)	577	48150
NS|PP755593.1|A/cattle/Texas/24-008749-003/2024(H5N1)	578	47892
NS|PP755593.1|A/cattle/Texas/24-008749-003/2024(H5N1)	579	43882
NS|PP755593.1|A/cattle/Texas/24-008749-003/2024(H5N1)	580	43877
NS|PP755593.1|A/cattle/Texas/24-008749-003/2024(H5N1)	581	43240
NS|PP755593.1|A/cattle/Texas/24-008749-003/2024(H5N1)	582	42604
NS|PP755593.1|A/cattle/Texas/24-008749-003/2024(H5N1)	583	41594
NS|PP755593.1|A/cattle/Texas/24-008749-003/2024(H5N1)	584	41608
NS|PP755593.1|A/cattle/Texas/24-008749-003/2024(H5N1)	585	41591
NS|PP755593.1|A/cattle/Texas/24-008749-003/2024(H5N1)	586	41601
NS|PP755593.1|A/cattle/Texas/24-008749-003/2024(H5N1)	587	43856
NS|PP755593.1|A/cattle/Texas/24-008749-003/2024(H5N1)	588	43920
NS|PP755593.1|A/cattle/Texas/24-008749-003/2024(H5N1)	589	43735
NS|PP755593.1|A/cattle/Texas/24-008749-003/2024(H5N1)	590	43777
NS|PP755593.1|A/cattle/Texas/24-008749-003/2024(H5N1)	591	43169
NS|PP755593.1|A/cattle/Texas/24-008749-003/2024(H5N1)	592	43301
NS|PP755593.1|A/cattle/Texas/24-008749-003/2024(H5N1)	593	43336
NS|PP755593.1|A/cattle/Texas/24-008749-003/2024(H5N1)	594	43116
NS|PP755593.1|A/cattle/Texas/24-008749-003/2024(H5N1)	595	43022
NS|PP755593.1|A/cattle/Texas/24-008749-003/2024(H5N1)	596	42906
NS|PP755593.1|A/cattle/Texas/24-008749-003/2024(H5N1)	597	42959
NS|PP755593.1|A/cattle/Texas/24-008749-003/2024(H5N1)	598	42194
NS|PP755593.1|A/cattle/Texas/24-008749-003/2024(H5N1)	599	42307
NS|PP755593.1|A/cattle/Texas/24-008749-003/2024(H5N1)	600	42200
NS|PP755593.1|A/cattle/Texas/24-008749-003/2024(H5N1)	601	42094
NS|PP755593.1|A/cattle/Texas/24-008749-003/2024(H5N1)	602	41933
NS|PP755593.1|A/cattle/Texas/24-008749-003/2024(H5N1)	603	42093
NS|PP755593.1|A/cattle/Texas/24-008749-003/2024(H5N1)	604	42154
NS|PP755593.1|A/cattle/Texas/24-008749-003/2024(H5N1)	605	41731
NS|PP755593.1|A/cattle/Texas/24-008749-003/2024(H5N1)	606	41626
NS|PP755593.1|A/cattle/Texas/24-008749-003/2024(H5N1)	607	41639
NS|PP755593.1|A/cattle/Texas/24-008749-003/2024(H5N1)	608	41425
NS|PP755593.1|A/cattle/Texas/24-008749-003/2024(H5N1)	609	41947
NS|PP755593.1|A/cattle/Texas/24-008749-003/2024(H5N1)	610	41794
NS|PP755593.1|A/cattle/Texas/24-008749-003/2024(H5N1)	611	41789
NS|PP755593.1|A/cattle/Texas/24-008749-003/2024(H5N1)	612	41147
NS|PP755593.1|A/cattle/Texas/24-008749-003/2024(H5N1)	613	41049
NS|PP755593.1|A/cattle/Texas/24-008749-003/2024(H5N1)	614	41498
NS|PP755593.1|A/cattle/Texas/24-008749-003/2024(H5N1)	615	41596
NS|PP755593.1|A/cattle/Texas/24-008749-003/2024(H5N1)	616	41543
NS|PP755593.1|A/cattle/Texas/24-008749-003/2024(H5N1)	617	42546
NS|PP755593.1|A/cattle/Texas/24-008749-003/2024(H5N1)	618	42700
NS|PP755593.1|A/cattle/Texas/24-008749-003/2024(H5N1)	619	42793
NS|PP755593.1|A/cattle/Texas/24-008749-003/2024(H5N1)	620	42823
NS|PP755593.1|A/cattle/Texas/24-008749-003/2024(H5N1)	621	42714
NS|PP755593.1|A/cattle/Texas/24-008749-003/2024(H5N1)	622	42884
NS|PP755593.1|A/cattle/Texas/24-008749-003/2024(H5N1)	623	42182
NS|PP755593.1|A/cattle/Texas/24-008749-003/2024(H5N1)	624	42861
NS|PP755593.1|A/cattle/Texas/24-008749-003/2024(H5N1)	625	44004
NS|PP755593.1|A/cattle/Texas/24-008749-003/2024(H5N1)	626	42641
NS|PP755593.1|A/cattle/Texas/24-008749-003/2024(H5N1)	627	42702
NS|PP755593.1|A/cattle/Texas/24-008749-003/2024(H5N1)	628	42457
NS|PP755593.1|A/cattle/Texas/24-008749-003/2024(H5N1)	629	43119
NS|PP755593.1|A/cattle/Texas/24-008749-003/2024(H5N1)	630	43104
NS|PP755593.1|A/cattle/Texas/24-008749-003/2024(H5N1)	631	42849
NS|PP755593.1|A/cattle/Texas/24-008749-003/2024(H5N1)	632	43051
NS|PP755593.1|A/cattle/Texas/24-008749-003/2024(H5N1)	633	41787
NS|PP755593.1|A/cattle/Texas/24-008749-003/2024(H5N1)	634	43284
NS|PP755593.1|A/cattle/Texas/24-008749-003/2024(H5N1)	635	46367
NS|PP755593.1|A/cattle/Texas/24-008749-003/2024(H5N1)	636	46141
NS|PP755593.1|A/cattle/Texas/24-008749-003/2024(H5N1)	637	46173
NS|PP755593.1|A/cattle/Texas/24-008749-003/2024(H5N1)	638	46806
NS|PP755593.1|A/cattle/Texas/24-008749-003/2024(H5N1)	639	46854
NS|PP755593.1|A/cattle/Texas/24-008749-003/2024(H5N1)	640	47246
NS|PP755593.1|A/cattle/Texas/24-008749-003/2024(H5N1)	641	46835
NS|PP755593.1|A/cattle/Texas/24-008749-003/2024(H5N1)	642	46943
NS|PP755593.1|A/cattle/Texas/24-008749-003/2024(H5N1)	643	44509
NS|PP755593.1|A/cattle/Texas/24-008749-003/2024(H5N1)	644	45060
NS|PP755593.1|A/cattle/Texas/24-008749-003/2024(H5N1)	645	45059
NS|PP755593.1|A/cattle/Texas/24-008749-003/2024(H5N1)	646	43826
NS|PP755593.1|A/cattle/Texas/24-008749-003/2024(H5N1)	647	43629
NS|PP755593.1|A/cattle/Texas/24-008749-003/2024(H5N1)	648	44872
NS|PP755593.1|A/cattle/Texas/24-008749-003/2024(H5N1)	649	44881
NS|PP755593.1|A/cattle/Texas/24-008749-003/2024(H5N1)	650	44819
NS|PP755593.1|A/cattle/Texas/24-008749-003/2024(H5N1)	651	44747
NS|PP755593.1|A/cattle/Texas/24-008749-003/2024(H5N1)	652	44013
NS|PP755593.1|A/cattle/Texas/24-008749-003/2024(H5N1)	653	42440
NS|PP755593.1|A/cattle/Texas/24-008749-003/2024(H5N1)	654	42309
NS|PP755593.1|A/cattle/Texas/24-008749-003/2024(H5N1)	655	42522
NS|PP755593.1|A/cattle/Texas/24-008749-003/2024(H5N1)	656	42609
NS|PP755593.1|A/cattle/Texas/24-008749-003/2024(H5N1)	657	41715
NS|PP755593.1|A/cattle/Texas/24-008749-003/2024(H5N1)	658	42732
NS|PP755593.1|A/cattle/Texas/24-008749-003/2024(H5N1)	659	42769
NS|PP755593.1|A/cattle/Texas/24-008749-003/2024(H5N1)	660	41959
NS|PP755593.1|A/cattle/Texas/24-008749-003/2024(H5N1)	661	41952
NS|PP755593.1|A/cattle/Texas/24-008749-003/2024(H5N1)	662	41637
NS|PP755593.1|A/cattle/Texas/24-008749-003/2024(H5N1)	663	41830
NS|PP755593.1|A/cattle/Texas/24-008749-003/2024(H5N1)	664	41976
NS|PP755593.1|A/cattle/Texas/24-008749-003/2024(H5N1)	665	42023
NS|PP755593.1|A/cattle/Texas/24-008749-003/2024(H5N1)	666	42138
NS|PP755593.1|A/cattle/Texas/24-008749-003/2024(H5N1)	667	43833
NS|PP755593.1|A/cattle/Texas/24-008749-003/2024(H5N1)	668	43529
NS|PP755593.1|A/cattle/Texas/24-008749-003/2024(H5N1)	669	43636
NS|PP755593.1|A/cattle/Texas/24-008749-003/2024(H5N1)	670	43453
NS|PP755593.1|A/cattle/Texas/24-008749-003/2024(H5N1)	671	44001
NS|PP755593.1|A/cattle/Texas/24-008749-003/2024(H5N1)	672	44329
NS|PP755593.1|A/cattle/Texas/24-008749-003/2024(H5N1)	673	44288
NS|PP755593.1|A/cattle/Texas/24-008749-003/2024(H5N1)	674	44434
NS|PP755593.1|A/cattle/Texas/24-008749-003/2024(H5N1)	675	44197
NS|PP755593.1|A/cattle/Texas/24-008749-003/2024(H5N1)	676	44206
NS|PP755593.1|A/cattle/Texas/24-008749-003/2024(H5N1)	677	44258
NS|PP755593.1|A/cattle/Texas/24-008749-003/2024(H5N1)	678	43848
NS|PP755593.1|A/cattle/Texas/24-008749-003/2024(H5N1)	679	43845
NS|PP755593.1|A/cattle/Texas/24-008749-003/2024(H5N1)	680	42737
NS|PP755593.1|A/cattle/Texas/24-008749-003/2024(H5N1)	681	42383
NS|PP755593.1|A/cattle/Texas/24-008749-003/2024(H5N1)	682	42943
NS|PP755593.1|A/cattle/Texas/24-008749-003/2024(H5N1)	683	42455
NS|PP755593.1|A/cattle/Texas/24-008749-003/2024(H5N1)	684	42408
NS|PP755593.1|A/cattle/Texas/24-008749-003/2024(H5N1)	685	42418
NS|PP755593.1|A/cattle/Texas/24-008749-003/2024(H5N1)	686	42507
NS|PP755593.1|A/cattle/Texas/24-008749-003/2024(H5N1)	687	42542
NS|PP755593.1|A/cattle/Texas/24-008749-003/2024(H5N1)	688	42525
NS|PP755593.1|A/cattle/Texas/24-008749-003/2024(H5N1)	689	42014
NS|PP755593.1|A/cattle/Texas/24-008749-003/2024(H5N1)	690	42019
NS|PP755593.1|A/cattle/Texas/24-008749-003/2024(H5N1)	691	41502
NS|PP755593.1|A/cattle/Texas/24-008749-003/2024(H5N1)	692	41483
NS|PP755593.1|A/cattle/Texas/24-008749-003/2024(H5N1)	693	41381
NS|PP755593.1|A/cattle/Texas/24-008749-003/2024(H5N1)	694	40858
NS|PP755593.1|A/cattle/Texas/24-008749-003/2024(H5N1)	695	41195
NS|PP755593.1|A/cattle/Texas/24-008749-003/2024(H5N1)	696	41006
NS|PP755593.1|A/cattle/Texas/24-008749-003/2024(H5N1)	697	40917
NS|PP755593.1|A/cattle/Texas/24-008749-003/2024(H5N1)	698	40924
NS|PP755593.1|A/cattle/Texas/24-008749-003/2024(H5N1)	699	41242
NS|PP755593.1|A/cattle/Texas/24-008749-003/2024(H5N1)	700	41258
NS|PP755593.1|A/cattle/Texas/24-008749-003/2024(H5N1)	701	41138
NS|PP755593.1|A/cattle/Texas/24-008749-003/2024(H5N1)	702	40205
NS|PP755593.1|A/cattle/Texas/24-008749-003/2024(H5N1)	703	40298
NS|PP755593.1|A/cattle/Texas/24-008749-003/2024(H5N1)	704	39182
NS|PP755593.1|A/cattle/Texas/24-008749-003/2024(H5N1)	705	39111
NS|PP755593.1|A/cattle/Texas/24-008749-003/2024(H5N1)	706	39118
NS|PP755593.1|A/cattle/Texas/24-008749-003/2024(H5N1)	707	39018
NS|PP755593.1|A/cattle/Texas/24-008749-003/2024(H5N1)	708	38951
NS|PP755593.1|A/cattle/Texas/24-008749-003/2024(H5N1)	709	39255
NS|PP755593.1|A/cattle/Texas/24-008749-003/2024(H5N1)	710	41316
NS|PP755593.1|A/cattle/Texas/24-008749-003/2024(H5N1)	711	41418
NS|PP755593.1|A/cattle/Texas/24-008749-003/2024(H5N1)	712	41340
NS|PP755593.1|A/cattle/Texas/24-008749-003/2024(H5N1)	713	41373
NS|PP755593.1|A/cattle/Texas/24-008749-003/2024(H5N1)	714	48559
NS|PP755593.1|A/cattle/Texas/24-008749-003/2024(H5N1)	715	46544
NS|PP755593.1|A/cattle/Texas/24-008749-003/2024(H5N1)	716	46274
NS|PP755593.1|A/cattle/Texas/24-008749-003/2024(H5N1)	717	46940
NS|PP755593.1|A/cattle/Texas/24-008749-003/2024(H5N1)	718	45863
NS|PP755593.1|A/cattle/Texas/24-008749-003/2024(H5N1)	719	46616
NS|PP755593.1|A/cattle/Texas/24-008749-003/2024(H5N1)	720	46914
NS|PP755593.1|A/cattle/Texas/24-008749-003/2024(H5N1)	721	46897
NS|PP755593.1|A/cattle/Texas/24-008749-003/2024(H5N1)	722	46469
NS|PP755593.1|A/cattle/Texas/24-008749-003/2024(H5N1)	723	46457
NS|PP755593.1|A/cattle/Texas/24-008749-003/2024(H5N1)	724	46614
NS|PP755593.1|A/cattle/Texas/24-008749-003/2024(H5N1)	725	45854
NS|PP755593.1|A/cattle/Texas/24-008749-003/2024(H5N1)	726	45829
NS|PP755593.1|A/cattle/Texas/24-008749-003/2024(H5N1)	727	45831
NS|PP755593.1|A/cattle/Texas/24-008749-003/2024(H5N1)	728	43421
NS|PP755593.1|A/cattle/Texas/24-008749-003/2024(H5N1)	729	44031
NS|PP755593.1|A/cattle/Texas/24-008749-003/2024(H5N1)	730	43978
NS|PP755593.1|A/cattle/Texas/24-008749-003/2024(H5N1)	731	43610
NS|PP755593.1|A/cattle/Texas/24-008749-003/2024(H5N1)	732	43586
NS|PP755593.1|A/cattle/Texas/24-008749-003/2024(H5N1)	733	43073
NS|PP755593.1|A/cattle/Texas/24-008749-003/2024(H5N1)	734	43147
NS|PP755593.1|A/cattle/Texas/24-008749-003/2024(H5N1)	735	43104
NS|PP755593.1|A/cattle/Texas/24-008749-003/2024(H5N1)	736	43112
NS|PP755593.1|A/cattle/Texas/24-008749-003/2024(H5N1)	737	42996
NS|PP755593.1|A/cattle/Texas/24-008749-003/2024(H5N1)	738	40543
NS|PP755593.1|A/cattle/Texas/24-008749-003/2024(H5N1)	739	40036
NS|PP755593.1|A/cattle/Texas/24-008749-003/2024(H5N1)	740	39738
NS|PP755593.1|A/cattle/Texas/24-008749-003/2024(H5N1)	741	39713
NS|PP755593.1|A/cattle/Texas/24-008749-003/2024(H5N1)	742	39613
NS|PP755593.1|A/cattle/Texas/24-008749-003/2024(H5N1)	743	39537
NS|PP755593.1|A/cattle/Texas/24-008749-003/2024(H5N1)	744	39463
NS|PP755593.1|A/cattle/Texas/24-008749-003/2024(H5N1)	745	39425
NS|PP755593.1|A/cattle/Texas/24-008749-003/2024(H5N1)	746	39420
NS|PP755593.1|A/cattle/Texas/24-008749-003/2024(H5N1)	747	39406
NS|PP755593.1|A/cattle/Texas/24-008749-003/2024(H5N1)	748	39346
NS|PP755593.1|A/cattle/Texas/24-008749-003/2024(H5N1)	749	39278
NS|PP755593.1|A/cattle/Texas/24-008749-003/2024(H5N1)	750	39184
NS|PP755593.1|A/cattle/Texas/24-008749-003/2024(H5N1)	751	39039
NS|PP755593.1|A/cattle/Texas/24-008749-003/2024(H5N1)	752	38888
NS|PP755593.1|A/cattle/Texas/24-008749-003/2024(H5N1)	753	38883
NS|PP755593.1|A/cattle/Texas/24-008749-003/2024(H5N1)	754	38441
NS|PP755593.1|A/cattle/Texas/24-008749-003/2024(H5N1)	755	38406
NS|PP755593.1|A/cattle/Texas/24-008749-003/2024(H5N1)	756	38390
NS|PP755593.1|A/cattle/Texas/24-008749-003/2024(H5N1)	757	38388
NS|PP755593.1|A/cattle/Texas/24-008749-003/2024(H5N1)	758	38371
NS|PP755593.1|A/cattle/Texas/24-008749-003/2024(H5N1)	759	38026
NS|PP755593.1|A/cattle/Texas/24-008749-003/2024(H5N1)	760	37848
NS|PP755593.1|A/cattle/Texas/24-008749-003/2024(H5N1)	761	37842
NS|PP755593.1|A/cattle/Texas/24-008749-003/2024(H5N1)	762	37847
NS|PP755593.1|A/cattle/Texas/24-008749-003/2024(H5N1)	763	37787
NS|PP755593.1|A/cattle/Texas/24-008749-003/2024(H5N1)	764	37763
NS|PP755593.1|A/cattle/Texas/24-008749-003/2024(H5N1)	765	37433
NS|PP755593.1|A/cattle/Texas/24-008749-003/2024(H5N1)	766	37402
NS|PP755593.1|A/cattle/Texas/24-008749-003/2024(H5N1)	767	37186
NS|PP755593.1|A/cattle/Texas/24-008749-003/2024(H5N1)	768	36182
NS|PP755593.1|A/cattle/Texas/24-008749-003/2024(H5N1)	769	35884
NS|PP755593.1|A/cattle/Texas/24-008749-003/2024(H5N1)	770	35839
NS|PP755593.1|A/cattle/Texas/24-008749-003/2024(H5N1)	771	35801
NS|PP755593.1|A/cattle/Texas/24-008749-003/2024(H5N1)	772	35798
NS|PP755593.1|A/cattle/Texas/24-008749-003/2024(H5N1)	773	35575
NS|PP755593.1|A/cattle/Texas/24-008749-003/2024(H5N1)	774	34287
NS|PP755593.1|A/cattle/Texas/24-008749-003/2024(H5N1)	775	33645
NS|PP755593.1|A/cattle/Texas/24-008749-003/2024(H5N1)	776	33612
NS|PP755593.1|A/cattle/Texas/24-008749-003/2024(H5N1)	777	33753
NS|PP755593.1|A/cattle/Texas/24-008749-003/2024(H5N1)	778	33525
NS|PP755593.1|A/cattle/Texas/24-008749-003/2024(H5N1)	779	32957
NS|PP755593.1|A/cattle/Texas/24-008749-003/2024(H5N1)	780	33007
NS|PP755593.1|A/cattle/Texas/24-008749-003/2024(H5N1)	781	32998
NS|PP755593.1|A/cattle/Texas/24-008749-003/2024(H5N1)	782	32896
NS|PP755593.1|A/cattle/Texas/24-008749-003/2024(H5N1)	783	32874
NS|PP755593.1|A/cattle/Texas/24-008749-003/2024(H5N1)	784	32773
NS|PP755593.1|A/cattle/Texas/24-008749-003/2024(H5N1)	785	31213
NS|PP755593.1|A/cattle/Texas/24-008749-003/2024(H5N1)	786	27760
NS|PP755593.1|A/cattle/Texas/24-008749-003/2024(H5N1)	787	27713
NS|PP755593.1|A/cattle/Texas/24-008749-003/2024(H5N1)	788	27556
NS|PP755593.1|A/cattle/Texas/24-008749-003/2024(H5N1)	789	26437
NS|PP755593.1|A/cattle/Texas/24-008749-003/2024(H5N1)	790	26525
NS|PP755593.1|A/cattle/Texas/24-008749-003/2024(H5N1)	791	25714
NS|PP755593.1|A/cattle/Texas/24-008749-003/2024(H5N1)	792	25698
NS|PP755593.1|A/cattle/Texas/24-008749-003/2024(H5N1)	793	25622
NS|PP755593.1|A/cattle/Texas/24-008749-003/2024(H5N1)	794	25353
NS|PP755593.1|A/cattle/Texas/24-008749-003/2024(H5N1)	795	24788
NS|PP755593.1|A/cattle/Texas/24-008749-003/2024(H5N1)	796	24765
NS|PP755593.1|A/cattle/Texas/24-008749-003/2024(H5N1)	797	24767
NS|PP755593.1|A/cattle/Texas/24-008749-003/2024(H5N1)	798	24644
NS|PP755593.1|A/cattle/Texas/24-008749-003/2024(H5N1)	799	23119
NS|PP755593.1|A/cattle/Texas/24-008749-003/2024(H5N1)	800	23164
NS|PP755593.1|A/cattle/Texas/24-008749-003/2024(H5N1)	801	23106
NS|PP755593.1|A/cattle/Texas/24-008749-003/2024(H5N1)	802	23096
NS|PP755593.1|A/cattle/Texas/24-008749-003/2024(H5N1)	803	22967
NS|PP755593.1|A/cattle/Texas/24-008749-003/2024(H5N1)	804	22567
NS|PP755593.1|A/cattle/Texas/24-008749-003/2024(H5N1)	805	22569
NS|PP755593.1|A/cattle/Texas/24-008749-003/2024(H5N1)	806	22551
NS|PP755593.1|A/cattle/Texas/24-008749-003/2024(H5N1)	807	22458
NS|PP755593.1|A/cattle/Texas/24-008749-003/2024(H5N1)	808	22504
NS|PP755593.1|A/cattle/Texas/24-008749-003/2024(H5N1)	809	21078
NS|PP755593.1|A/cattle/Texas/24-008749-003/2024(H5N1)	810	21019
NS|PP755593.1|A/cattle/Texas/24-008749-003/2024(H5N1)	811	20928
NS|PP755593.1|A/cattle/Texas/24-008749-003/2024(H5N1)	812	20883
NS|PP755593.1|A/cattle/Texas/24-008749-003/2024(H5N1)	813	20892
NS|PP755593.1|A/cattle/Texas/24-008749-003/2024(H5N1)	814	20644
NS|PP755593.1|A/cattle/Texas/24-008749-003/2024(H5N1)	815	20503
NS|PP755593.1|A/cattle/Texas/24-008749-003/2024(H5N1)	816	20360
NS|PP755593.1|A/cattle/Texas/24-008749-003/2024(H5N1)	817	18299
NS|PP755593.1|A/cattle/Texas/24-008749-003/2024(H5N1)	818	18269
NS|PP755593.1|A/cattle/Texas/24-008749-003/2024(H5N1)	819	18268
NS|PP755593.1|A/cattle/Texas/24-008749-003/2024(H5N1)	820	17885
NS|PP755593.1|A/cattle/Texas/24-008749-003/2024(H5N1)	821	17883
NS|PP755593.1|A/cattle/Texas/24-008749-003/2024(H5N1)	822	17506
NS|PP755593.1|A/cattle/Texas/24-008749-003/2024(H5N1)	823	17477
NS|PP755593.1|A/cattle/Texas/24-008749-003/2024(H5N1)	824	17350
NS|PP755593.1|A/cattle/Texas/24-008749-003/2024(H5N1)	825	17253
NS|PP755593.1|A/cattle/Texas/24-008749-003/2024(H5N1)	826	17245
NS|PP755593.1|A/cattle/Texas/24-008749-003/2024(H5N1)	827	17220
NS|PP755593.1|A/cattle/Texas/24-008749-003/2024(H5N1)	828	17151
NS|PP755593.1|A/cattle/Texas/24-008749-003/2024(H5N1)	829	17150
NS|PP755593.1|A/cattle/Texas/24-008749-003/2024(H5N1)	830	17013
NS|PP755593.1|A/cattle/Texas/24-008749-003/2024(H5N1)	831	16536
NS|PP755593.1|A/cattle/Texas/24-008749-003/2024(H5N1)	832	16467
NS|PP755593.1|A/cattle/Texas/24-008749-003/2024(H5N1)	833	16229
NS|PP755593.1|A/cattle/Texas/24-008749-003/2024(H5N1)	834	16199
NS|PP755593.1|A/cattle/Texas/24-008749-003/2024(H5N1)	835	16149
NS|PP755593.1|A/cattle/Texas/24-008749-003/2024(H5N1)	836	16007
NS|PP755593.1|A/cattle/Texas/24-008749-003/2024(H5N1)	837	15855
NS|PP755593.1|A/cattle/Texas/24-008749-003/2024(H5N1)	838	15596
